lang,label,sentence
en,ocp:play,what's on the album {album_name}
en,ocp:play,play {album_name}
en,ocp:play,play the album {album_name}
en,ocp:play,start from the beginning of {album_name}
en,ocp:play,listen to all songs from {album_name}
en,ocp:play,blast the album {album_name}
en,ocp:play,can you play every song from {album_name}
en,ocp:play,let's start the album {album_name}
en,ocp:play,queue up the album {album_name}
en,ocp:play,listen to {album_name} from start to finish
en,ocp:play,play {album_name} the whole thing
en,ocp:play,i'd like to hear {album_name}
en,ocp:play,queue up the entire {album_name} record
en,ocp:play,queue {album_name}
en,ocp:play,give me the full album {album_name}
en,ocp:play,can you play {album_name}
en,ocp:play,play the full {album_name} album
en,ocp:play,start listening to {album_name}
en,ocp:play,play the full album {album_name}
en,ocp:play,play tracks from {album_name}
en,ocp:play,stream the entire album {album_name}
en,ocp:play,put on the album {album_name}
en,ocp:play,let's start playing {album_name}
en,ocp:play,put on {album_name} now
en,ocp:play,give me the album {album_name}
en,ocp:play,i want to listen to {album_name}
en,ocp:play,make a playlist for {album_name} album
en,ocp:play,spin {album_name}
en,ocp:play,play the album {album_name} in its entirety
en,ocp:play,fire up {album_name}
en,ocp:play,can you play the album {album_name} front to back
en,ocp:play,start the record {album_name}
en,ocp:play,load up the album {album_name}
en,ocp:play,can i hear the full album {album_name}
en,ocp:play,start album mode with {album_name}
en,ocp:play,play songs from {album_name} in order
en,ocp:play,queue up {album_name}'s tracks
en,ocp:play,play everything from {album_name}
en,ocp:play,can you play the whole {album_name} album
en,ocp:play,let's listen to {album_name}
en,ocp:play,start with {album_name}
en,ocp:play,i want to hear all tracks from {album_name}
en,ocp:play,can you play {album_name} from {artist_name}
en,ocp:play,queue the record {album_name} by {artist_name}
en,ocp:play,i'd love to listen to {album_name} from {artist_name}
en,ocp:play,spin {album_name} by {artist_name}
en,ocp:play,put on the album {album_name} by {artist_name}
en,ocp:play,put on {album_name} by {artist_name} right now
en,ocp:play,play every track from {album_name} by {artist_name}
en,ocp:play,play the album {album_name} by {artist_name}
en,ocp:play,play {album_name} by {artist_name}
en,ocp:play,add the album {album_name} by {artist_name} to my playlist
en,ocp:play,get the full {album_name} album by {artist_name} started
en,ocp:play,put on all songs from {album_name} by {artist_name}
en,ocp:play,play {artist_name}'s full album {album_name}
en,ocp:play,can you find {album_name} by {artist_name} for me
en,ocp:play,let’s listen to {album_name} by {artist_name}
en,ocp:play,start with {album_name} by {artist_name}
en,ocp:play,play the full {album_name} album by {artist_name}
en,ocp:play,fire up the album {album_name} by {artist_name}
en,ocp:play,can you play {artist_name}'s album {album_name}
en,ocp:play,play everything from {album_name} by {artist_name}
en,ocp:play,can i listen to the album {album_name} from {artist_name}
en,ocp:play,can you stream {album_name} by {artist_name}
en,ocp:play,play the album {album_name} by {artist_name} now
en,ocp:play,i'd like to listen to {album_name} from {artist_name}
en,ocp:play,start playing {album_name} by {artist_name}
en,ocp:play,queue {album_name} by {artist_name}
en,ocp:play,listen to the album {album_name} from {artist_name}
en,ocp:play,start album {album_name} by {artist_name} now
en,ocp:play,play {album_name} the album by {artist_name}
en,ocp:play,i'd like to hear {album_name} by {artist_name}
en,ocp:play,make a playlist for {album_name} by {artist_name}
en,ocp:play,queue {album_name} from {artist_name}
en,ocp:play,i’d like to hear the full record {album_name} from {artist_name}
en,ocp:play,listen to {artist_name}'s {album_name}
en,ocp:play,get me {album_name} by {artist_name}
en,ocp:play,let me hear {artist_name}
en,ocp:play,show me music by {artist_name}
en,ocp:play,queue {artist_name}'s newest album
en,ocp:play,could you put on {artist_name} for a while
en,ocp:play,start streaming {artist_name}
en,ocp:play,i’m in the mood for {artist_name}
en,ocp:play,play {artist_name}'s greatest hits
en,ocp:play,can you play something by {artist_name}
en,ocp:play,can you play music by {artist_name}
en,ocp:play,i want to hear {artist_name} right now
en,ocp:play,start playing {artist_name}
en,ocp:play,let's go with {artist_name} for now
en,ocp:play,drop me some {artist_name} jams
en,ocp:play,what's playing by {artist_name}
en,ocp:play,play me something from {artist_name}
en,ocp:play,get {artist_name} going
en,ocp:play,let's get some {artist_name} going
en,ocp:play,how about a {artist_name} song right now
en,ocp:play,give me a random song by {artist_name}
en,ocp:play,spin some {artist_name}
en,ocp:play,hit me with some {artist_name}
en,ocp:play,can i get a {artist_name} song
en,ocp:play,start a {artist_name} mix
en,ocp:play,find tracks by {artist_name}
en,ocp:play,start a {artist_name} playlist
en,ocp:play,do you have anything by {artist_name}
en,ocp:play,play a song from {artist_name} for me
en,ocp:play,play music from {artist_name}
en,ocp:play,give me tracks from {artist_name}
en,ocp:play,how about {artist_name} in the background
en,ocp:play,can you load up a {artist_name} playlist
en,ocp:play,i feel like listening to {artist_name}
en,ocp:play,play whatever you have by {artist_name}
en,ocp:play,fire up {artist_name}'s tunes
en,ocp:play,give me a few tracks from {artist_name}
en,ocp:play,i'd like to listen to {artist_name}
en,ocp:play,can you play some {artist_name}
en,ocp:play,get me {artist_name}'s songs right now
en,ocp:play,put on a track by {artist_name}
en,ocp:play,let’s hear a couple of {artist_name}'s songs
en,ocp:play,can you queue up some {artist_name}
en,ocp:play,give me {artist_name}'s music
en,ocp:play,queue up {artist_name}
en,ocp:play,put on a playlist of {artist_name}
en,ocp:play,play a random song by {artist_name}
en,ocp:play,let's hear the best of {artist_name}
en,ocp:play,play something random by {artist_name}
en,ocp:play,put on {artist_name} tunes
en,ocp:play,what songs do you have by {artist_name}
en,ocp:play,i want to listen to {artist_name}'s discography
en,ocp:play,drop some {artist_name} songs
en,ocp:play,play {artist_name}
en,ocp:play,give me some {artist_name} tracks
en,ocp:play,blast some {artist_name}
en,ocp:play,i'd like to hear {artist_name}
en,ocp:play,put {artist_name}'s best songs on
en,ocp:play,give me a playlist of {artist_name}'s music
en,ocp:play,i want to hear {artist_name}
en,ocp:play,play some tracks by {artist_name}
en,ocp:play,start {artist_name} playlist
en,ocp:play,i'd love to listen to {artist_name}
en,ocp:play,can you put on {artist_name} for me
en,ocp:play,can i get some {artist_name} right now
en,ocp:play,load up {artist_name}'s songs
en,ocp:play,can you play some hits from {artist_name}
en,ocp:play,start playing a {artist_name} track
en,ocp:play,put {artist_name} on
en,ocp:play,fire up some {artist_name}
en,ocp:play,let me hear a random {artist_name} song
en,ocp:play,i need some {artist_name} music right now
en,ocp:play,bring on the {artist_name} vibes
en,ocp:play,can i hear {artist_name} please
en,ocp:play,queue up {artist_name}'s tracks
en,ocp:play,how about we listen to {artist_name} today
en,ocp:play,queue up {artist_name}'s top songs
en,ocp:play,how about some {artist_name} music
en,ocp:play,stream {artist_name} for me
en,ocp:play,shuffle songs from {artist_name}
en,ocp:play,play the latest album from {artist_name}
en,ocp:play,start some {artist_name} for me
en,ocp:play,how about some {artist_name}
en,ocp:play,queue music by {artist_name}
en,ocp:play,play {artist_name}'s top hits
en,ocp:play,let's listen to {artist_name}
en,ocp:play,i’m in the mood for {artist_name}'s music
en,ocp:play,put on {artist_name}'s latest tracks
en,ocp:play,i'd like to hear some {artist_name} tracks
en,ocp:play,start with {artist_name}
en,ocp:play,get me {artist_name} music
en,ocp:play,play a mix of {artist_name} songs
en,ocp:play,can you play {artist_name}'s latest album
en,ocp:play,i'd love to hear a song by {artist_name}
en,ocp:play,let's get {artist_name} started
en,ocp:play,put on some {artist_name}
en,ocp:play,play songs by {artist_name}
en,ocp:play,start {artist_name} from {country} right now
en,ocp:play,how about some {artist_name} based in {country}
en,ocp:play,bring up {artist_name}'s hits from {country}
en,ocp:play,play {artist_name}'s tracks from {country}
en,ocp:play,load up {artist_name} from {country}
en,ocp:play,queue some {artist_name} tracks from {country}
en,ocp:play,i want some {artist_name} music from {country}
en,ocp:play,make a playlist for {artist_name} from {country}
en,ocp:play,can you find {artist_name} from {country} for me?
en,ocp:play,play the music of {artist_name} from {country}
en,ocp:play,i'd love to hear {artist_name} from {country}
en,ocp:play,start playing {artist_name} from {country}
en,ocp:play,play {artist_name} from {country}
en,ocp:play,put on music by {artist_name} from {country}
en,ocp:play,i want to hear {artist_name} from {country}
en,ocp:play,play songs by {artist_name} who is from {country}
en,ocp:play,play tunes from {artist_name} who hails from {country}
en,ocp:play,give me {artist_name}'s music from {country}
en,ocp:play,let’s vibe to {artist_name} out of {country}
en,ocp:play,spin some tracks by {artist_name} from {country}
en,ocp:play,let's listen to {artist_name} from {country}
en,ocp:play,queue up {artist_name} from {country}
en,ocp:play,play {artist_name}'s songs from {country}
en,ocp:play,get me music by {artist_name} they're from {country}
en,ocp:play,play {artist_name} a band from {country}
en,ocp:play,fire up music by {artist_name} from {country}
en,ocp:play,show me {artist_name} from {country}
en,ocp:play,can you play {artist_name} from {country}?
en,ocp:play,play {artist_name} from {location}
en,ocp:play,put on music by {artist_name} from {location}
en,ocp:play,i want to hear {artist_name} from {location}
en,ocp:play,i want some {artist_name} music from {location}
en,ocp:play,play {artist_name} a band from {location}
en,ocp:play,let's listen to {artist_name} from {location}
en,ocp:play,play songs by {artist_name} who is from {location}
en,ocp:play,queue up {artist_name} from {location}
en,ocp:play,play the music of {artist_name} from {location}
en,ocp:play,start {artist_name} from {location} right now
en,ocp:play,play {artist_name}'s songs from {location}
en,ocp:play,play {artist_name}'s tracks from {location}
en,ocp:play,give me {artist_name}'s music from {location}
en,ocp:play,can you find {artist_name} from {location} for me?
en,ocp:play,can you play {artist_name} from {location}?
en,ocp:play,show me {artist_name} from {location}
en,ocp:play,start playing {artist_name} from {location}
en,ocp:play,give me {artist_name}'s songs from {location} in {country}
en,ocp:play,start playing {artist_name} from {location} in {country}
en,ocp:play,let's vibe to {artist_name} from {location} {country}
en,ocp:play,bring up {artist_name}'s hits out of {location} in {country}
en,ocp:play,play {artist_name} from {location} in {country}
en,ocp:play,queue up {artist_name} from {location} in {country}
en,ocp:play,play songs by {artist_name} who is from {location} in {country}
en,ocp:play,spin some tracks by {artist_name} from {location} {country}
en,ocp:play,let's listen to {artist_name} from {location} in {country}
en,ocp:play,get me music by {artist_name} they’re from {location} in {country}
en,ocp:play,can you find {artist_name} from {location} in {country} for me?
en,ocp:play,play {artist_name}'s songs from {location} in {country}
en,ocp:play,show me {artist_name} from {location} in {country}
en,ocp:play,play {artist_name} a band from {location} in {country}
en,ocp:play,can you play {artist_name} from {location} in {country}?
en,ocp:play,start {artist_name} from {location} in {country} right now
en,ocp:play,play {artist_name}'s tracks from {location} in {country}
en,ocp:play,i want to hear {artist_name} from {location} in {country}
en,ocp:play,i want some {artist_name} music from {location} in {country}
en,ocp:play,put on music by {artist_name} from {location} in {country}
en,ocp:play,play something by {artist_name} from {location} in {country}
en,ocp:play,fire up tracks from {artist_name} in {location} {country}
en,ocp:play,how about some {artist_name} coming out of {location} in {country}
en,ocp:play,play the music of {artist_name} from {location} in {country}
en,ocp:play,queue up {artist_name} who’s based in {location} in {country}
en,ocp:play,i'd love to hear {artist_name} out of {location} in {country}
en,ocp:play,give me {artist_name}'s music from {location} in {country}
en,ocp:play,put on some {music_genre} music
en,ocp:play,give me {music_genre} tracks
en,ocp:play,play {music_genre} all day
en,ocp:play,can you play {music_genre} tracks
en,ocp:play,i want to listen to {music_genre}
en,ocp:play,start with some {music_genre}
en,ocp:play,get me in the mood with {music_genre} music
en,ocp:play,get me in the mood with {music_genre} songs
en,ocp:play,put on some {music_genre}
en,ocp:play,let's listen to {music_genre} tunes
en,ocp:play,start playing {music_genre} now
en,ocp:play,i'd love to hear {music_genre} right now
en,ocp:play,can i hear {music_genre} songs
en,ocp:play,i'd love some {music_genre}
en,ocp:play,let's hear some {music_genre} music
en,ocp:play,blast some {music_genre} right now
en,ocp:play,play {music_genre}
en,ocp:play,i'd love some {music_genre} songs
en,ocp:play,can i hear {music_genre} music
en,ocp:play,queue up {music_genre} for me
en,ocp:play,shuffle some {music_genre} tracks
en,ocp:play,put {music_genre} on the speakers
en,ocp:play,give me {music_genre} music
en,ocp:play,i'd like to hear some {music_genre}
en,ocp:play,play some classic {music_genre}
en,ocp:play,let’s spin a few {music_genre} songs
en,ocp:play,queue up some {music_genre} music
en,ocp:play,let's hear some {music_genre}
en,ocp:play,get me in the mood with {music_genre}
en,ocp:play,play some {music_genre} music
en,ocp:play,how about some {music_genre} music
en,ocp:play,make a playlist for {music_genre}
en,ocp:play,i feel like hearing some {music_genre}
en,ocp:play,play {music_genre} music
en,ocp:play,i'd love some {music_genre} music
en,ocp:play,queue {music_genre} songs for me
en,ocp:play,play {music_genre} songs
en,ocp:play,set the mood with some {music_genre}
en,ocp:play,let’s vibe to some {music_genre}
en,ocp:play,can i hear {music_genre} right now
en,ocp:play,turn on some {music_genre} jams
en,ocp:play,play me something {music_genre} songs
en,ocp:play,queue up some {music_genre}
en,ocp:play,bring on the {music_genre}
en,ocp:play,play me something {music_genre} music
en,ocp:play,queue up some {music_genre} songs
en,ocp:play,can you play {music_genre}
en,ocp:play,let's hear some {music_genre} songs
en,ocp:play,i want to listen to {music_genre} songs
en,ocp:play,i want to listen to {music_genre} music
en,ocp:play,can you queue some {music_genre} up
en,ocp:play,drop some {music_genre} beats
en,ocp:play,could you play some {music_genre} for me
en,ocp:play,play me something {music_genre}
en,ocp:play,i'm in the mood for {music_genre}
en,ocp:play,put on some {music_genre} songs
en,ocp:play,play a {music_genre} playlist
en,ocp:play,put on some {music_genre} hits
en,ocp:play,how about jamming to some {music_genre}
en,ocp:play,fire up some {music_genre}
en,ocp:play,spin some {music_genre}
en,ocp:play,i'd like to listen to the album {album_name} from the {music_genre} genre
en,ocp:play,can you play the album {album_name} in the {music_genre} genre?
en,ocp:play,play the album {album_name} from the {music_genre} genre
en,ocp:play,play {album_name} from the {music_genre} genre
en,ocp:play,put on the album {album_name} from the {music_genre} genre
en,ocp:play,put on the album {album_name} from {country} in the {music_genre} genre
en,ocp:play,i'd like to hear the album {album_name} from {country} in the {music_genre} genre
en,ocp:play,can you play the album {album_name} from {country} in the {music_genre} genre?
en,ocp:play,play the album {album_name} from {country} in the {music_genre} genre
en,ocp:play,queue the album {album_name} from {country} in the {music_genre} genre
en,ocp:play,play a {music_genre} playlist with {artist_name}
en,ocp:play,turn on {music_genre} music by {artist_name}
en,ocp:play,kick off some {music_genre} with {artist_name}
en,ocp:play,play {music_genre} from {artist_name}
en,ocp:play,start some {artist_name} in the {music_genre} vibe
en,ocp:play,let's listen to some {artist_name} {music_genre} bangers
en,ocp:play,play {music_genre} by {artist_name}
en,ocp:play,play some {music_genre} from {artist_name}
en,ocp:play,make a playlist for {music_genre} from {artist_name}
en,ocp:play,i want to hear {music_genre} from {artist_name}
en,ocp:play,i’m in the mood for {music_genre} from {artist_name}
en,ocp:play,queue up some {music_genre} by {artist_name}
en,ocp:play,play something {music_genre} from {artist_name}
en,ocp:play,give me some {music_genre} by {artist_name}
en,ocp:play,give me a few {music_genre} tracks from {artist_name}
en,ocp:play,load some {music_genre} tunes from {artist_name}
en,ocp:play,drop a {music_genre} beat from {artist_name}
en,ocp:play,play some {music_genre} by {artist_name}
en,ocp:play,can you queue up {artist_name}'s best {music_genre}
en,ocp:play,bring up {music_genre} hits by {artist_name}
en,ocp:play,i’m feeling like some {music_genre} by {artist_name} today
en,ocp:play,i’d like some {music_genre} music by {artist_name}
en,ocp:play,put on some {music_genre} by {artist_name}
en,ocp:play,spin some {music_genre} by {artist_name}
en,ocp:play,let’s hear some {music_genre} from {artist_name}
en,ocp:play,play a mix of {music_genre} by {artist_name}
en,ocp:play,could you play {artist_name}'s {music_genre} songs
en,ocp:play,play a few {music_genre} tracks by {artist_name}
en,ocp:play,play {music_genre} by {artist_name} playlist
en,ocp:play,can you play some {music_genre} from {artist_name}
en,ocp:play,let’s jam to some {music_genre} by {artist_name}
en,ocp:play,how about some {music_genre} by {artist_name}
en,ocp:play,queue {artist_name} from {country} in the {music_genre} genre
en,ocp:play,i'd like to hear {artist_name} from {country} in the {music_genre} genre
en,ocp:play,play {artist_name} from {country} in the {music_genre} genre
en,ocp:play,put on {artist_name} from {country} in the {music_genre} genre
en,ocp:play,can you play {artist_name} from {country} in the {music_genre} genre?
en,ocp:play,queue {track_name} by {artist_name} from the {music_genre} genre
en,ocp:play,play {track_name} by {artist_name} in the {music_genre} genre
en,ocp:play,i'd like to hear {track_name} by {artist_name} from the {music_genre} genre
en,ocp:play,put on {track_name} by {artist_name} in the {music_genre} genre
en,ocp:play,can you play {track_name} by {artist_name} in the {music_genre} genre?
en,ocp:play,put on {track_name} by {artist_name} from {album_name} in the {music_genre} genre
en,ocp:play,play {track_name} by {artist_name} from the album {album_name} in the {music_genre} genre
en,ocp:play,can you play {track_name} by {artist_name} from {album_name} in the {music_genre} genre?
en,ocp:play,queue {track_name} by {artist_name} from {album_name} in the {music_genre} genre
en,ocp:play,i'd like to hear {track_name} by {artist_name} from the album {album_name} in the {music_genre} genre
en,ocp:play,queue {track_name} by {artist_name} from {country} in the {music_genre} genre
en,ocp:play,can you play {track_name} by {artist_name} from {country} in the {music_genre} genre?
en,ocp:play,play {track_name} by {artist_name} from {country} in the {music_genre} genre
en,ocp:play,put on {track_name} by {artist_name} from {country} in the {music_genre} genre
en,ocp:play,i'd like to hear {track_name} by {artist_name} from {country} in the {music_genre} genre
en,ocp:play,queue {music_genre} from {country} right now
en,ocp:play,play {music_genre} from {country} artists
en,ocp:play,let's hear {music_genre} music from {country}
en,ocp:play,i'd love to hear some {music_genre} from {country}
en,ocp:play,can you play {music_genre} by {country}'s best artists
en,ocp:play,start listening to {music_genre} from {country}
en,ocp:play,bring up a playlist of {music_genre} from {country}
en,ocp:play,put on some {country} {music_genre}
en,ocp:play,get me in the mood with {music_genre} out of {country}
en,ocp:play,how about playing {music_genre} from {country}?
en,ocp:play,i'd like to explore {country}'s {music_genre} scene
en,ocp:play,play {music_genre} by {country}'s top artists
en,ocp:play,listen to {music_genre} artists from {country}
en,ocp:play,can you play {music_genre} by artists from {country}
en,ocp:play,make a playlist for {music_genre} from {country}
en,ocp:play,play {music_genre} from {country} right away
en,ocp:play,give me {music_genre} from {country}
en,ocp:play,queue {music_genre} from {country} for me
en,ocp:play,i’m feeling like {country} {music_genre} today
en,ocp:play,start some {music_genre} tracks from {country}
en,ocp:play,can you queue some {music_genre} by artists in {country}?
en,ocp:play,start a session of {music_genre} coming out of {country}
en,ocp:play,spin some {country} {music_genre} for me
en,ocp:play,give me {music_genre} music from {country}
en,ocp:play,explore {music_genre} from {country} with me
en,ocp:play,i want to hear {music_genre} from {country}
en,ocp:play,fire up {music_genre} from {country} musicians
en,ocp:play,queue up {music_genre} from {country}
en,ocp:play,play {music_genre} from {country}
en,ocp:play,bring up {music_genre} from {location} for me
en,ocp:play,give me some {location} {music_genre}
en,ocp:play,can you play {music_genre} from {location} musicians?
en,ocp:play,play local {music_genre} from {location}
en,ocp:play,i want to hear {music_genre} from {location}
en,ocp:play,put on {music_genre} from {location}
en,ocp:play,play {music_genre} from {location}
en,ocp:play,play {music_genre} by bands from {location}
en,ocp:play,can you play {music_genre} from {location}'s top musicians?
en,ocp:play,give me {music_genre} from {location} artists
en,ocp:play,listen to music from {location} in the genre {music_genre}
en,ocp:play,how about some {music_genre} from {location}?
en,ocp:play,queue up {music_genre} from {location}
en,ocp:play,queue up {music_genre} tracks from {location}
en,ocp:play,play {music_genre} from local artists in {location}
en,ocp:play,play some {music_genre} from {location}
en,ocp:play,play {music_genre} from {location} now
en,ocp:play,get me in the mood with {music_genre} from {location}
en,ocp:play,let's hear {music_genre} bands from {location}
en,ocp:play,can you find {music_genre} from {location}
en,ocp:play,i’m in the mood for {music_genre} from {location}
en,ocp:play,let's explore {music_genre} from {location}
en,ocp:play,play {music_genre} that talks about {theme}
en,ocp:play,put on {music_genre} songs about {theme}
en,ocp:play,queue up {music_genre} related to {theme} for me
en,ocp:play,play {music_genre} tracks that talk about {theme}
en,ocp:play,play {music_genre} with {theme} themes
en,ocp:play,play {music_genre} about {theme} right now
en,ocp:play,i want to hear {music_genre} songs that are about {theme}
en,ocp:play,play {music_genre} with lyrics about {theme}
en,ocp:play,i want to hear {music_genre} about {theme}
en,ocp:play,play me {music_genre} with {theme} lyrics
en,ocp:play,play {music_genre} songs about {theme}
en,ocp:play,give me {music_genre} songs themed around {theme}
en,ocp:play,can you play music about {theme} in the style of {music_genre}
en,ocp:play,can you find {music_genre} about {theme}
en,ocp:play,queue up some {music_genre} with {theme} in the lyrics
en,ocp:play,start some {music_genre} that talks about {theme}
en,ocp:play,let's hear {music_genre} about {theme}
en,ocp:play,give me some {music_genre} themed around {theme}
en,ocp:play,start playing {music_genre} themed around {theme}
en,ocp:play,queue up {music_genre} related to {theme}
en,ocp:play,make a {music_genre} playlist about {theme}
en,ocp:play,how about some {music_genre} with {theme} in the lyrics
en,ocp:play,i'd like to hear {theme} album {album_name} in the {music_genre} genre
en,ocp:play,put on {theme} album {album_name} in the {music_genre} genre
en,ocp:play,play {theme} album {album_name} in the {music_genre} genre
en,ocp:play,queue {theme} album {album_name} in the {music_genre} genre
en,ocp:play,can you play {theme} album {album_name} in the {music_genre} genre?
en,ocp:play,queue {theme} music by {artist_name} in the {music_genre} genre
en,ocp:play,can you play {theme} music by {artist_name} in the {music_genre} genre?
en,ocp:play,play {theme} music by {artist_name} in the {music_genre} genre
en,ocp:play,i'd like to hear {theme} music by {artist_name} in the {music_genre} genre
en,ocp:play,put on {theme} music by {artist_name} in the {music_genre} genre
en,ocp:play,play {theme} music from {country} in the {music_genre} genre
en,ocp:play,put on {theme} music from {country} in the {music_genre} genre
en,ocp:play,queue {theme} music from {country} in the {music_genre} genre
en,ocp:play,can you play {theme} music from {country} in the {music_genre} genre?
en,ocp:play,i'd like to hear {theme} music from {country} in the {music_genre} genre
en,ocp:play,i want to hear {track_name} from the {music_genre} genre
en,ocp:play,can you play {track_name} in the {music_genre} genre?
en,ocp:play,put on {track_name} from the {music_genre} genre
en,ocp:play,play the {track_name} from the {music_genre} genre
en,ocp:play,queue {track_name} from the {music_genre} genre
en,ocp:play,play {playlist_name}
en,ocp:play,play me tracks that are about {theme}
en,ocp:play,give me music about {theme}
en,ocp:play,listen to songs about {theme} coming
en,ocp:play,start playing music with {theme} lyrics
en,ocp:play,put on {theme}-related music
en,ocp:play,give me some {theme}-themed music
en,ocp:play,can you play music with {theme} themes
en,ocp:play,queue up music about {theme}
en,ocp:play,make a music playlist about {theme}
en,ocp:play,give me some {theme} themed tracks
en,ocp:play,how about some songs about {theme}
en,ocp:play,play tracks themed around {theme}
en,ocp:play,can you play songs about {theme}
en,ocp:play,i want to hear {theme}-based songs
en,ocp:play,play music with lyrics about {theme}
en,ocp:play,let's hear songs that talk about {theme}
en,ocp:play,play songs with {theme} as the theme
en,ocp:play,i want to hear songs about {theme}
en,ocp:play,play {theme}-themed tracks
en,ocp:play,queue up {theme}-themed music
en,ocp:play,start {theme}-based lyrics in music
en,ocp:play,play {theme}-based songs right now
en,ocp:play,put on music about {theme}
en,ocp:play,i want to hear songs about {theme} from {country}
en,ocp:play,put on songs about {theme} from {country}
en,ocp:play,can you play {theme}-themed music from {country}
en,ocp:play,let's hear songs about {theme} from {country}
en,ocp:play,how about some {theme} songs from {country}
en,ocp:play,give me some {theme}-themed music from {country}
en,ocp:play,start {theme}-based lyrics in music from {country}
en,ocp:play,i want to hear {theme}-based tracks from {country}
en,ocp:play,start playing {theme}-related music from {country}
en,ocp:play,give me {theme}-themed tracks from {country}
en,ocp:play,put a music playlist from {country} about {theme}
en,ocp:play,play songs from {country} about {theme}
en,ocp:play,queue up music from {country} that talks about {theme}
en,ocp:play,give me music from {country} about {theme}
en,ocp:play,play {theme}-themed music from {country}
en,ocp:play,play {theme}-themed tracks from {country} right now
en,ocp:play,play tracks themed around {theme} from {country}
en,ocp:play,put on {theme}-based songs from {country}
en,ocp:play,play me songs with {theme} lyrics from {country}
en,ocp:play,queue up {theme}-themed music from {country}
en,ocp:play,play music with lyrics about {theme} from {country}
en,ocp:play,can you play {theme} songs from {country}
en,ocp:play,listen to songs about {theme} coming from {country}
en,ocp:play,replay {track_name}
en,ocp:play,play {track_name}
en,ocp:play,add {track_name} to the queue
en,ocp:play,start with {track_name} now
en,ocp:play,fire up the track {track_name}
en,ocp:play,let's hear {track_name}
en,ocp:play,put on the track {track_name}
en,ocp:play,get me the track {track_name}
en,ocp:play,start playing {track_name} right now
en,ocp:play,put on the song {track_name} right now
en,ocp:play,let me hear {track_name}
en,ocp:play,can you play {track_name} for me now
en,ocp:play,start the song {track_name}
en,ocp:play,play me {track_name}
en,ocp:play,put on {track_name} for me
en,ocp:play,play {track_name} now
en,ocp:play,can you put on {track_name} for me
en,ocp:play,can you play {track_name}
en,ocp:play,let's start playing {track_name}
en,ocp:play,queue {track_name} for later
en,ocp:play,put on {track_name} i love that one
en,ocp:play,play {track_name} from the start
en,ocp:play,queue up {track_name}
en,ocp:play,can i listen to {track_name}
en,ocp:play,put {track_name} on
en,ocp:play,play {track_name} again
en,ocp:play,i feel like listening to {track_name}
en,ocp:play,replay {track_name} for me
en,ocp:play,give me {track_name}
en,ocp:play,listen to {track_name}
en,ocp:play,do you have {track_name} available?
en,ocp:play,play {track_name} next
en,ocp:play,let's start with {track_name}
en,ocp:play,play that hit {track_name}
en,ocp:play,i want to hear the song {track_name}
en,ocp:play,i'm in the mood for {track_name}
en,ocp:play,let's listen to {track_name}
en,ocp:play,queue {track_name} for now
en,ocp:play,spin {track_name}
en,ocp:play,i want to hear {track_name} next
en,ocp:play,play that one song {track_name}
en,ocp:play,can you play {track_name} for me?
en,ocp:play,queue up {track_name} please
en,ocp:play,stream {track_name} please
en,ocp:play,start playing {track_name}
en,ocp:play,i'd like to play {track_name}
en,ocp:play,fire up {track_name}
en,ocp:play,queue up {track_name} next
en,ocp:play,can i get {track_name} on
en,ocp:play,how about we listen to {track_name}
en,ocp:play,play the newest release {track_name}
en,ocp:play,i want to hear that {track_name} song
en,ocp:play,do you have the song called {track_name}
en,ocp:play,can you play {track_name} now
en,ocp:play,start playing {track_name} right away
en,ocp:play,get me the song {track_name}
en,ocp:play,let me hear {track_name} next
en,ocp:play,play {track_name} on loop
en,ocp:play,put {track_name} on loop
en,ocp:play,how about {track_name}?
en,ocp:play,can you play the song {track_name} again
en,ocp:play,queue up the track {track_name} for me
en,ocp:play,put on {track_name} now
en,ocp:play,blast {track_name}
en,ocp:play,play {track_name} from the top
en,ocp:play,play that track {track_name} again
en,ocp:play,put {track_name} in the queue
en,ocp:play,play the track titled {track_name}
en,ocp:play,get me that {track_name} song
en,ocp:play,play {track_name} as a repeat
en,ocp:play,start {track_name} over
en,ocp:play,spin {track_name} for me
en,ocp:play,let’s jam to {track_name}
en,ocp:play,i'd like to hear {track_name}
en,ocp:play,put {track_name} on repeat
en,ocp:play,give me {track_name} next
en,ocp:play,i'd love to hear {track_name}
en,ocp:play,play the song called {track_name}
en,ocp:play,queue {track_name}
en,ocp:play,i’m in the mood for {track_name}
en,ocp:play,play the latest song {track_name}
en,ocp:play,start with {track_name}
en,ocp:play,give me that {track_name} track
en,ocp:play,play the tune {track_name}
en,ocp:play,i want to hear {track_name}
en,ocp:play,queue {track_name} to play
en,ocp:play,do you have the song {track_name}
en,ocp:play,fire up {track_name} right away
en,ocp:play,i'd like to hear the track {track_name}
en,ocp:play,play the song {track_name}
en,ocp:play,play {track_name} for me please
en,ocp:play,get {track_name} on
en,ocp:play,hit me with {track_name}
en,ocp:play,can you play {track_name} on the album {album_name}
en,ocp:play,give me {track_name} from the album titled {album_name}
en,ocp:play,start with {track_name} off {album_name}
en,ocp:play,fire up {track_name} from {album_name}
en,ocp:play,can you play the track {track_name} from {album_name}?
en,ocp:play,start playing {track_name} from {album_name} for me
en,ocp:play,put on {track_name} from {album_name} now
en,ocp:play,i'd like to hear {track_name} from {album_name}
en,ocp:play,queue up {track_name} from {album_name} later
en,ocp:play,play {track_name} from {album_name}
en,ocp:play,queue {track_name} off of {album_name}
en,ocp:play,put {track_name} from {album_name} in the queue
en,ocp:play,add {track_name} from the album {album_name} to my list
en,ocp:play,give me the track {track_name} from {album_name}
en,ocp:play,queue the song {track_name} from the album {album_name}
en,ocp:play,spin {track_name} from {album_name}
en,ocp:play,play {track_name} from {album_name} right away
en,ocp:play,play {track_name} from the record {album_name}
en,ocp:play,play {track_name} from the album {album_name}
en,ocp:play,queue {track_name} from {album_name}
en,ocp:play,start {track_name} on the {album_name} album
en,ocp:play,play the song {track_name} off {album_name}
en,ocp:play,spin up {track_name} from {album_name}
en,ocp:play,can you play {track_name} off {album_name}
en,ocp:play,listen to {track_name} taken from {album_name}
en,ocp:play,play {track_name} taken from the album {album_name}
en,ocp:play,get the song {track_name} from {album_name}
en,ocp:play,start {track_name} from the record {album_name}
en,ocp:play,put on {track_name} from the album {album_name}
en,ocp:play,i'd love to hear {track_name} off {album_name}
en,ocp:play,play {track_name} from {album_name} now
en,ocp:play,let's play {track_name} from {album_name} together
en,ocp:play,can i hear {track_name} off the album {album_name}
en,ocp:play,can you play the song {track_name} from the record {album_name}
en,ocp:play,put on {track_name} off the album {album_name}
en,ocp:play,please play {track_name} off the {album_name} album by {artist_name}
en,ocp:play,add {track_name} by {artist_name} from {album_name} to the queue
en,ocp:play,play the track called {track_name} from the album {album_name} by {artist_name}
en,ocp:play,can you find {track_name} from {album_name} by {artist_name}
en,ocp:play,play {track_name} from {album_name} by {artist_name} next
en,ocp:play,i'd like {track_name} by {artist_name} from the {album_name} album
en,ocp:play,can you queue {track_name} from the album {album_name} by {artist_name}?
en,ocp:play,can you play me {track_name} from {album_name} by {artist_name}?
en,ocp:play,play {track_name} off the album {album_name} by {artist_name}
en,ocp:play,put on {track_name} by {artist_name} from {album_name}
en,ocp:play,get me the track {track_name} by {artist_name} from {album_name}
en,ocp:play,play {track_name} by {artist_name} from {album_name}
en,ocp:play,play {track_name} from the album {album_name} by {artist_name}
en,ocp:play,queue the song {track_name} by {artist_name} that's on {album_name}
en,ocp:play,start playing {track_name} from the album {album_name} by {artist_name}
en,ocp:play,give me {track_name} from the album {album_name} by {artist_name}
en,ocp:play,can you play {track_name} by {artist_name} off {album_name}
en,ocp:play,i'd like to hear {track_name} from {album_name} by {artist_name}
en,ocp:play,can we hear {track_name} by {artist_name} on {album_name}?
en,ocp:play,can you play {track_name} off {album_name} by {artist_name}?
en,ocp:play,spin {track_name} by {artist_name} on the album {album_name}
en,ocp:play,bring up {track_name} from {album_name} by {artist_name}
en,ocp:play,please play {track_name} it's on {album_name} by {artist_name}
en,ocp:play,start the song {track_name} by {artist_name} from the album {album_name}
en,ocp:play,queue {track_name} by {artist_name} from {album_name}
en,ocp:play,fire up {track_name} by {artist_name} from {album_name}
en,ocp:play,queue up {track_name} off of {album_name} by {artist_name}
en,ocp:play,queue up {track_name} by {artist_name} from {album_name}
en,ocp:play,can you play {track_name} by {artist_name} off the album {album_name}?
en,ocp:play,listen to {track_name} from {album_name} by {artist_name}
en,ocp:play,queue {track_name} from {album_name} by {artist_name}
en,ocp:play,play the song {track_name} from {album_name} by {artist_name}
en,ocp:play,queue up {track_name} from {album_name} by {artist_name}
en,ocp:play,play the song {track_name} by {artist_name} off {album_name}
en,ocp:play,play {track_name} from {album_name} by {artist_name}
en,ocp:play,i want to queue {track_name} by {artist_name} from the album {album_name}
en,ocp:play,i want to hear {track_name} from {album_name} by {artist_name}
en,ocp:play,i'd like to listen to {track_name} by {artist_name} it's on the album {album_name}
en,ocp:play,play me {track_name} by {artist_name} off of {album_name}
en,ocp:play,i'd really like to hear {track_name} from the album {album_name} by {artist_name}
en,ocp:play,could you play {track_name} by {artist_name} from their album {album_name}?
en,ocp:play,play {track_name} by {artist_name} from the album {album_name}
en,ocp:play,how about {track_name} by {artist_name} from {album_name}?
en,ocp:play,play {track_name} from {album_name} by {artist_name} now
en,ocp:play,can you play {track_name} from {album_name} by {artist_name}?
en,ocp:play,i'd love to hear {track_name} from {album_name} by {artist_name}
en,ocp:play,get {track_name} started from {album_name} it's by {artist_name}
en,ocp:play,get {track_name} by {artist_name} from the album called {album_name}
en,ocp:play,start {track_name} from {album_name} by {artist_name}
en,ocp:play,can you put on {track_name} by {artist_name} off the album {album_name}
en,ocp:play,play the track {track_name} from the {album_name} album by {artist_name}
en,ocp:play,i feel like hearing {track_name} from {album_name} by {artist_name}
en,ocp:play,i'd like you to play {track_name} by {artist_name} from {album_name}
en,ocp:play,put on the track {track_name} from {album_name} by {artist_name}
en,ocp:play,let's play {track_name} off of {album_name} by {artist_name}
en,ocp:play,put on {track_name} from {album_name} by {artist_name}
en,ocp:play,let's hear {track_name} from the album {album_name} by {artist_name}
en,ocp:play,how about {track_name} from the {album_name} album by {artist_name}
en,ocp:play,let's play {track_name} from the album {album_name} by {artist_name}
en,ocp:play,start playing {track_name} from {album_name} by {artist_name}
en,ocp:play,queue up {track_name} off {album_name} by {artist_name}
en,ocp:play,start playing {track_name} by {artist_name} from the album {album_name}
en,ocp:play,i want to hear {track_name} by {artist_name} from the album {album_name}
en,ocp:play,put {track_name} in the queue from the album {album_name} by {artist_name}
en,ocp:play,queue up {track_name} by {artist_name} now
en,ocp:play,fire up {artist_name}'s track {track_name}
en,ocp:play,get me {track_name} by {artist_name} now
en,ocp:play,play the latest {track_name} from {artist_name}
en,ocp:play,play the track {track_name} performed by {artist_name}
en,ocp:play,listen to {track_name} by {artist_name}
en,ocp:play,get me {track_name} by {artist_name}
en,ocp:play,start playing {track_name} by {artist_name}
en,ocp:play,can you start {track_name} by {artist_name}
en,ocp:play,i want to listen to {track_name} by {artist_name}
en,ocp:play,start {track_name} by {artist_name} now
en,ocp:play,put {track_name} by {artist_name} in the mix
en,ocp:play,can i listen to {track_name} by {artist_name}
en,ocp:play,play {track_name} by {artist_name} right away
en,ocp:play,get me {track_name} from {artist_name}
en,ocp:play,i want to hear {track_name} from {artist_name}
en,ocp:play,spin {track_name} by {artist_name}
en,ocp:play,can i hear {track_name} from {artist_name}
en,ocp:play,queue up {track_name} by {artist_name} next
en,ocp:play,put on {track_name} by {artist_name} for me
en,ocp:play,stream {track_name} from {artist_name}
en,ocp:play,i’d like to hear {track_name} by {artist_name}
en,ocp:play,get {track_name} from {artist_name} on now
en,ocp:play,give me {track_name} from {artist_name}
en,ocp:play,what about {track_name} by {artist_name}
en,ocp:play,fire up {artist_name}'s {track_name} track
en,ocp:play,put on {track_name} by {artist_name} now
en,ocp:play,start with {track_name} by {artist_name}
en,ocp:play,play that one {artist_name} track {track_name}
en,ocp:play,play the song {track_name} by {artist_name} from the latest album
en,ocp:play,start {track_name} by {artist_name} right now
en,ocp:play,i'd like to hear {track_name} by {artist_name}
en,ocp:play,play that {artist_name} track {track_name}
en,ocp:play,queue {track_name} by {artist_name} now
en,ocp:play,i feel like hearing {track_name} by {artist_name}
en,ocp:play,play {track_name} by {artist_name}
en,ocp:play,i want to hear {track_name} by {artist_name}
en,ocp:play,can you play {artist_name}'s {track_name}
en,ocp:play,play {track_name} by {artist_name} from their new album
en,ocp:play,can you play {track_name} by {artist_name} right now
en,ocp:play,fire up {track_name} by {artist_name}
en,ocp:play,queue {track_name} from {artist_name} for later
en,ocp:play,get {track_name} from {artist_name} on
en,ocp:play,get {artist_name}'s song {track_name} going
en,ocp:play,can you blast {track_name} by {artist_name}
en,ocp:play,play the song {track_name} from {artist_name}
en,ocp:play,put on {track_name} by {artist_name}
en,ocp:play,play {track_name} from {artist_name}'s latest release
en,ocp:play,queue {track_name} by {artist_name}
en,ocp:play,let's get {track_name} from {artist_name}
en,ocp:play,start streaming {track_name} by {artist_name}
en,ocp:play,play {track_name} from {artist_name}'s album
en,ocp:play,can you play {track_name} from {artist_name} now
en,ocp:play,let's start with {track_name} by {artist_name}
en,ocp:play,add {track_name} by {artist_name} to the queue
en,ocp:play,play the song {track_name} by {artist_name}
en,ocp:play,start playing {track_name} by {artist_name} right now
en,ocp:play,can you play {artist_name}'s {track_name} for me
en,ocp:play,play {track_name} by {artist_name} for me
en,ocp:play,i want to hear {artist_name}'s version of {track_name}
en,ocp:play,queue {track_name} from {artist_name}
en,ocp:play,play that {artist_name} song {track_name}
en,ocp:play,put {track_name} by {artist_name} in the queue
en,ocp:play,can you play {artist_name}'s {track_name} for me?
en,ocp:play,can you play {track_name} from {artist_name}
en,ocp:play,fire up that {track_name} by {artist_name}
en,ocp:play,queue up {track_name} from {artist_name}
en,ocp:play,queue the track {track_name} by {artist_name}
en,ocp:play,can you put on {track_name} by {artist_name}
en,ocp:play,how about {track_name} by {artist_name}
es,common_query:common_query,¿cuál es la velocidad de la luz en el vacío?
es,common_query:common_query,¿qué altura tiene la sagrada familia?
es,common_query:common_query,¿quién fue pablo picasso?
es,common_query:common_query,¿cuándo terminó la guerra civil española?
es,common_query:common_query,¿cómo se elaboran los quesos manchegos?
eu,common_query:common_query,zein da munduko handiena denbora-tartea?
eu,common_query:common_query,zein da bilboko guggenheim museoko altuera?
eu,common_query:common_query,nor da imanol harinordoqui?
eu,common_query:common_query,noiz gertatu zen gernikako bonbardaketa?
eu,common_query:common_query,nola egiten dira txakurrak?
pt,common_query:common_query,qual é a velocidade da luz no espaço?
pt,common_query:common_query,qual a altura do cristo redentor no rio?
pt,common_query:common_query,quem foi luís de camões?
pt,common_query:common_query,quando ocorreu o 25 de abril?
pt,common_query:common_query,como se produz o vinho do porto?
gl,common_query:common_query,cal é a velocidade da luz na auga?
gl,common_query:common_query,cal é a altura da torre de hércules?
gl,common_query:common_query,quen foi rosalía de castro?
gl,common_query:common_query,cando sucedeu a revolución industrial?
gl,common_query:common_query,como se fan as empanadas galegas?
en,common_query:common_query,what is the speed of sound in air?
en,common_query:common_query,how tall is the statue of liberty?
en,common_query:common_query,who was jane austen?
en,common_query:common_query,when did the american civil war start?
en,common_query:common_query,how are cheeses made?
da,common_query:common_query,hvad er hastigheden på vinden?
da,common_query:common_query,hvor høj er den lille havfrue?
da,common_query:common_query,hvem var hans christian andersen?
da,common_query:common_query,hvornår blev københavn grundlagt?
da,common_query:common_query,hvordan fremstilles dansk rugbrød?
nl,common_query:common_query,wat is de diepte van de noordzee?
nl,common_query:common_query,hoe hoog is de domtoren in utrecht?
nl,common_query:common_query,wie was vincent van gogh?
nl,common_query:common_query,wanneer vond de tachtigjarige oorlog plaats?
nl,common_query:common_query,hoe wordt stroopwafel gemaakt?
de,common_query:common_query,wie schnell fliegt ein wanderfalke?
de,common_query:common_query,wie hoch ist das brandenburger tor?
de,common_query:common_query,wer war johann sebastian bach?
de,common_query:common_query,wann begann die industrialisierung in deutschland?
de,common_query:common_query,wie wird deutsches bier gebraut?
fr,common_query:common_query,quelle est la vitesse moyenne d'un train à grande vitesse?
fr,common_query:common_query,quelle est la hauteur de la tour montparnasse?
fr,common_query:common_query,qui était victor hugo?
fr,common_query:common_query,quand a eu lieu la révolution française?
fr,common_query:common_query,comment fabrique-t-on le fromage roquefort?
it,common_query:common_query,qual è la velocità di una ferrari?
it,common_query:common_query,quanto è alta la torre di pisa?
it,common_query:common_query,chi era leonardo da vinci?
it,common_query:common_query,quando è stata unificata l'italia?
it,common_query:common_query,come si produce il parmigiano reggiano?
es,ovos-skill-wikipedia.openvoiceos:wiki.intent,busca en wikipedia sobre la fotosíntesis
es,ovos-skill-wikipedia.openvoiceos:wiki.intent,consulta en wikipedia la segunda guerra mundial
es,ovos-skill-ddg.openvoiceos:search_duck.intent,busca en duckduckgo leyes de privacidad en europa
es,ovos-skill-wolfie.openvoiceos:search_wolfie.intent,pregunta en wolfram alpha la población de méxico
es,ovos-skill-wikihow.openvoiceos:wikihow.intent,consulta en wikihow cómo atar una corbata
de,ovos-skill-wikipedia.openvoiceos:wiki.intent,suche in wikipedia nach fotosynthese
de,ovos-skill-wikipedia.openvoiceos:wiki.intent,schaue auf wikipedia den zweiten weltkrieg nach
de,ovos-skill-ddg.openvoiceos:search_duck.intent,suche auf duckduckgo nach den datenschutzgesetzen in europa
de,ovos-skill-wolfie.openvoiceos:search_wolfie.intent,frage wolfram alpha nach der bevölkerung von deutschland
de,ovos-skill-wikihow.openvoiceos:wikihow.intent,schaue auf wikihow wie man eine krawatte bindet
fr,ovos-skill-wikipedia.openvoiceos:wiki.intent,recherche sur wikipedia la photosynthèse
fr,ovos-skill-wikipedia.openvoiceos:wiki.intent,cherche sur wikipedia la seconde guerre mondiale
fr,ovos-skill-ddg.openvoiceos:search_duck.intent,cherche sur duckduckgo les lois sur la vie privée en europe
fr,ovos-skill-wolfie.openvoiceos:search_wolfie.intent,demande à wolfram alpha la population française
fr,ovos-skill-wikihow.openvoiceos:wikihow.intent,cherche sur wikihow comment faire un nœud de cravate
en,common_query:common_query,what is the speed of sound?
en,common_query:common_query,how high is the burj khalifa?
en,common_query:common_query,who was marie curie?
en,common_query:common_query,when did the american civil war occur?
en,common_query:common_query,how is bread made?
es,common_query:common_query,¿cuál es la velocidad de la luz?
es,common_query:common_query,¿qué altura tiene la torre de sevilla?
es,common_query:common_query,¿quién fue miguel de cervantes?
es,common_query:common_query,¿cuándo empezó la guerra civil española?
es,common_query:common_query,¿cómo se elaboran las tortillas?
eu,common_query:common_query,argiaren abiadura zenbat da?
eu,common_query:common_query,zenbat altuera du bilboko itsasadarra inguruko dorreak?
eu,common_query:common_query,nor izan zen joxean artze?
eu,common_query:common_query,noiz gertatu zen euskal gudariaren garaia?
eu,common_query:common_query,nola prestatzen dira baserri produktuak?
pt,common_query:common_query,qual é a velocidade do som?
pt,common_query:common_query,qual a altura do cristo redentor?
pt,common_query:common_query,quem foi fernando pessoa?
pt,common_query:common_query,quando ocorreu a revolução dos cravos?
pt,common_query:common_query,como se faz o pão?
gl,common_query:common_query,cal é a velocidade da luz?
gl,common_query:common_query,cal é a altura da torre de hercules?
gl,common_query:common_query,quen foi castelao?
gl,common_query:common_query,cando comezou a guerra civil galega?
gl,common_query:common_query,como se fan as empanadas?
da,common_query:common_query,hvor hurtigt bevæger lyd sig?
da,common_query:common_query,hvor høj er den lille havfrue statue?
da,common_query:common_query,hvornår fandt anden verdenskrig sted?
da,common_query:common_query,hvordan laver man rugbrød?
nl,common_query:common_query,wat is de snelheid van het geluid?
nl,common_query:common_query,wanneer begon de gouden eeuw?
nl,common_query:common_query,hoe bak je brood?
de,common_query:common_query,wie schnell ist die schallgeschwindigkeit?
de,common_query:common_query,wie hoch ist der kölner dom?
de,common_query:common_query,wer war johann wolfgang von goethe?
de,common_query:common_query,wann begann der dreißigjährige krieg?
de,common_query:common_query,wie wird bier hergestellt?
fr,common_query:common_query,quelle est la vitesse du son?
fr,common_query:common_query,qui était napoléon bonaparte?
fr,common_query:common_query,comment fabrique-t-on le pain?
it,common_query:common_query,qual è la velocità del suono?
it,common_query:common_query,quando è iniziata la seconda guerra mondiale?
it,common_query:common_query,come si fa il pane?
es,ovos-skill-wikipedia.openvoiceos:wiki.intent,consulta en wikipedia sobre la fotosíntesis
eu,ovos-skill-wikipedia.openvoiceos:wiki.intent,bilatu wikipedia-n mendebaldeko kultura
pt,ovos-skill-wikipedia.openvoiceos:wiki.intent,pesquise na wikipedia sobre a revolução industrial
gl,ovos-skill-wikipedia.openvoiceos:wiki.intent,consulta en wikipedia sobre a historia de galicia
da,ovos-skill-wikipedia.openvoiceos:wiki.intent,søg på wikipedia om vikingerne
nl,ovos-skill-wikipedia.openvoiceos:wiki.intent,zoek op wikipedia naar rembrandt
de,ovos-skill-wikipedia.openvoiceos:wiki.intent,suche in wikipedia nach der deutschen wiedervereinigung
fr,ovos-skill-wikipedia.openvoiceos:wiki.intent,recherche sur wikipedia sur la révolution industrielle
it,ovos-skill-wikipedia.openvoiceos:wiki.intent,ricerca su wikipedia della storia romana
es,common_query:common_query,¿qué altura tiene la torre de madrid?
es,common_query:common_query,¿cuándo comenzó la guerra civil española?
es,common_query:common_query,¿cómo se fabrican los quesos?
es,common_query:common_query,¿qué provoca los terremotos?
es,common_query:common_query,¿cuál es la capital de argentina?
es,common_query:common_query,¿dónde está la selva del congo?
es,common_query:common_query,¿quién inventó la radio?
es,common_query:common_query,¿cuándo se firmó la constitución española?
es,common_query:common_query,¿qué es la gravedad?
es,common_query:common_query,¿cómo producen las plantas oxígeno?
es,common_query:common_query,¿a qué temperatura hierve el agua?
es,common_query:common_query,¿cuándo terminó la dictadura franquista?
es,common_query:common_query,¿cuál es la población de méxico?
es,common_query:common_query,¿cómo se forman las auroras boreales?
es,common_query:common_query,¿cuál es el planeta más pequeño del sistema solar?
es,common_query:common_query,¿quién pintó las meninas?
es,common_query:common_query,¿en qué época fue el barroco?
es,common_query:common_query,¿qué es el adn humano?
es,common_query:common_query,¿cómo funciona la fotosíntesis?
es,common_query:common_query,¿qué es la inteligencia artificial?
es,common_query:common_query,¿dónde está el monte fuji?
es,common_query:common_query,¿quién fue juana de arco?
es,common_query:common_query,¿cuándo se hundió el titanic?
es,common_query:common_query,¿qué es un agujero negro?
es,common_query:common_query,¿cómo funcionan las vacunas?
es,common_query:common_query,¿cuál es el río más largo de áfrica?
es,common_query:common_query,¿quién escribió don quijote?
es,common_query:common_query,¿cuándo ocurrió el terremoto de lisboa?
es,common_query:common_query,¿qué es un eclipse lunar?
es,common_query:common_query,¿cómo se produce el café?
es,common_query:common_query,¿cuál es la capital de chile?
es,common_query:common_query,¿dónde se encuentra la patagonia?
es,common_query:common_query,¿quién descubrió la penicilina?
es,common_query:common_query,¿cuándo empezó la revolución industrial?
es,common_query:common_query,¿qué son las células?
es,common_query:common_query,¿cómo funcionan los imanes?
es,common_query:common_query,¿cuál es la montaña más alta de europa?
es,common_query:common_query,¿quién compuso la traviata?
es,common_query:common_query,¿cuándo terminó la segunda guerra mundial?
es,common_query:common_query,¿qué es la capa de ozono?
es,common_query:common_query,¿cómo se fabrica el papel?
es,common_query:common_query,¿cuál es la capital de colombia?
es,common_query:common_query,¿dónde está el machu picchu?
es,common_query:common_query,¿quién construyó la alhambra?
es,common_query:common_query,¿cuándo se inventó la imprenta?
es,common_query:common_query,¿qué es el arn?
es,common_query:common_query,¿cómo funciona el teléfono móvil?
es,common_query:common_query,¿qué es el cambio climático?
es,common_query:common_query,¿dónde está el desierto de atacama?
es,common_query:common_query,¿quién escribió cien años de soledad?
es,common_query:common_query,¿cuándo fue la revolución rusa?
es,common_query:common_query,¿qué es el sonido?
es,common_query:common_query,¿cómo nacen las mariposas?
es,common_query:common_query,¿cuál es la capital de portugal?
es,common_query:common_query,¿dónde está el lago titicaca?
es,common_query:common_query,¿quién es lionel messi?
es,common_query:common_query,¿cuándo se fundó facebook?
es,common_query:common_query,¿qué es la evolución?
es,common_query:common_query,¿cómo funciona un motor eléctrico?
es,common_query:common_query,¿cuál es la capital de bélgica?
es,common_query:common_query,¿dónde está la torre de pisa?
es,common_query:common_query,¿quién creó la tabla periódica?
es,common_query:common_query,¿cuándo desaparecieron los mamuts?
es,common_query:common_query,¿qué son los glaciares?
es,common_query:common_query,¿cómo se produce el aluminio?
es,common_query:common_query,¿cuál es la capital de egipto?
es,common_query:common_query,¿dónde está el monte kilimanjaro?
es,common_query:common_query,¿quién fue rosalind franklin?
es,common_query:common_query,¿cuándo se inventó la radio?
es,common_query:common_query,¿qué es la electricidad?
es,common_query:common_query,¿cómo se forman las tormentas?
es,common_query:common_query,¿cuál es la capital de alemania?
es,common_query:common_query,¿dónde está el museo del prado?
es,common_query:common_query,¿quién fue frida kahlo?
es,common_query:common_query,¿cuándo aterrizaron los primeros humanos en la luna?
es,common_query:common_query,¿qué son los cometas?
es,common_query:common_query,¿cómo se forman las perlas?
es,common_query:common_query,¿qué provoca los tsunamis?
es,common_query:common_query,¿quién fue nikola tesla?
es,common_query:common_query,¿cuándo se inventó la televisión?
es,common_query:common_query,¿qué es la mecánica cuántica?
es,common_query:common_query,¿cómo vuelan los helicópteros?
es,common_query:common_query,¿dónde está la ciudad de petra?
es,common_query:common_query,¿por qué dormimos?
eu,common_query:common_query,argiak zer abiaduraz hedatzen dira?
eu,common_query:common_query,zenbat neurtzen du guggenheim museoak?
eu,common_query:common_query,nor zen ion fernandez?
eu,common_query:common_query,noiz gertatu zen espainiar gerra?
eu,common_query:common_query,nola prestatzen dira gaztak?
eu,common_query:common_query,zer eragiten du euri elektrikoko?
eu,common_query:common_query,zein da bilboko hiriburua?
eu,common_query:common_query,non dago euskal basoa?
eu,common_query:common_query,nork asmatu zuen telebista?
eu,common_query:common_query,noiz sinatu zen euskal batasunaren deklarazioa?
eu,common_query:common_query,zer da grabitatea?
eu,common_query:common_query,nola sortzen dute landareek elikagaiak?
eu,common_query:common_query,zenbat gradutan irakiten da ura?
eu,common_query:common_query,nork idatzi zuen euskal kondaira?
eu,common_query:common_query,noiz erori zen donostiako zubia?
eu,common_query:common_query,zein da gipuzkoako populazioa?
eu,common_query:common_query,nola sortzen dira ilargi betetzeak?
eu,common_query:common_query,zein da gure eguzki sistemako planeta txikiena?
eu,common_query:common_query,nork margotu zuen gasteizko horma?
eu,common_query:common_query,noiz izan zen euskara berpizkundea?
eu,common_query:common_query,zer da gizakiaren genomoa?
eu,common_query:common_query,nola funtzionatzen du fotosintesia?
eu,common_query:common_query,zer da adimen artifiziala?
eu,common_query:common_query,non dago euskal mendi handi bat?
eu,common_query:common_query,nork izan zen erromako enperadorea?
eu,common_query:common_query,noiz hondoratu zen euskal itsasontzia?
eu,common_query:common_query,zer da zulo beltza?
eu,common_query:common_query,nola funtzionatzen dute txertoek?
eu,common_query:common_query,zein da munduko ibai luzeena?
eu,common_query:common_query,nork idatzi zuen euskal poema bat?
eu,common_query:common_query,noiz piztu zen su handia?
eu,common_query:common_query,zer da eguzkiaren eguzkitzea?
eu,common_query:common_query,nola egiten dute gazta urdina?
eu,common_query:common_query,zein da euskal hiriburua?
en,common_query:common_query,what is the speed of light?
en,common_query:common_query,how tall is the eiffel tower?
en,common_query:common_query,who is stephen hawking?
en,common_query:common_query,when was world war ii?
en,common_query:common_query,how are yogurts made?
en,common_query:common_query,what causes lightning?
en,common_query:common_query,what is the capital of france?
en,common_query:common_query,where is the amazon rainforest?
en,common_query:common_query,who invented the telephone?
en,common_query:common_query,when was the declaration of independence signed?
en,common_query:common_query,what is gravity?
en,common_query:common_query,how do plants make food?
en,common_query:common_query,what is the boiling point of water?
en,common_query:common_query,who was albert einstein?
en,common_query:common_query,when did the berlin wall fall?
en,common_query:common_query,what is the population of india?
en,common_query:common_query,how are rainbows formed?
en,common_query:common_query,what is the largest planet in the solar system?
en,common_query:common_query,who painted the starry night?
en,common_query:common_query,when was the renaissance?
en,common_query:common_query,what is the human genome?
en,common_query:common_query,how does photosynthesis work?
en,common_query:common_query,what is artificial intelligence?
en,common_query:common_query,where is mount kilimanjaro?
en,common_query:common_query,who was cleopatra?
en,common_query:common_query,when did the titanic sink?
en,common_query:common_query,what is a black hole?
en,common_query:common_query,how do vaccines work?
en,common_query:common_query,what is the longest river in the world?
en,common_query:common_query,who wrote 1984?
en,common_query:common_query,when was the great fire of london?
en,common_query:common_query,what is a solar eclipse?
en,common_query:common_query,how is chocolate made?
en,common_query:common_query,what is the capital of australia?
en,common_query:common_query,where is the great barrier reef?
en,common_query:common_query,who discovered electricity?
en,common_query:common_query,when did world war i start?
en,common_query:common_query,what are atoms?
en,common_query:common_query,how do magnets work?
en,common_query:common_query,what is the tallest mountain in the world?
en,common_query:common_query,who composed the four seasons?
en,common_query:common_query,when did the cold war end?
en,common_query:common_query,what is the ozone layer?
en,common_query:common_query,how is glass made?
en,common_query:common_query,what is the capital of brazil?
en,common_query:common_query,where is stonehenge?
en,common_query:common_query,who built the pyramids?
en,common_query:common_query,when was the moon landing?
en,common_query:common_query,what is dna?
en,common_query:common_query,how does the internet work?
en,common_query:common_query,what is climate change?
en,common_query:common_query,where is the sahara desert?
en,common_query:common_query,who wrote romeo and juliet?
en,common_query:common_query,when was the french revolution?
en,common_query:common_query,what is sound?
en,common_query:common_query,how are babies born?
en,common_query:common_query,what is the capital of canada?
en,common_query:common_query,where is the dead sea?
en,common_query:common_query,who is elon musk?
en,common_query:common_query,when was google founded?
en,common_query:common_query,what is evolution?
en,common_query:common_query,how does a car engine work?
en,common_query:common_query,what is the capital of italy?
en,common_query:common_query,where is the taj mahal?
en,common_query:common_query,who created the periodic table?
en,common_query:common_query,when did dinosaurs go extinct?
en,common_query:common_query,what are volcanoes?
en,common_query:common_query,how is steel produced?
en,common_query:common_query,what is the capital of egypt?
en,common_query:common_query,where is mount everest?
en,common_query:common_query,who is marie curie?
en,common_query:common_query,when was the first computer made?
en,common_query:common_query,what is electricity?
en,common_query:common_query,how are clouds formed?
en,common_query:common_query,what is the capital of germany?
en,common_query:common_query,where is the louvre museum?
en,common_query:common_query,who was william shakespeare?
en,common_query:common_query,when did the industrial revolution start?
en,common_query:common_query,what are germs?
en,common_query:common_query,how do birds fly?
en,common_query:common_query,what is the capital of japan?
en,common_query:common_query,where is the colosseum?
en,common_query:common_query,who invented the airplane?
en,common_query:common_query,when was the printing press invented?
en,common_query:common_query,what is friction?
en,common_query:common_query,how is cheese made?
en,common_query:common_query,what is the capital of russia?
en,common_query:common_query,where is the great wall of china?
en,common_query:common_query,who discovered penicillin?
en,common_query:common_query,when did the wright brothers fly?
en,common_query:common_query,what is a tsunami?
en,common_query:common_query,how does the digestive system work?
en,common_query:common_query,what is the capital of portugal?
en,common_query:common_query,where is the leaning tower of pisa?
en,common_query:common_query,who is isaac newton?
en,common_query:common_query,when was the united nations founded?
en,common_query:common_query,what is a constellation?
en,common_query:common_query,how is paper recycled?
en,common_query:common_query,what is the capital of spain?
en,common_query:common_query,where is the grand canyon?
en,common_query:common_query,who painted the mona lisa?
en,common_query:common_query,when was the magna carta signed?
en,common_query:common_query,how tall is mount everest?
en,common_query:common_query,when was the great wall of china built?
en,common_query:common_query,why is the sky blue?
en,common_query:common_query,how do volcanoes erupt?
en,common_query:common_query,where is the eiffel tower located?
en,common_query:common_query,who wrote hamlet?
en,common_query:common_query,when did humans first land on the moon?
en,common_query:common_query,what are black holes?
en,common_query:common_query,how are diamonds formed?
en,common_query:common_query,what causes earthquakes?
en,common_query:common_query,who is ada lovelace?
en,common_query:common_query,when was the internet invented?
en,common_query:common_query,what is quantum physics?
en,common_query:common_query,how do airplanes fly?
en,common_query:common_query,where is machu picchu?
en,common_query:common_query,why do we dream?
en,ovos-skill-wikipedia.openvoiceos:wiki.intent,search wikipedia for photosynthesis
en,ovos-skill-wikipedia.openvoiceos:wiki.intent,look up world war ii on wikipedia
en,ovos-skill-wikipedia.openvoiceos:wiki.intent,tell me what wikipedia says about the great wall of china
en,ovos-skill-wikipedia.openvoiceos:wiki.intent,get the wikipedia article on nikola tesla
en,ovos-skill-wikipedia.openvoiceos:wiki.intent,find information on the french revolution from wikipedia
en,ovos-skill-wikipedia.openvoiceos:wiki.intent,search wikipedia for string theory
en,ovos-skill-wikipedia.openvoiceos:wiki.intent,open the wikipedia page for isaac newton
en,ovos-skill-wikipedia.openvoiceos:wiki.intent,look up the history of the internet on wikipedia
en,ovos-skill-wikipedia.openvoiceos:wiki.intent,show me the wikipedia entry for plato
en,ovos-skill-wikipedia.openvoiceos:wiki.intent,search for albert einstein on wikipedia
en,ovos-skill-wikipedia.openvoiceos:wiki.intent,give me the wikipedia page about dna
en,ovos-skill-wikipedia.openvoiceos:wiki.intent,what does wikipedia say about artificial intelligence?
en,ovos-skill-wikipedia.openvoiceos:wiki.intent,check wikipedia for information on the renaissance
en,ovos-skill-wikipedia.openvoiceos:wiki.intent,get details about beethoven from wikipedia
en,ovos-skill-wikipedia.openvoiceos:wiki.intent,search wikipedia for the origin of the universe
en,ovos-skill-ddg.openvoiceos:search_duck.intent,search duckduckgo for privacy laws in europe
en,ovos-skill-ddg.openvoiceos:search_duck.intent,look this up on duckduckgo. best electric cars
en,ovos-skill-ddg.openvoiceos:search_duck.intent,find duckduckgo results for open source email clients
en,ovos-skill-ddg.openvoiceos:search_duck.intent,search duckduckgo for top tourist attractions in tokyo
en,ovos-skill-ddg.openvoiceos:search_duck.intent,can you duckduckgo the fastest marine animal?
en,ovos-skill-ddg.openvoiceos:search_duck.intent,search duckduckgo for python tutorial
en,ovos-skill-ddg.openvoiceos:search_duck.intent,search duckduckgo for how to grow tomatoes
en,ovos-skill-ddg.openvoiceos:search_duck.intent,look this up using duckduckgo: cheapest smartphones 2024
en,ovos-skill-ddg.openvoiceos:search_duck.intent,find duckduckgo results about home workout routines
en,ovos-skill-ddg.openvoiceos:search_duck.intent,use duckduckgo to search for digital minimalism tips
en,ovos-skill-ddg.openvoiceos:search_duck.intent,check duckduckgo for the latest iphone reviews
en,ovos-skill-ddg.openvoiceos:search_duck.intent,search duckduckgo for cloud computing benefits
en,ovos-skill-ddg.openvoiceos:search_duck.intent,use duckduckgo to find coffee brewing methods
en,ovos-skill-ddg.openvoiceos:search_duck.intent,search duckduckgo for history of halloween
en,ovos-skill-ddg.openvoiceos:search_duck.intent,can you search duckduckgo for vegan protein sources?
en,ovos-skill-wolfie.openvoiceos:search_wolfie.intent,search wolfram alpha for the square root of 289
en,ovos-skill-wolfie.openvoiceos:search_wolfie.intent,ask wolfram alpha the population of germany
en,ovos-skill-wolfie.openvoiceos:search_wolfie.intent,check wolfram alpha for the distance to the moon
en,ovos-skill-wolfie.openvoiceos:search_wolfie.intent,use wolfram alpha to calculate pi to 100 digits
en,ovos-skill-wolfie.openvoiceos:search_wolfie.intent,search wolfram alpha for the derivative of x squared
en,ovos-skill-wolfie.openvoiceos:search_wolfie.intent,query wolfram alpha for sunrise time in paris
en,ovos-skill-wolfie.openvoiceos:search_wolfie.intent,use wolfram alpha to convert 10 miles to kilometers
en,ovos-skill-wolfie.openvoiceos:search_wolfie.intent,ask wolfram alpha for the atomic weight of carbon
en,ovos-skill-wolfie.openvoiceos:search_wolfie.intent,search wolfram alpha for temperature in tokyo
en,ovos-skill-wolfie.openvoiceos:search_wolfie.intent,use wolfram alpha to solve 2x + 5 = 15
en,ovos-skill-wolfie.openvoiceos:search_wolfie.intent,search wolfram alpha for air pressure at sea level
en,ovos-skill-wolfie.openvoiceos:search_wolfie.intent,ask wolfram alpha for the gdp of brazil
en,ovos-skill-wolfie.openvoiceos:search_wolfie.intent,query wolfram alpha about co2 levels
en,ovos-skill-wolfie.openvoiceos:search_wolfie.intent,search wolfram alpha for wind speed in lisbon
en,ovos-skill-wolfie.openvoiceos:search_wolfie.intent,ask wolfram alpha how many calories are in an apple
en,ovos-skill-wikihow.openvoiceos:wikihow.intent,search wikihow for how to tie a tie
en,ovos-skill-wikihow.openvoiceos:wikihow.intent,look up how to make pancakes on wikihow
en,ovos-skill-wikihow.openvoiceos:wikihow.intent,find instructions on wikihow to fix a leaky faucet
en,ovos-skill-wikihow.openvoiceos:wikihow.intent,search wikihow for tips on studying effectively
en,ovos-skill-wikihow.openvoiceos:wikihow.intent,use wikihow to learn how to start a garden
en,ovos-skill-wikihow.openvoiceos:wikihow.intent,check wikihow for how to do cpr
en,ovos-skill-wikihow.openvoiceos:wikihow.intent,look up on wikihow how to reset a router
en,ovos-skill-wikihow.openvoiceos:wikihow.intent,search wikihow for how to make coffee without a machine
en,ovos-skill-wikihow.openvoiceos:wikihow.intent,use wikihow to find out how to unblock a drain
en,ovos-skill-wikihow.openvoiceos:wikihow.intent,search wikihow for tips on saving money
en,ovos-skill-wikihow.openvoiceos:wikihow.intent,check how to change a flat tire on wikihow
en,ovos-skill-wikihow.openvoiceos:wikihow.intent,search wikihow for how to get rid of hiccups
en,ovos-skill-wikihow.openvoiceos:wikihow.intent,look up how to clean sneakers on wikihow
en,ovos-skill-wikihow.openvoiceos:wikihow.intent,use wikihow to learn how to whistle
en,ovos-skill-wikihow.openvoiceos:wikihow.intent,search wikihow for how to meditate
en,ovos-skill-wolfie.openvoiceos:search_wolfie.intent,ask the wolf {query}
en,ovos-skill-wolfie.openvoiceos:search_wolfie.intent,ask the wolfram about {query}
en,ovos-skill-wolfie.openvoiceos:search_wolfie.intent,ask the wolfram alpha about {query}
en,ovos-skill-wolfie.openvoiceos:search_wolfie.intent,search the wolf for {query}
en,ovos-skill-wolfie.openvoiceos:search_wolfie.intent,search wolfram alpha for {query}
en,ovos-skill-wolfie.openvoiceos:search_wolfie.intent,search wolfram for {query}
en,ovos-skill-wolfie.openvoiceos:search_wolfie.intent,what does the wolf say about {query}
en,ovos-skill-wolfie.openvoiceos:search_wolfie.intent,what does wolfram alpha say about {query}
en,ovos-skill-wolfie.openvoiceos:search_wolfie.intent,what does wolfram say about {query}
en,ovos-skill-wordnet.openvoiceos:search_wordnet.intent,ask word net about {query}
en,ovos-skill-wordnet.openvoiceos:search_wordnet.intent,ask wordnet about {query}
en,ovos-skill-wordnet.openvoiceos:search_wordnet.intent,search word net for {query}
en,ovos-skill-wordnet.openvoiceos:search_wordnet.intent,search wordnet for {query}
en,ovos-skill-wordnet.openvoiceos:search_wordnet.intent,what does word net say about {query}
en,ovos-skill-wordnet.openvoiceos:search_wordnet.intent,what does wordnet say about {query}
en,ovos-skill-wordnet.openvoiceos:search_wordnet.intent,find the meaning of 'serendipity' in wordnet
en,ovos-skill-wordnet.openvoiceos:search_wordnet.intent,use wordnet to define 'ambiguous
en,ovos-skill-wordnet.openvoiceos:search_wordnet.intent,check wordnet for the definition of 'resilient
en,ovos-skill-wordnet.openvoiceos:search_wordnet.intent,look up 'run' in wordnet
en,ovos-skill-wordnet.openvoiceos:search_wordnet.intent,search wordnet for the meaning of 'benevolent
en,ovos-skill-wordnet.openvoiceos:search_wordnet.intent,get the wordnet entry for 'friendship
en,ovos-skill-wordnet.openvoiceos:search_wordnet.intent,use wordnet to understand the word 'justice
en,ovos-skill-wordnet.openvoiceos:search_wordnet.intent,look up 'explore' in wordnet
en,ovos-skill-wordnet.openvoiceos:antonym.intent,look up antonyms for 'cold' in wordnet
en,ovos-skill-wordnet.openvoiceos:synonym.intent,search wordnet for synonyms of 'happy
en,ovos-skill-wordnet.openvoiceos:synonym.intent,find synonyms for 'fast' using wordnet
en,ovos-skill-wordnet.openvoiceos:hypernym.intent,search wordnet for related words to 'bright
en,ovos-skill-wordnet.openvoiceos:hypernym.intent,search wordnet for similar words to 'creative
en,ovos-skill-wordnet.openvoiceos:hypernym.intent,use wordnet to get hypernyms of 'dog
en,ovos-skill-wordnet.openvoiceos:hyponym.intent,search wordnet for hyponyms of 'vehicle
en,ovos-skill-wordnet.openvoiceos:holonym.intent,what are the holonyms of {query}
en,ovos-skill-wordnet.openvoiceos:holonym.intent,what is a holonym of {query}
en,ovos-skill-wordnet.openvoiceos:holonym.intent,what is the holonym of {query}
en,ovos-skill-wordnet.openvoiceos:definition.intent,what is a {query}
en,ovos-skill-wordnet.openvoiceos:definition.intent,what is the definition of {query}
de,ovos-skill-volume.openvoiceos:increase_volume,kannst du etwas lauter sprechen
de,ovos-skill-volume.openvoiceos:increase_volume,bitte sprich laut
de,ovos-skill-volume.openvoiceos:increase_volume,ton lauter stellen
de,ovos-skill-volume.openvoiceos:increase_volume,lautstärke erhöhen
de,ovos-skill-volume.openvoiceos:increase_volume,lautstärke lauter bitte
de,ovos-skill-alerts.openvoiceos:CreateAlarm,stelle einen wecker auf 8 uhr morgens
de,ovos-skill-alerts.openvoiceos:CreateAlarm,stelle einen täglichen wecker auf 8 uhr morgens
de,ovos-skill-alerts.openvoiceos:CreateAlarm,stelle einen wecker auf samstags 8 uhr morgens
de,ovos-skill-alerts.openvoiceos:CreateOcpAlarm,wecke mich um 8 uhr morgens mit musik auf
de,ovos-skill-alerts.openvoiceos:CreateOcpAlarm,wecke mich mit musik auf
de,ovos-skill-alerts.openvoiceos:TimerStatus,wie viel zeit ist auf meinem brottimer noch übrig
de,ovos-skill-alerts.openvoiceos:CancelAlert,meinen 8-uhr-wecker abbrechen
de,ovos-skill-alerts.openvoiceos:CancelAlert,alle benachrichtigungen abbrechen
de,ovos-skill-alerts.openvoiceos:CancelAlert,alle wecker abbrechen
de,ovos-skill-alerts.openvoiceos:CancelAlert,benachrichtigungen am samstag abbrechen.
de,ovos-skill-alerts.openvoiceos:CancelAlert,benachrichtigungen zwischen freitag 8 uhr und 10 uhr abbrechen
de,ovos-skill-alerts.openvoiceos:CancelAlert,meinen nächsten wecker abbrechen.
de,ovos-skill-parrot.openvoiceos:repeat.tts.intent,kannst du das wiederholen
de,ovos-skill-alerts.openvoiceos:CancelAlert,alle erinnerungen abbrechen
de,ovos-skill-parrot.openvoiceos:repeat.tts.intent,wiederhole das
de,ovos-skill-parrot.openvoiceos:speak.intent,wiederhole: die würde des menschen ist unantastbar
de,ovos-skill-boot-finished.openvoiceos:enable_ready_notification.intent,aktiviere die bereit-nachricht
de,ovos-skill-alerts.openvoiceos:CancelAlert,alle timer abbrechen
de,ovos-skill-parrot.openvoiceos:repeat.stt.intent,sag mir was ich gerade gesagt habe
de,ovos-skill-wallpapers.openvoiceos:picture.random.intent,zeig mir ein bild
de,ovos-skill-wallpapers.openvoiceos:wallpaper.about.intent,hintergrund auf natur ändern
de,ovos-skill-boot-finished.openvoiceos:disable_ready_notification.intent,deaktiviere die bereit-nachricht
de,ovos-skill-parrot.openvoiceos:speak.intent,sprich ich kann alles sagen was du möchtest!
de,ovos-skill-parrot.openvoiceos:repeat.tts.intent,wiederhole was du gerade gesagt hast
de,ovos-skill-wallpapers.openvoiceos:wallpaper.random.intent,neuer hintergrund
de,ovos-skill-parrot.openvoiceos:repeat.stt.intent,was habe ich gerade gesagt
de,ovos-skill-boot-finished.openvoiceos:are_you_ready.intent,ist das system bereit
de,ovos-skill-parrot.openvoiceos:speak.intent,sag gute nacht gracie
de,ovos-skill-parrot.openvoiceos:start_parrot.intent,papagei starten
de,ovos-skill-parrot.openvoiceos:stop_parrot.intent,papagei stoppen
de,ovos-skill-wallpapers.openvoiceos:picture.random.intent,zeig mir etwas cooles
de,ovos-skill-wallpapers.openvoiceos:picture.random.intent,ein bild anzeigen
de,ovos-skill-wallpapers.openvoiceos:picture.random.intent,kann ich ein bild sehen
de,ovos-skill-wallpapers.openvoiceos:picture.random.intent,überrasche mich mit einem foto
de,ovos-skill-alerts.openvoiceos:CreateOcpAlarm,wecke mich um 7 uhr mit jazzmusik
de,ovos-skill-alerts.openvoiceos:CreateOcpAlarm,stelle einen wecker auf 7 uhr und spiele jazz
de,ovos-skill-alerts.openvoiceos:CreateOcpAlarm,um 7 uhr morgens wecke mich mit jazz-melodien
de,ovos-skill-alerts.openvoiceos:CreateOcpAlarm,kannst du mich um sieben mit jazzmusik wecken
de,ovos-skill-alerts.openvoiceos:CreateOcpAlarm,stelle einen jazz-wecker auf 7 uhr
de,ovos-skill-alerts.openvoiceos:CreateOcpAlarm,stelle einen 7-uhr-wecker mit jazz-musik ein
de,ovos-skill-alerts.openvoiceos:CreateOcpAlarm,wecke mich um sieben mit jazz auf
de,ovos-skill-alerts.openvoiceos:CreateOcpAlarm,stelle einen wecker auf 7 uhr morgens mit jazz-klängen
de,ovos-skill-alerts.openvoiceos:CreateOcpAlarm,bitte wecke mich um 7 uhr mit jazz auf
de,ovos-skill-alerts.openvoiceos:CreateOcpAlarm,schalte einen jazz-wecker um 7 uhr morgens ein
de,ovos-skill-alerts.openvoiceos:CreateOcpAlarm,spiele musik um mich zu wecken
de,ovos-skill-alerts.openvoiceos:CreateOcpAlarm,starte etwas musik um mich zu wecken
de,ovos-skill-alerts.openvoiceos:CreateOcpAlarm,verwende musik als meinen wecker
de,ovos-skill-alerts.openvoiceos:CreateOcpAlarm,kannst du mich mit musik wecken
de,ovos-skill-alerts.openvoiceos:CreateOcpAlarm,stelle einen musikwecker um mich zu wecken
de,ovos-skill-alerts.openvoiceos:CreateOcpAlarm,stelle musik ein um mich zu wecken
de,ovos-skill-alerts.openvoiceos:CreateOcpAlarm,wecke mich mit musik
de,ovos-skill-alerts.openvoiceos:CreateOcpAlarm,ich möchte musik als meinen wecker
de,ovos-skill-alerts.openvoiceos:CreateOcpAlarm,wecke mich durch das abspielen von musik
de,ovos-skill-alerts.openvoiceos:TimerStatus,wie viel zeit bleibt auf dem timer übrig
de,ovos-skill-alerts.openvoiceos:TimerStatus,was ist auf dem timer noch übrig
de,ovos-skill-alerts.openvoiceos:TimerStatus,bleibt noch zeit auf dem timer
de,ovos-skill-alerts.openvoiceos:TimerStatus,wie lange dauert es noch bis der timer abläuft
de,ovos-skill-alerts.openvoiceos:TimerStatus,überprüfe die verbleibende zeit des timers
de,ovos-skill-alerts.openvoiceos:TimerStatus,wie viel zeit ist auf meinem timer noch übrig
de,ovos-skill-alerts.openvoiceos:TimerStatus,sag mir die verbleibende zeit auf dem timer
de,ovos-skill-alerts.openvoiceos:TimerStatus,wie viel zeit bleibt auf dem countdown
de,ovos-skill-alerts.openvoiceos:TimerStatus,zeige mir die verbleibende dauer des timers
de,ovos-skill-alerts.openvoiceos:TimerStatus,ist der timer fast abgelaufen
de,ovos-skill-alerts.openvoiceos:TimerStatus,läuft der timer noch
de,ovos-skill-alerts.openvoiceos:TimerStatus,ist der timer gestoppt oder läuft er
de,ovos-skill-alerts.openvoiceos:TimerStatus,ist mein timer aktiv
de,ovos-skill-alerts.openvoiceos:TimerStatus,läuft der countdown noch
de,ovos-skill-alerts.openvoiceos:TimerStatus,ist der timer gerade eingeschaltet
de,ovos-skill-alerts.openvoiceos:TimerStatus,tickt der timer noch
de,ovos-skill-alerts.openvoiceos:TimerStatus,kannst du sagen ob der timer läuft
de,ovos-skill-alerts.openvoiceos:TimerStatus,funktioniert der timer gerade
de,ovos-skill-alerts.openvoiceos:TimerStatus,ist der alarmtimer noch aktiv
de,ovos-skill-alerts.openvoiceos:TimerStatus,ist der timer schon abgelaufen
de,ovos-skill-alerts.openvoiceos:CreateOcpAlarm,stelle einen wecker auf 6 uhr morgens mit jazzmusik
de,ovos-skill-alerts.openvoiceos:CreateOcpAlarm,mache einen jazz-wecker für 6 uhr morgens
de,ovos-skill-alerts.openvoiceos:CreateOcpAlarm,wecke mich um 6 uhr mit jazz auf
de,ovos-skill-alerts.openvoiceos:CreateOcpAlarm,stelle einen jazz-wecker auf sechs uhr ein
de,ovos-skill-alerts.openvoiceos:CreateOcpAlarm,plane einen 6-uhr-jazzmusik-wecker
de,ovos-skill-alerts.openvoiceos:CreateOcpAlarm,kannst du einen jazz-wecker um 6 uhr machen
de,ovos-skill-alerts.openvoiceos:CreateOcpAlarm,wecke mich um sechs uhr mit jazzmusik
de,ovos-skill-alerts.openvoiceos:CreateOcpAlarm,stelle einen wecker auf 6 uhr und spiele jazz
de,ovos-skill-alerts.openvoiceos:CreateOcpAlarm,stelle einen jazzmusik-wecker für 6 uhr ein
de,ovos-skill-alerts.openvoiceos:CreateOcpAlarm,wecker für sechs uhr mit jazz-klängen
de,ovos-skill-alerts.openvoiceos:CreateOcpAlarm,wecke mich um 7 uhr mit naturgeräuschen
de,ovos-skill-alerts.openvoiceos:CreateOcpAlarm,stelle einen wecker mit naturgeräuschen für 7 uhr ein
de,ovos-skill-alerts.openvoiceos:CreateOcpAlarm,verwende naturgeräusche um mich um 7 uhr morgens zu wecken
de,ovos-skill-alerts.openvoiceos:CreateOcpAlarm,wecke mich mit naturgeräuschen um sieben uhr
de,ovos-skill-alerts.openvoiceos:CreateOcpAlarm,stelle einen naturgeräusch-wecker um 7 uhr ein
de,ovos-skill-alerts.openvoiceos:CreateOcpAlarm,mache einen 7-uhr-wecker mit naturgeräuschen
de,ovos-skill-alerts.openvoiceos:CreateOcpAlarm,stelle einen naturgeräusch-wecker für 7 uhr morgens ein
de,ovos-skill-alerts.openvoiceos:CreateOcpAlarm,wecke mich um 7 uhr mit naturgeräuschen auf
de,ovos-skill-alerts.openvoiceos:CreateOcpAlarm,wecker mit waldgeräuschen um 7 uhr morgens
de,ovos-skill-alerts.openvoiceos:CreateOcpAlarm,naturgeräusch-wecker für 7 uhr
de,ovos-skill-alerts.openvoiceos:CreateOcpAlarm,stelle einen musikwecker für morgen 9 uhr morgens
de,ovos-skill-alerts.openvoiceos:CreateOcpAlarm,plane einen musikwecker um 9 uhr morgen
de,ovos-skill-alerts.openvoiceos:CreateOcpAlarm,stelle einen wecker mit musik für 9 uhr morgens am nächsten tag
de,ovos-skill-alerts.openvoiceos:CreateOcpAlarm,mache einen 9-uhr-musikwecker für morgen
de,ovos-skill-alerts.openvoiceos:CreateOcpAlarm,stelle einen musikalischen wecker für morgen 9 uhr morgens ein
de,ovos-skill-alerts.openvoiceos:CreateOcpAlarm,wecke mich morgen um 9 uhr morgens mit musik auf
de,ovos-skill-alerts.openvoiceos:CreateOcpAlarm,wecke mich morgen um 9 uhr mit musik
de,ovos-skill-alerts.openvoiceos:CreateOcpAlarm,schalte den musikwecker um 9 uhr morgens morgen ein
de,ovos-skill-alerts.openvoiceos:CreateOcpAlarm,mache einen wecker für 9 uhr morgens mit musik für morgen
de,ovos-skill-alerts.openvoiceos:CreateOcpAlarm,morgen um 9 uhr wecke mich mit musik
de,ovos-skill-alerts.openvoiceos:CreateOcpAlarm,wecker mit radio um 6 uhr morgens
de,ovos-skill-alerts.openvoiceos:CreateOcpAlarm,stelle einen radiowecker für 6 uhr morgens
de,ovos-skill-alerts.openvoiceos:CreateOcpAlarm,stelle einen radiowecker um sechs uhr morgens ein
de,ovos-skill-alerts.openvoiceos:CreateOcpAlarm,wecke mich mit radio um 6 uhr morgens auf
de,ovos-skill-alerts.openvoiceos:CreateOcpAlarm,mache einen 6-uhr-wecker der radio spielt
de,ovos-skill-alerts.openvoiceos:CreateOcpAlarm,plane einen radiowecker für sechs uhr morgens
de,ovos-skill-alerts.openvoiceos:CreateOcpAlarm,stelle radio als meinen wecker für 6 uhr morgens ein
de,ovos-skill-alerts.openvoiceos:CreateOcpAlarm,schalte den radiowecker um 6 uhr morgens ein
de,ovos-skill-alerts.openvoiceos:CreateOcpAlarm,wecke mich um 6 uhr morgens mit radiogeräuschen
de,ovos-skill-alerts.openvoiceos:CreateOcpAlarm,radiowecker für 6 uhr morgens
de,ovos-skill-alerts.openvoiceos:CancelAlert,alle timer stoppen
de,ovos-skill-alerts.openvoiceos:CreateAlarm,bitte stelle einen wecker auf 8 uhr morgens
de,ovos-skill-alerts.openvoiceos:CreateAlarm,stelle einen wecker auf 7 uhr morgens
de,ovos-skill-alerts.openvoiceos:CreateAlarm,erstelle einen wecker um sieben uhr morgens
de,ovos-skill-alerts.openvoiceos:CreateAlarm,wecke mich um 7 uhr morgens
de,ovos-skill-alerts.openvoiceos:CreateAlarm,wecke mich um sieben uhr
de,ovos-skill-alerts.openvoiceos:TimerStatus,was ist auf dem küchentimer noch übrig
de,ovos-skill-alerts.openvoiceos:TimerStatus,wie lange dauert es noch bis mein timer abläuft
de,ovos-skill-alerts.openvoiceos:TimerStatus,den timer überprüfen
de,ovos-skill-alerts.openvoiceos:TimerStatus,verbleibende zeit auf meinem countdown
de,ovos-skill-boot-finished.openvoiceos:enable_ready_notification.intent,bereit-benachrichtigungen einschalten
de,ovos-skill-boot-finished.openvoiceos:enable_ready_notification.intent,benachrichtige mich wenn das system bereit ist
de,ovos-skill-wallpapers.openvoiceos:picture.random.intent,zeige ein zufälliges bild
de,ovos-skill-wallpapers.openvoiceos:picture.random.intent,gib mir ein zufälliges foto
de,ovos-skill-wallpapers.openvoiceos:wallpaper.about.intent,stelle einen hintergrund mit bergen ein
de,ovos-skill-wallpapers.openvoiceos:wallpaper.about.intent,hintergrund auf etwas natürliches ändern
de,ovos-skill-boot-finished.openvoiceos:disable_ready_notification.intent,bereit-benachrichtigung ausschalten
de,ovos-skill-boot-finished.openvoiceos:disable_ready_notification.intent,hör auf mir zu sagen wann es bereit ist
de,ovos-skill-hello-world.openvoiceos:Greetings.intent,was ist los
de,ovos-skill-hello-world.openvoiceos:Greetings.intent,wie geht's
de,ovos-skill-wallpapers.openvoiceos:wallpaper.random.intent,zu einem zufälligen hintergrund wechseln
de,ovos-skill-wallpapers.openvoiceos:wallpaper.random.intent,neuer zufälliger hintergrund bitte
de,ovos-skill-boot-finished.openvoiceos:are_you_ready.intent,bist du betriebsbereit
de,ovos-skill-boot-finished.openvoiceos:are_you_ready.intent,ist alles bereit
de,ovos-skill-volume.openvoiceos:increase_volume,lautstärke jetzt erhöhen
de,ovos-skill-volume.openvoiceos:increase_volume,den ton aufdrehen
de,ovos-skill-volume.openvoiceos:increase_volume,die lautstärke erhöhen
de,ovos-skill-volume.openvoiceos:increase_volume,mach es lauter bitte
de,ovos-skill-volume.openvoiceos:increase_volume,ich kann nicht hören mach es lauter
de,ovos-skill-alerts.openvoiceos:CreateAlarm,wecker für 7 uhr morgens
de,ovos-skill-alerts.openvoiceos:CreateAlarm,wecke mich um 6 uhr morgens
de,ovos-skill-alerts.openvoiceos:CreateAlarm,stelle sicher dass ich um 9 uhr wach bin
de,ovos-skill-alerts.openvoiceos:CreateAlarm,stelle einen wochentagswecker für 7 uhr morgens ein
de,ovos-skill-alerts.openvoiceos:CreateOcpAlarm,spiele etwas musik um mich zu wecken
de,ovos-skill-alerts.openvoiceos:TimerStatus,wie viel zeit ist auf diesem timer noch übrig
de,ovos-skill-alerts.openvoiceos:CreateOcpAlarm,stelle einen wecker auf 6 uhr morgens und spiele jazz
de,ovos-skill-wallpapers.openvoiceos:picture.random.intent,zeig mir etwas nettes
de,ovos-skill-wallpapers.openvoiceos:wallpaper.random.intent,neuer hintergrund bitte
de,ovos-skill-wallpapers.openvoiceos:wallpaper.about.intent,hintergrund auf berge einstellen
de,ovos-skill-boot-finished.openvoiceos:disable_ready_notification.intent,start-benachrichtigung ausschalten
de,ovos-skill-boot-finished.openvoiceos:enable_ready_notification.intent,bereitschaftsstatus aktivieren
de,ovos-skill-personal.openvoiceos:WhoAreYou.intent,wer bist du
de,ovos-skill-personal.openvoiceos:WhoAreYou.intent,wie ist dein name
de,ovos-skill-personal.openvoiceos:WhoAreYou.intent,nenne deinen namen
de,ovos-skill-personal.openvoiceos:WhoAreYou.intent,sag deinen namen
de,ovos-skill-alerts.openvoiceos:CreateAlarm,erstelle einen wecker für mich
de,ovos-skill-alerts.openvoiceos:CreateOcpAlarm,wecke mich um 8 uhr morgens mit musik
de,ovos-skill-date-time.openvoiceos:current_date.intent,welches datum haben wir heute?
de,ovos-skill-date-time.openvoiceos:what.day.is.it.intent,der wievielte ist heute?
de,ovos-skill-date-time.openvoiceos:what.weekday.is.it.intent,welcher wochentag ist heute?
de,ovos-skill-date-time.openvoiceos:what.month.is.it.intent,in welchem monat sind wir?
de,ovos-skill-date-time.openvoiceos:what.year.is.it.intent,welches jahr schreiben wir?
de,ovos-skill-date-time.openvoiceos:date.future.weekend.intent,welches datum hat das kommende wochenende?
de,ovos-skill-date-time.openvoiceos:date.last.weekend.intent,welcher tag war das letzte wochenende?
de,ovos-skill-date-time.openvoiceos:time.until.intent,wie viele tage sind es noch bis zum 1. januar?
de,ovos-skill-date-time.openvoiceos:weekday.for.date.intent,welcher wochentag fällt auf den 15. märz 2025?
da,ovos-skill-date-time.openvoiceos:current_date.intent,hvad er datoen i dag?
da,ovos-skill-date-time.openvoiceos:what.day.is.it.intent,hvilken dato er det i dag?
da,ovos-skill-date-time.openvoiceos:what.weekday.is.it.intent,hvilken ugedag er det i dag?
da,ovos-skill-date-time.openvoiceos:what.month.is.it.intent,hvilken måned er vi i?
da,ovos-skill-date-time.openvoiceos:what.year.is.it.intent,hvilket år er det nu?
da,ovos-skill-date-time.openvoiceos:date.future.weekend.intent,hvad er datoen for næste weekend?
da,ovos-skill-date-time.openvoiceos:date.last.weekend.intent,hvilken dato var sidste weekend?
da,ovos-skill-date-time.openvoiceos:time.until.intent,hvor lang tid er der til den 1. januar?
da,ovos-skill-date-time.openvoiceos:weekday.for.date.intent,hvilken ugedag er den 15. marts 2025?
es,ovos-skill-date-time.openvoiceos:current_date.intent,¿cuál es la fecha de hoy?
es,ovos-skill-date-time.openvoiceos:what.day.is.it.intent,¿qué día del mes es hoy?
es,ovos-skill-date-time.openvoiceos:what.weekday.is.it.intent,¿qué día de la semana es hoy?
es,ovos-skill-date-time.openvoiceos:what.month.is.it.intent,¿en qué mes estamos?
es,ovos-skill-date-time.openvoiceos:what.year.is.it.intent,¿qué año es?
es,ovos-skill-date-time.openvoiceos:date.future.weekend.intent,¿qué fecha tiene el próximo fin de semana?
es,ovos-skill-date-time.openvoiceos:date.last.weekend.intent,¿qué día fue el fin de semana pasado?
es,ovos-skill-date-time.openvoiceos:time.until.intent,¿cuántos días faltan para el 1 de enero?
es,ovos-skill-date-time.openvoiceos:weekday.for.date.intent,¿qué día de la semana será el 15 de marzo de 2025?
ca,ovos-skill-date-time.openvoiceos:current_date.intent,quina és la data d'avui?
ca,ovos-skill-date-time.openvoiceos:what.day.is.it.intent,quin dia del mes és avui?
ca,ovos-skill-date-time.openvoiceos:what.weekday.is.it.intent,quin dia de la setmana és avui?
ca,ovos-skill-date-time.openvoiceos:what.month.is.it.intent,en quin mes estem?
ca,ovos-skill-date-time.openvoiceos:what.year.is.it.intent,quin any és?
ca,ovos-skill-date-time.openvoiceos:date.future.weekend.intent,quina data té el proper cap de setmana?
ca,ovos-skill-date-time.openvoiceos:date.last.weekend.intent,quin dia va ser el cap de setmana passat?
ca,ovos-skill-date-time.openvoiceos:time.until.intent,quants dies falten per al 1 de gener?
ca,ovos-skill-date-time.openvoiceos:weekday.for.date.intent,quin dia de la setmana serà el 15 de març de 2025?
it,ovos-skill-date-time.openvoiceos:current_date.intent,qual è la data di oggi?
it,ovos-skill-date-time.openvoiceos:what.day.is.it.intent,che giorno del mese è oggi?
it,ovos-skill-date-time.openvoiceos:what.weekday.is.it.intent,che giorno della settimana è oggi?
it,ovos-skill-date-time.openvoiceos:what.month.is.it.intent,in che mese siamo?
it,ovos-skill-date-time.openvoiceos:what.year.is.it.intent,che anno è?
it,ovos-skill-date-time.openvoiceos:date.future.weekend.intent,qual è la data del prossimo fine settimana?
it,ovos-skill-date-time.openvoiceos:date.last.weekend.intent,che giorno era lo scorso fine settimana?
it,ovos-skill-date-time.openvoiceos:time.until.intent,quanti giorni mancano al 1º gennaio?
it,ovos-skill-date-time.openvoiceos:weekday.for.date.intent,che giorno della settimana sarà il 15 marzo 2025?
fr,ovos-skill-date-time.openvoiceos:current_date.intent,quelle est la date d'aujourd'hui?
fr,ovos-skill-date-time.openvoiceos:what.day.is.it.intent,quel jour du mois sommes-nous?
fr,ovos-skill-date-time.openvoiceos:what.weekday.is.it.intent,quel jour de la semaine est-ce aujourd'hui?
fr,ovos-skill-date-time.openvoiceos:what.month.is.it.intent,dans quel mois sommes-nous?
fr,ovos-skill-date-time.openvoiceos:what.year.is.it.intent,quelle année est-ce?
fr,ovos-skill-date-time.openvoiceos:date.future.weekend.intent,quelle est la date du prochain week-end?
fr,ovos-skill-date-time.openvoiceos:date.last.weekend.intent,quel jour était le week-end dernier?
fr,ovos-skill-date-time.openvoiceos:time.until.intent,combien de jours reste-t-il jusqu'au 1er janvier?
fr,ovos-skill-date-time.openvoiceos:weekday.for.date.intent,quel jour de la semaine sera le 15 mars 2025?
nl,ovos-skill-date-time.openvoiceos:current_date.intent,wat is de datum van vandaag?
nl,ovos-skill-date-time.openvoiceos:what.day.is.it.intent,de hoeveelste is het vandaag?
nl,ovos-skill-date-time.openvoiceos:what.weekday.is.it.intent,welke dag van de week is het vandaag?
nl,ovos-skill-date-time.openvoiceos:what.month.is.it.intent,in welke maand zijn we?
nl,ovos-skill-date-time.openvoiceos:what.year.is.it.intent,welk jaar is het?
nl,ovos-skill-date-time.openvoiceos:date.future.weekend.intent,wat is de datum van het komende weekend?
nl,ovos-skill-date-time.openvoiceos:date.last.weekend.intent,welke dag was het vorige weekend?
nl,ovos-skill-date-time.openvoiceos:time.until.intent,hoeveel dagen tot 1 januari?
nl,ovos-skill-date-time.openvoiceos:weekday.for.date.intent,welke dag van de week is 15 maart 2025?
pt,ovos-skill-date-time.openvoiceos:current_date.intent,qual é a data de hoje?
pt,ovos-skill-date-time.openvoiceos:what.day.is.it.intent,que dia do mês é hoje?
pt,ovos-skill-date-time.openvoiceos:what.weekday.is.it.intent,que dia da semana é hoje?
pt,ovos-skill-date-time.openvoiceos:what.month.is.it.intent,em que mês estamos?
pt,ovos-skill-date-time.openvoiceos:what.year.is.it.intent,em que ano estamos?
pt,ovos-skill-date-time.openvoiceos:date.future.weekend.intent,qual é a data do próximo fim de semana?
pt,ovos-skill-date-time.openvoiceos:date.last.weekend.intent,que dia foi o fim de semana passado?
pt,ovos-skill-date-time.openvoiceos:time.until.intent,quantos dias faltam para 1 de janeiro?
pt,ovos-skill-date-time.openvoiceos:weekday.for.date.intent,que dia da semana será 15 de março de 2025?
nl,ovos-skill-days-in-history.openvoiceos:deaths_in_history.intent,wie is er gestorven op deze datum vroeger?
nl,ovos-skill-days-in-history.openvoiceos:deaths_in_history.intent,welke bekende persoon overleed op een dag zoals vandaag?
nl,ovos-skill-days-in-history.openvoiceos:deaths_in_history.intent,wie is op deze dag overleden in de geschiedenis?
nl,ovos-skill-days-in-history.openvoiceos:deaths_in_history.intent,noem iemand die vandaag is gestorven in het verleden
nl,ovos-skill-confucius-quotes.openvoiceos:ConfuciusQuote,vertel me een wijsheid van confucius
nl,ovos-skill-confucius-quotes.openvoiceos:ConfuciusQuote,kun je een spreuk van confucius citeren?
nl,ovos-skill-confucius-quotes.openvoiceos:ConfuciusQuote,heb je een citaat van confucius voor me?
nl,ovos-skill-confucius-quotes.openvoiceos:ConfuciusQuote,wat zei confucius over het leven?
nl,ovos-skill-confucius-quotes.openvoiceos:ConfuciusBirth,in welke periode leefde confucius?
nl,ovos-skill-confucius-quotes.openvoiceos:ConfuciusBirth,wanneer was confucius in leven?
nl,ovos-skill-confucius-quotes.openvoiceos:ConfuciusBirth,uit welk tijdperk komt confucius?
nl,ovos-skill-confucius-quotes.openvoiceos:ConfuciusBirth,hoe lang geleden leefde confucius?
nl,ovos-skill-confucius-quotes.openvoiceos:ConfuciusDeath,wanneer overleed confucius?
nl,ovos-skill-confucius-quotes.openvoiceos:ConfuciusDeath,in welk jaar is confucius gestorven?
nl,ovos-skill-confucius-quotes.openvoiceos:ConfuciusDeath,op welke datum is confucius overleden?
nl,ovos-skill-confucius-quotes.openvoiceos:ConfuciusDeath,hoe oud was confucius toen hij stierf?
nl,ovos-skill-naptime.openvoiceos:WakeUp,het is tijd om op te staan
nl,ovos-skill-naptime.openvoiceos:WakeUp,word nu wakker het is tijd
nl,ovos-skill-naptime.openvoiceos:WakeUp,wakker worden de dag is begonnen
nl,ovos-skill-naptime.openvoiceos:WakeUp,de wekker gaat tijd om op te staan
nl,ovos-skill-alerts.openvoiceos:RescheduleAlert,zet mijn wekker van half zeven naar kwart voor zeven
nl,ovos-skill-alerts.openvoiceos:RescheduleAlert,wijzig de alarmtijd van 7 naar 8 uur
nl,ovos-skill-alerts.openvoiceos:RescheduleAlert,verplaats het alarm van 6 uur naar 6:30
nl,ovos-skill-alerts.openvoiceos:RescheduleAlert,stel mijn wekker een uur later in
nl,ovos-skill-alerts.openvoiceos:ChangeProperties,pas de broodtimer aan naar 3 minuten extra
nl,ovos-skill-alerts.openvoiceos:ChangeProperties,verleng de kookwekker met twee minuten
nl,ovos-skill-alerts.openvoiceos:ChangeProperties,doe er 120 seconden bij voor de timer
nl,ovos-skill-alerts.openvoiceos:ChangeProperties,maak de timer iets langer met een paar minuten
nl,ovos-skill-wordnet.openvoiceos:synonym.intent,zoek vergelijkbare woorden voor 'rustig' via wordnet
nl,ovos-skill-wordnet.openvoiceos:synonym.intent,wil je synoniemen vinden van 'sterk' met wordnet?
nl,ovos-skill-wordnet.openvoiceos:synonym.intent,laat me alternatieven zien voor het woord 'mooi
nl,ovos-skill-wordnet.openvoiceos:synonym.intent,wat zijn gelijkaardige termen als 'droevig' in wordnet?
nl,ovos-skill-personal.openvoiceos:WhoAreYou.intent,mag ik weten wie jij bent?
nl,ovos-skill-personal.openvoiceos:WhoAreYou.intent,stel jezelf eens voor
nl,ovos-skill-personal.openvoiceos:WhoAreYou.intent,met wie heb ik het genoegen?
nl,ovos-skill-personal.openvoiceos:WhoAreYou.intent,wie praat er met mij?
nl,ovos-skill-personal.openvoiceos:WhatAreYou.intent,wat voor soort systeem ben jij?
nl,ovos-skill-personal.openvoiceos:WhatAreYou.intent,hoe zou je jezelf omschrijven?
nl,ovos-skill-personal.openvoiceos:WhatAreYou.intent,wat is jouw functie eigenlijk?
nl,ovos-skill-personal.openvoiceos:WhatAreYou.intent,waarvoor ben jij ontworpen?
eu,ovos-skill-alerts.openvoiceos:TimerStatus,zenbat minutu falta dira kronometrorako?
eu,ovos-skill-alerts.openvoiceos:TimerStatus,geratzen al da denborarik timerrean?
eu,ovos-skill-alerts.openvoiceos:TimerStatus,zenbat segundo daude oraindik erlojupekoan?
eu,ovos-skill-alerts.openvoiceos:TimerStatus,noiz amaitzen da atzerako kontaketa?
eu,ovos-skill-hello-world.openvoiceos:ThankYouIntent,mila esker
eu,ovos-skill-hello-world.openvoiceos:ThankYouIntent,eskerrik beroenak
eu,ovos-skill-hello-world.openvoiceos:ThankYouIntent,benetan eskertzen dut
eu,ovos-skill-hello-world.openvoiceos:ThankYouIntent,eskerrik asko zure laguntzagatik
eu,ovos-skill-wallpapers.openvoiceos:picture.about.intent,ikus al dezaket katu batzuekin argazki bat?
eu,ovos-skill-wallpapers.openvoiceos:picture.about.intent,bidal iezadazu mendiko paisaiaren irudi bat
eu,ovos-skill-wallpapers.openvoiceos:picture.about.intent,ikusi nahi nuke egunsenti baten argazkia
eu,ovos-skill-wallpapers.openvoiceos:picture.about.intent,aurkitu argazki bat itsasoarekin mesedez
eu,ovos-skill-wordnet.openvoiceos:synonym.intent,esanahi bera duten hitzak bilatu 'lasai' hitzarentzat
eu,ovos-skill-wordnet.openvoiceos:synonym.intent,zer sinonimo ditu 'indartsu' hitzak wordnet-en?
eu,ovos-skill-wordnet.openvoiceos:synonym.intent,argia' hitzaren parekoak bilatu wordnet bidez
eu,ovos-skill-wordnet.openvoiceos:synonym.intent,nola esaten da bestela 'ederra' wordneten arabera?
eu,ovos-skill-days-in-history.openvoiceos:births_in_history.intent,zein ospetsu jaio zen gaur bezalako egunean?
eu,ovos-skill-days-in-history.openvoiceos:births_in_history.intent,nor izan zen jaiotako gaurko egunez historian zehar?
eu,ovos-skill-days-in-history.openvoiceos:births_in_history.intent,gaur egunez nor jaio zen iraganeko garaietan?
eu,ovos-skill-days-in-history.openvoiceos:births_in_history.intent,historiako zein pertsona jaio zen egun honetan?
eu,ovos-skill-days-in-history.openvoiceos:deaths_in_history.intent,zein figura hil zen gaur bezalako egun batean?
eu,ovos-skill-days-in-history.openvoiceos:deaths_in_history.intent,historiako norbait hil zen gaurko egunez?
eu,ovos-skill-days-in-history.openvoiceos:deaths_in_history.intent,gaur eguneko egunean nor hil zen historian?
eu,ovos-skill-days-in-history.openvoiceos:deaths_in_history.intent,esan iezadazu nork galdu zuen bizia egun honetan?
eu,ovos-skill-personal.openvoiceos:WhoAreYou.intent,zu nor zara benetan?
eu,ovos-skill-personal.openvoiceos:WhoAreYou.intent,nork egiten du hitz nirekin?
eu,ovos-skill-personal.openvoiceos:WhoAreYou.intent,zein zara zu?
eu,ovos-skill-personal.openvoiceos:WhoAreYou.intent,aurkeztu zure burua
eu,ovos-skill-personal.openvoiceos:WhatAreYou.intent,zertarako balio duzu zuk?
eu,ovos-skill-personal.openvoiceos:WhatAreYou.intent,nolako zerbitzua eskaintzen duzu?
eu,ovos-skill-personal.openvoiceos:WhatAreYou.intent,zertan datza zure funtzioa?
eu,ovos-skill-personal.openvoiceos:WhatAreYou.intent,zer motatako laguntza eskaintzen duzu?
eu,ovos-skill-randomness.openvoiceos:flip-a-coin.intent,egin dezagun txanpon jaurtiketa
eu,ovos-skill-randomness.openvoiceos:flip-a-coin.intent,bota ezazu txanpona eta ikus dezagun zer ateratzen den
eu,ovos-skill-randomness.openvoiceos:flip-a-coin.intent,jaurti txanpona eta esan emaitza
eu,ovos-skill-randomness.openvoiceos:flip-a-coin.intent,nahi dut zorizko txanpon bat botatzea
de,ovos-skill-confucius-quotes.openvoiceos:ConfuciusQuote,sag mir ein zitat von konfuzius
de,ovos-skill-confucius-quotes.openvoiceos:ConfuciusQuote,was sagte konfuzius
de,ovos-skill-confucius-quotes.openvoiceos:ConfuciusQuote,nenne mir ein zitat von konfuzius
de,ovos-skill-confucius-quotes.openvoiceos:ConfuciusQuote,kannst du etwas von konfuzius zitieren
de,ovos-skill-confucius-quotes.openvoiceos:ConfuciusQuote,bitte suche mir ein zitat von konfuzius
de,ovos-skill-confucius-quotes.openvoiceos:ConfuciusQuote,was würde konfuzius sagen
de,ovos-skill-confucius-quotes.openvoiceos:ConfuciusQuote,was sagt konfuzius
de,ovos-skill-confucius-quotes.openvoiceos:ConfuciusBirth,wann lebte konfuzius
de,ovos-skill-confucius-quotes.openvoiceos:ConfuciusBirth,wann hat konfuzius gelebt
de,ovos-skill-confucius-quotes.openvoiceos:ConfuciusBirth,wann wurde konfuzius geboren
de,ovos-skill-confucius-quotes.openvoiceos:ConfuciusBirth,nenne mir das geburtsjahr von konfuzius
de,ovos-skill-confucius-quotes.openvoiceos:ConfuciusBirth,geburtsdatum von konfuzius
de,ovos-skill-confucius-quotes.openvoiceos:ConfuciusDeath,in welchem jahr starb konfuzius
de,ovos-skill-confucius-quotes.openvoiceos:ConfuciusDeath,wann ist konfuzius gestorben
de,ovos-skill-confucius-quotes.openvoiceos:ConfuciusDeath,wann starb konfuzius
de,ovos-skill-confucius-quotes.openvoiceos:ConfuciusDeath,das sterbejahr von konfuzius
de,ovos-skill-naptime.openvoiceos:WakeUp,es ist zeit aufzuwachen
de,ovos-skill-naptime.openvoiceos:WakeUp,bitte wache wieder auf
de,ovos-skill-naptime.openvoiceos:WakeUp,schlummern beenden
de,ovos-skill-naptime.openvoiceos:WakeUp,wache auf
de,ovos-skill-naptime.openvoiceos:WakeUp,aufwachen
de,ovos-skill-alerts.openvoiceos:RescheduleAlert,verschiebe meinen wecker von 8 uhr auf 9 uhr
de,ovos-skill-alerts.openvoiceos:RescheduleAlert,verschiebe meinen alarm von 8 uhr auf 9 uhr
de,ovos-skill-alerts.openvoiceos:RescheduleAlert,weckalarm von 8 uhr auf 9 uhr verschieben
de,ovos-skill-alerts.openvoiceos:RescheduleAlert,wecker von 8 uhr auf 9 uhr neu planen
de,ovos-skill-alerts.openvoiceos:RescheduleAlert,verschiebe meinen zahnarzttermin auf mittwoch
de,ovos-skill-alerts.openvoiceos:RescheduleAlert,verschiebe meinen mittagessentermin auf 12:30 uhr
de,ovos-skill-alerts.openvoiceos:RescheduleAlert,ändere meine tennisverabredung von 17 uhr auf 18 uhr
de,ovos-skill-alerts.openvoiceos:RescheduleAlert,verschiebe den termin bei meinen friseur um eine woche
de,ovos-skill-alerts.openvoiceos:ChangeProperties,verlängere den brottimer um 2 minuten
de,ovos-skill-alerts.openvoiceos:ChangeProperties,ändere meine alarmeinstellungen
de,ovos-skill-alerts.openvoiceos:ChangeProperties,ändere den 8 uhr alarm am dienstag auf 8:30 uhr
de,ovos-skill-alerts.openvoiceos:ChangeProperties,verlängere den tennistermin um 30 minuten
de,ovos-skill-alerts.openvoiceos:ChangeProperties,ändere den 8 uhr alarm auf wiederholung nur am dienstag und mittwoch
de,ovos-skill-alerts.openvoiceos:DeleteList,wirf die einkaufsliste weg
de,ovos-skill-alerts.openvoiceos:DeleteList,einkaufsliste löschen
de,ovos-skill-alerts.openvoiceos:DeleteList,liste löschen
de,ovos-skill-alerts.openvoiceos:DeleteList,lösche die einkaufsliste
de,ovos-skill-alerts.openvoiceos:DeleteList,lösche die liste
de,ovos-skill-alerts.openvoiceos:DeleteList,einkaufsliste entsorgen
de,ovos-skill-wordnet.openvoiceos:synonym.intent,finde synonyme für 'schnell' mit wordnet
de,ovos-skill-wordnet.openvoiceos:synonym.intent,kannst du ähnliche wörter wie „gehen“ suchen
de,ovos-skill-wordnet.openvoiceos:synonym.intent,welche wörter bedeuten das gleiche wie „bauen“
de,ovos-skill-wordnet.openvoiceos:synonym.intent,was kann man statt „groß“ sagen
de,ovos-skill-confucius-quotes.openvoiceos:ConfuciusQuote,kannst du mir eine weisheit von konfuzius nennen?
de,ovos-skill-confucius-quotes.openvoiceos:ConfuciusQuote,gib mir bitte ein kluges sprichwort von konfuzius
de,ovos-skill-confucius-quotes.openvoiceos:ConfuciusQuote,ich hätte gern ein inspirierendes zitat von konfuzius
de,ovos-skill-confucius-quotes.openvoiceos:ConfuciusQuote,was hat konfuzius mal gesagt?
de,ovos-skill-confucius-quotes.openvoiceos:ConfuciusBirth,in welchem jahr wurde konfuzius geboren?
de,ovos-skill-confucius-quotes.openvoiceos:ConfuciusBirth,weißt du wann konfuzius gelebt hat?
de,ovos-skill-confucius-quotes.openvoiceos:ConfuciusBirth,zu welcher zeit lebte konfuzius?
de,ovos-skill-confucius-quotes.openvoiceos:ConfuciusDeath,in welchem zeitraum ist konfuzius gestorben?
de,ovos-skill-confucius-quotes.openvoiceos:ConfuciusDeath,kennst du das todesjahr von konfuzius?
de,ovos-skill-confucius-quotes.openvoiceos:ConfuciusDeath,weißt du wann konfuzius gestorben ist?
de,ovos-skill-naptime.openvoiceos:WakeUp,aufstehen es ist schon spät!
de,ovos-skill-naptime.openvoiceos:WakeUp,jetzt ist zeit wach zu werden
de,ovos-skill-naptime.openvoiceos:WakeUp,du solltest langsam aufstehen
de,ovos-skill-naptime.openvoiceos:WakeUp,beende den schlaf es geht los!
de,ovos-skill-alerts.openvoiceos:RescheduleAlert,bitte ändere den wecker von 6 uhr auf 6:45 uhr
de,ovos-skill-alerts.openvoiceos:RescheduleAlert,setze meinen alarm von halb neun auf neun uhr
de,ovos-skill-alerts.openvoiceos:RescheduleAlert,verschiebe bitte meinen morgenwecker um 20 minuten nach hinten
de,ovos-skill-alerts.openvoiceos:RescheduleAlert,ändere die weckzeit auf 10:10 uhr
de,ovos-skill-alerts.openvoiceos:ChangeProperties,häng bitte 3 minuten an den eier-timer dran
de,ovos-skill-alerts.openvoiceos:ChangeProperties,kannst du den nudeltimer um ein paar minuten verlängern?
de,ovos-skill-alerts.openvoiceos:ChangeProperties,bitte verlängere den teetimer um 90 sekunden
de,ovos-skill-alerts.openvoiceos:ChangeProperties,setz die backzeit 2 minuten höher
de,ovos-skill-alerts.openvoiceos:DeleteList,entferne meine einkaufsliste komplett
de,ovos-skill-alerts.openvoiceos:DeleteList,ich brauche die liste nicht mehr lösch sie bitte
de,ovos-skill-alerts.openvoiceos:DeleteList,wirf die merkliste bitte weg
de,ovos-skill-alerts.openvoiceos:DeleteList,schmeiß meine notizen für den einkauf raus
de,ovos-skill-wordnet.openvoiceos:synonym.intent,zeig mir wörter die ähnlich wie „intelligent“ sind
de,ovos-skill-wordnet.openvoiceos:synonym.intent,hast du synonyme für „mutig“ aus wordnet?
de,ovos-skill-wordnet.openvoiceos:synonym.intent,nenn mir bitte alternativen zu „groß“ aus dem wordnet
de,ovos-skill-wordnet.openvoiceos:synonym.intent,welche begriffe kann man anstelle von „interessant“ verwenden?
de,ovos-skill-wordnet.openvoiceos:synonym.intent,was sind andere wörter für „freundlich“ im wordnet?
de,ovos-skill-confucius-quotes.openvoiceos:ConfuciusQuote,hast du ein weises zitat von konfuzius für mich?
de,ovos-skill-confucius-quotes.openvoiceos:ConfuciusBirth,in welchem jahrhundert wurde konfuzius geboren?
de,ovos-skill-confucius-quotes.openvoiceos:ConfuciusDeath,kannst du mir sagen wann konfuzius gestorben ist?
de,ovos-skill-naptime.openvoiceos:WakeUp,steh auf der tag beginnt!
de,ovos-skill-alerts.openvoiceos:RescheduleAlert,setz den wecker bitte von 7:30 uhr auf 8:15 uhr um
de,ovos-skill-alerts.openvoiceos:ChangeProperties,bitte füge dem kuchentimer noch zwei minuten hinzu
de,ovos-skill-alerts.openvoiceos:DeleteList,lösch bitte meine liste für den supermarkt
de,ovos-skill-wordnet.openvoiceos:synonym.intent,zeig mir alternative begriffe für „schnell“ aus wordnet
es,ovos-skill-weather.openvoiceos:is_fog.intent,¿se espera neblina en zaragoza esta mañana?
es,ovos-skill-weather.openvoiceos:is_clear.intent,¿va a estar el cielo despejado esta tarde en sevilla?
es,ovos-skill-weather.openvoiceos:is_stormy.intent,¿hay posibilidad de tormentas hoy en bilbao?
es,ovos-skill-weather.openvoiceos:high_temperature.intent,¿cuál será la temperatura máxima este martes en barcelona?
es,ovos-skill-weather.openvoiceos:is_wind.intent,¿va a hacer viento hoy?
es,ovos-skill-weather.openvoiceos:current_temperature.intent,¿me puedes decir cuántos grados hay ahora?
es,ovos-skill-weather.openvoiceos:low_temperature.intent,¿cuál será la mínima pronosticada en bilbao?
es,ovos-skill-weather.openvoiceos:sunrise.intent,¿me dices a qué hora amanece?
es,ovos-skill-weather.openvoiceos:hourly_forecast.intent,¿qué clima habrá el viernes a las nueve de la noche?
es,ovos-skill-days-in-history.openvoiceos:deaths_in_history.intent,¿qué personaje murió tal día como hoy?
es,ovos-skill-naptime.openvoiceos:WakeUp,despierta ya es hora de levantarse
es,ovos-skill-alerts.openvoiceos:RescheduleAlert,reprograma la alarma de las ocho para las nueve
es,ovos-skill-alerts.openvoiceos:ChangeProperties,añade dos minutos más al temporizador del pan
es,ovos-skill-alerts.openvoiceos:QueryTodoEntries,tengo tareas pendientes?
es,ovos-skill-wordnet.openvoiceos:synonym.intent,enséñame sinónimos de feliz usando wordnet
es,ovos-skill-personal.openvoiceos:WhoAreYou.intent,¿puedes decirme quién eres?
es,ovos-skill-personal.openvoiceos:WhatAreYou.intent,¿qué tipo de cosa eres tú?
es,ovos-skill-weather.openvoiceos:is_fog.intent,¿esperas niebla en salamanca al amanecer?
es,ovos-skill-weather.openvoiceos:is_clear.intent,¿tendremos cielo limpio esta noche en valencia?
es,ovos-skill-weather.openvoiceos:is_stormy.intent,¿hay alertas de tormenta para mañana en málaga?
es,ovos-skill-weather.openvoiceos:high_temperature.intent,¿cuál será la máxima este jueves en granada?
es,ovos-skill-weather.openvoiceos:is_wind.intent,¿hay rachas de viento hoy por la tarde?
es,ovos-skill-weather.openvoiceos:current_temperature.intent,¿cuántos grados marca ahora el termómetro?
es,ovos-skill-weather.openvoiceos:low_temperature.intent,¿qué mínima se prevé el domingo en san sebastián?
es,ovos-skill-weather.openvoiceos:sunrise.intent,¿me puedes decir cuándo sale el sol en león?
es,ovos-skill-weather.openvoiceos:hourly_forecast.intent,¿qué clima hará el sábado a las seis de la tarde?
es,ovos-skill-days-in-history.openvoiceos:deaths_in_history.intent,¿qué personaje histórico murió un día como hoy?
es,ovos-skill-naptime.openvoiceos:WakeUp,levántate ya amaneció
es,ovos-skill-alerts.openvoiceos:RescheduleAlert,modifica mi alarma de las 6:30 a las 7:15
es,ovos-skill-alerts.openvoiceos:ChangeProperties,añade dos minutos más al cronómetro del arroz
es,ovos-skill-alerts.openvoiceos:QueryTodoEntries,¿me queda algo por hacer hoy?
es,ovos-skill-personal.openvoiceos:WhoAreYou.intent,¿quién está detrás de esta voz?
es,ovos-skill-personal.openvoiceos:WhatAreYou.intent,¿qué clase de sistema eres tú?
de,ovos-skill-volume.openvoiceos:change_volume,stell bitte die lautstärke auf 65 prozent ein
es,ovos-skill-volume.openvoiceos:change_volume,pon el sonido al 37 por ciento
gl,ovos-skill-volume.openvoiceos:change_volume,regula o volume ao 82%
ca,ovos-skill-volume.openvoiceos:change_volume,fixa el nivell de volum al 29
pt,ovos-skill-volume.openvoiceos:change_volume,coloca o volume nos 44 por cento
fr,ovos-skill-volume.openvoiceos:change_volume,régle le son à 76 pour cent
it,ovos-skill-volume.openvoiceos:change_volume,porta il volume al livello 58
eu,ovos-skill-volume.openvoiceos:change_volume,ezarri bolumena ehuneko 33ra
nl,ovos-skill-volume.openvoiceos:change_volume,zet het volume op niveau 91
de,ovos-skill-volume.openvoiceos:change_volume,ich möchte die lautstärke auf 12 setzen
es,ovos-skill-volume.openvoiceos:change_volume,quiero que el volumen esté al 93%
gl,ovos-skill-volume.openvoiceos:change_volume,axusta o nivel do son a 48
ca,ovos-skill-volume.openvoiceos:change_volume,ajusta el so fins al 16%
pt,ovos-skill-volume.openvoiceos:change_volume,gostava que colocasses o volume a 78
fr,ovos-skill-volume.openvoiceos:change_volume,peux-tu ajuster le volume à 23%
it,ovos-skill-volume.openvoiceos:change_volume,vorrei impostare il volume su 84
eu,ovos-skill-volume.openvoiceos:change_volume,aldatu soinuaren maila 62ra
nl,ovos-skill-volume.openvoiceos:change_volume,ik wil het volume instellen op 10
de,ovos-skill-volume.openvoiceos:change_volume,bitte setze den pegel auf 100
es,ovos-skill-volume.openvoiceos:change_volume,súbelo hasta el 5 por ciento
gl,ovos-skill-volume.openvoiceos:change_volume,poñer o volume en 19
ca,ovos-skill-volume.openvoiceos:change_volume,canvia el volum al 50%
pt,ovos-skill-volume.openvoiceos:change_volume,define o nível de som para 6
fr,ovos-skill-volume.openvoiceos:change_volume,augmente le volume à 31
it,ovos-skill-volume.openvoiceos:change_volume,metti l’audio al 39 percento
eu,ovos-skill-volume.openvoiceos:change_volume,jar ezazu bolumenaren balioa 97ean
nl,ovos-skill-volume.openvoiceos:change_volume,verhoog het volume tot 71 procent
de,common_query:common_query,wie hoch ist der höchste berg der welt
es,common_query:common_query,¿cuál es la altura de la montaña más alta del mundo?
es,common_query:common_query,¿qué altura tiene la montaña más alta del planeta?
de,common_query:common_query,wie heißt der höchste berg der welt
es,common_query:common_query,¿cómo se llama la montaña más alta del mundo?
es,common_query:common_query,¿cuál es el nombre del pico más alto del mundo?
de,common_query:common_query,wie heißt der tiefste punkt der erde
es,common_query:common_query,¿cómo se llama el punto más profundo de la tierra?
es,common_query:common_query,¿cuál es el nombre del lugar más profundo del planeta?
de,common_query:common_query,wie tief ist der tiefste punkt der erde
es,common_query:common_query,¿qué profundidad tiene el punto más profundo de la tierra?
es,common_query:common_query,¿cuán profundo es el lugar más bajo del planeta?
de,common_query:common_query,wann ist der längste tag im jahr
es,common_query:common_query,¿cuándo es el día más largo del año?
es,common_query:common_query,¿en qué fecha ocurre el día con más horas de sol?
de,ovos-skill-speedtest.openvoiceos:SpeedtestIntent,kannst du einen geschwindigkeitstest machen
es,ovos-skill-speedtest.openvoiceos:SpeedtestIntent,¿puedes hacer una prueba de velocidad?
es,ovos-skill-speedtest.openvoiceos:SpeedtestIntent,¿me haces un test de velocidad?
de,ovos-skill-speedtest.openvoiceos:SpeedtestIntent,mache bitte einen speedtest
es,ovos-skill-speedtest.openvoiceos:SpeedtestIntent,haz una prueba de velocidad por favor
es,ovos-skill-speedtest.openvoiceos:SpeedtestIntent,por favor realiza un test de velocidad
de,ovos-skill-speedtest.openvoiceos:SpeedtestIntent,mache einen speedtest
es,ovos-skill-speedtest.openvoiceos:SpeedtestIntent,haz un test de velocidad
es,ovos-skill-speedtest.openvoiceos:SpeedtestIntent,inicia un test de velocidad
de,ovos-skill-speedtest.openvoiceos:SpeedtestIntent,mache einen geschwindigkeitstest
es,ovos-skill-speedtest.openvoiceos:SpeedtestIntent,haz una prueba de velocidad
es,ovos-skill-speedtest.openvoiceos:SpeedtestIntent,realiza una prueba de conexión
de,ovos-skill-iss-location.openvoiceos:where_iss.intent,wo ist die iss gerade
es,ovos-skill-iss-location.openvoiceos:where_iss.intent,¿dónde está la eei ahora?
es,ovos-skill-iss-location.openvoiceos:where_iss.intent,¿puedes decirme la ubicación actual de la eei?
de,ovos-skill-date-time.openvoiceos:current_date.intent,welches datum haben wir heute
es,ovos-skill-date-time.openvoiceos:current_date.intent,¿qué fecha es hoy?
de,ovos-skill-volume.openvoiceos:change_volume,ändere die lautstärke auf 20
es,ovos-skill-volume.openvoiceos:change_volume,cambia el volumen al 80%
es,ovos-skill-volume.openvoiceos:change_volume,ajusta el volumen a cincuenta
es,ovos-skill-weather.openvoiceos:next_rain.intent,¿cuándo empezará a llover otra vez en zaragoza?
fr,ovos-skill-weather.openvoiceos:next_rain.intent,à quel moment la pluie reprendra-t-elle à marseille?
it,ovos-skill-weather.openvoiceos:next_rain.intent,quando ricomincerà a piovere a firenze?
pt,ovos-skill-weather.openvoiceos:next_rain.intent,quando voltará a chover em lisboa?
nl,ovos-skill-weather.openvoiceos:next_rain.intent,hoe laat gaat het weer regenen in den haag?
de,ovos-skill-weather.openvoiceos:next_rain.intent,wann fängt es wieder an zu regnen in hamburg?
ca,ovos-skill-weather.openvoiceos:next_rain.intent,quan començarà a ploure de nou a girona?
gl,ovos-skill-weather.openvoiceos:next_rain.intent,cando volverá chover en santiago de compostela?
es,ovos-skill-weather.openvoiceos:next_rain.intent,¿cuánto falta para la próxima lluvia en córdoba?
fr,ovos-skill-weather.openvoiceos:next_rain.intent,dans combien de temps il pleuvra de nouveau à lille?
it,ovos-skill-weather.openvoiceos:next_rain.intent,quanto manca alla prossima pioggia a venezia?
pt,ovos-skill-weather.openvoiceos:next_rain.intent,quanto tempo falta para chover outra vez no porto?
nl,ovos-skill-weather.openvoiceos:next_rain.intent,hoelang duurt het nog voor het weer gaat regenen in utrecht?
de,ovos-skill-weather.openvoiceos:next_rain.intent,wie lange dauert es bis zum nächsten regen in frankfurt?
ca,ovos-skill-weather.openvoiceos:next_rain.intent,quant de temps falta perquè plogui a tarragona?
gl,ovos-skill-weather.openvoiceos:next_rain.intent,canto falta para que chova de novo en vigo?
es,ovos-skill-weather.openvoiceos:next_rain.intent,¿en qué día está prevista la próxima lluvia en murcia?
fr,ovos-skill-weather.openvoiceos:next_rain.intent,quel jour est prévu le prochain épisode de pluie à bordeaux?
it,ovos-skill-weather.openvoiceos:next_rain.intent,in quale giorno è prevista la prossima pioggia a palermo?
pt,ovos-skill-weather.openvoiceos:next_rain.intent,em que dia vai chover outra vez em faro?
nl,ovos-skill-weather.openvoiceos:next_rain.intent,op welke dag wordt de volgende regen verwacht in eindhoven?
de,ovos-skill-weather.openvoiceos:next_rain.intent,an welchem tag wird der nächste regen in stuttgart erwartet?
ca,ovos-skill-weather.openvoiceos:next_rain.intent,quin dia està prevista la propera pluja a lleida?
gl,ovos-skill-weather.openvoiceos:next_rain.intent,en que día está prevista a próxima chuvia en pontevedra?
es,ovos-skill-weather.openvoiceos:next_rain.intent,¿podrías decirme cuándo lloverá de nuevo en pamplona?
fr,ovos-skill-weather.openvoiceos:next_rain.intent,peux-tu me dire quand il pleuvra à nouveau à nice?
it,ovos-skill-weather.openvoiceos:next_rain.intent,puoi dirmi quando pioverà di nuovo a bologna?
pt,ovos-skill-weather.openvoiceos:next_rain.intent,consegues dizer-me quando vai chover outra vez em guimarães?
nl,ovos-skill-weather.openvoiceos:next_rain.intent,kun je me vertellen wanneer het weer gaat regenen in maastricht?
de,ovos-skill-weather.openvoiceos:next_rain.intent,kannst du mir sagen wann es wieder in dresden regnet?
ca,ovos-skill-weather.openvoiceos:next_rain.intent,em pots dir quan plourà altra vegada a sitges?
gl,ovos-skill-weather.openvoiceos:next_rain.intent,podes dicirme cando volverá chover en ourense?
es,ovos-skill-weather.openvoiceos:next_rain.intent,¿la lluvia volverá antes del fin de semana en alicante?
fr,ovos-skill-weather.openvoiceos:next_rain.intent,la pluie reviendra-t-elle avant le week-end à rennes?
it,ovos-skill-weather.openvoiceos:next_rain.intent,la pioggia tornerà prima del fine settimana a genova?
pt,ovos-skill-weather.openvoiceos:next_rain.intent,a chuva voltará antes do fim de semana em cascais?
nl,ovos-skill-weather.openvoiceos:next_rain.intent,zal het voor het weekend weer regenen in haarlem?
de,ovos-skill-weather.openvoiceos:next_rain.intent,wird es vor dem wochenende in bremen wieder regnen?
ca,ovos-skill-weather.openvoiceos:next_rain.intent,la pluja tornarà abans del cap de setmana a manresa?
gl,ovos-skill-weather.openvoiceos:next_rain.intent,a chuvia volverá antes do fin de semana en lugo?
es,ovos-skill-weather.openvoiceos:is_fog.intent,¿habrá niebla esta mañana en zaragoza?
fr,ovos-skill-weather.openvoiceos:is_fog.intent,est-ce qu'il y aura du brouillard ce soir?
it,ovos-skill-weather.openvoiceos:is_fog.intent,ci sarà nebbia a firenze domani?
pt,ovos-skill-weather.openvoiceos:is_fog.intent,vai ter neblina amanhã cedo em porto?
nl,ovos-skill-weather.openvoiceos:is_fog.intent,is er vanmorgen mist in rotterdam?
de,ovos-skill-weather.openvoiceos:is_fog.intent,gibt es heute nebel in münchen?
ca,ovos-skill-weather.openvoiceos:is_fog.intent,hi haurà boira aquesta tarda a girona?
gl,ovos-skill-weather.openvoiceos:is_fog.intent,vai haber néboa mañá en lugo?
es,ovos-skill-weather.openvoiceos:is_rain.intent,¿va a llover esta tarde en valencia?
fr,ovos-skill-weather.openvoiceos:is_rain.intent,y aura-t-il de la pluie demain à lyon?
it,ovos-skill-weather.openvoiceos:is_rain.intent,pioverà a roma nel pomeriggio?
pt,ovos-skill-weather.openvoiceos:is_rain.intent,vai chover durante a noite no porto?
nl,ovos-skill-weather.openvoiceos:is_rain.intent,komt er regen aan in amsterdam vanavond?
de,ovos-skill-weather.openvoiceos:is_rain.intent,wird es heute in berlin regnen?
ca,ovos-skill-weather.openvoiceos:is_rain.intent,plourà aquesta nit a tarragona?
gl,ovos-skill-weather.openvoiceos:is_rain.intent,vai chover esta fin de semana en santiago?
es,ovos-skill-weather.openvoiceos:is_clear.intent,¿estará despejado esta tarde en sevilla?
fr,ovos-skill-weather.openvoiceos:is_clear.intent,le ciel sera-t-il dégagé ce soir à nice?
it,ovos-skill-weather.openvoiceos:is_clear.intent,sarà sereno domani a torino?
pt,ovos-skill-weather.openvoiceos:is_clear.intent,vai estar limpo amanhã de manhã em coimbra?
nl,ovos-skill-weather.openvoiceos:is_clear.intent,is de lucht helder in den haag vanmiddag?
de,ovos-skill-weather.openvoiceos:is_clear.intent,wird es heute in frankfurt klar sein?
ca,ovos-skill-weather.openvoiceos:is_clear.intent,estarà clar aquesta tarda a lleida?
gl,ovos-skill-weather.openvoiceos:is_clear.intent,vai estar despexado mañá en pontevedra?
es,ovos-skill-weather.openvoiceos:is_stormy.intent,¿hay tormenta prevista para hoy en bilbao?
fr,ovos-skill-weather.openvoiceos:is_stormy.intent,est-ce qu'il y aura une tempête demain à nantes?
it,ovos-skill-weather.openvoiceos:is_stormy.intent,ci sarà tempesta a venezia stasera?
pt,ovos-skill-weather.openvoiceos:is_stormy.intent,vai haver tempestade amanhã em faro?
nl,ovos-skill-weather.openvoiceos:is_stormy.intent,is er een storm op komst in utrecht?
de,ovos-skill-weather.openvoiceos:is_stormy.intent,gibt es heute in köln gewitter?
ca,ovos-skill-weather.openvoiceos:is_stormy.intent,hi haurà tempesta aquesta nit a manresa?
gl,ovos-skill-weather.openvoiceos:is_stormy.intent,vai haber tormenta en ourense mañá?
es,ovos-skill-weather.openvoiceos:is_snow.intent,¿va a nevar esta semana en granada?
fr,ovos-skill-weather.openvoiceos:is_snow.intent,y aura-t-il de la neige ce week-end à grenoble?
it,ovos-skill-weather.openvoiceos:is_snow.intent,nevicherà a milano domani?
pt,ovos-skill-weather.openvoiceos:is_snow.intent,vai nevar em braga esta noite?
nl,ovos-skill-weather.openvoiceos:is_snow.intent,komt er sneeuw in eindhoven morgen?
de,ovos-skill-weather.openvoiceos:is_snow.intent,schneit es diese woche in stuttgart?
ca,ovos-skill-weather.openvoiceos:is_snow.intent,nevarà aquesta tarda a vic?
gl,ovos-skill-weather.openvoiceos:is_snow.intent,vai nevar en lugo esta mañá?
es,ovos-skill-weather.openvoiceos:next_rain.intent,¿cuándo va a llover otra vez en málaga?
fr,ovos-skill-weather.openvoiceos:next_rain.intent,quand est-ce qu'il va pleuvoir de nouveau à strasbourg?
it,ovos-skill-weather.openvoiceos:next_rain.intent,quando pioverà di nuovo a napoli?
pt,ovos-skill-weather.openvoiceos:next_rain.intent,quando vai chover outra vez em évora?
nl,ovos-skill-weather.openvoiceos:next_rain.intent,wanneer gaat het weer regenen in groningen?
de,ovos-skill-weather.openvoiceos:next_rain.intent,wann regnet es wieder in düsseldorf?
ca,ovos-skill-weather.openvoiceos:next_rain.intent,quan plourà altra vegada a tarragona?
gl,ovos-skill-weather.openvoiceos:next_rain.intent,cando choverá outra vez en ferrol?
es,ovos-skill-weather.openvoiceos:humidity.intent,¿cuál es el nivel de humedad actual en salamanca?
fr,ovos-skill-weather.openvoiceos:humidity.intent,quel est le taux d'humidité aujourd'hui à rouen?
it,ovos-skill-weather.openvoiceos:humidity.intent,quanto è umido oggi a pisa?
pt,ovos-skill-weather.openvoiceos:humidity.intent,qual é a humidade agora em aveiro?
nl,ovos-skill-weather.openvoiceos:humidity.intent,hoe vochtig is het vandaag in zwolle?
de,ovos-skill-weather.openvoiceos:humidity.intent,wie hoch ist die luftfeuchtigkeit heute in bonn?
ca,ovos-skill-weather.openvoiceos:humidity.intent,quin grau d'humitat fa avui a reus?
gl,ovos-skill-weather.openvoiceos:humidity.intent,como está a humidade esta mañá en ourense?
es,ovos-skill-weather.openvoiceos:N_days_forecast.intent,¿cuál es el pronóstico para los próximos tres días?
fr,ovos-skill-weather.openvoiceos:N_days_forecast.intent,quelle est la météo prévue pour les trois prochains jours?
it,ovos-skill-weather.openvoiceos:current_weather.intent,che tempo fa adesso?
pt,ovos-skill-weather.openvoiceos:daily_forecast.intent,como estará o tempo amanhã?
nl,ovos-skill-weather.openvoiceos:hourly_forecast.intent,wat is de voorspelling voor vrijdagavond om 21 uur?
de,ovos-skill-weather.openvoiceos:daily_forecast.intent,wie wird das wetter morgen in hamburg?
ca,ovos-skill-weather.openvoiceos:current_weather.intent,com està el temps ara mateix?
gl,ovos-skill-weather.openvoiceos:N_days_forecast.intent,cal é o tempo para esta semana?
es,ovos-skill-weather.openvoiceos:N_days_forecast.intent,¿cómo será el clima durante la semana?
fr,ovos-skill-weather.openvoiceos:N_days_forecast.intent,quel temps fera-t-il cette semaine?
it,ovos-skill-weather.openvoiceos:N_days_forecast.intent,dammi il meteo previsto per questa settimana.
pt,ovos-skill-weather.openvoiceos:N_days_forecast.intent,qual é a previsão do tempo para esta semana?
nl,ovos-skill-weather.openvoiceos:N_days_forecast.intent,hoe zal het weer deze week zijn?
de,ovos-skill-weather.openvoiceos:N_days_forecast.intent,was für wetter erwartet man diese woche?
ca,ovos-skill-weather.openvoiceos:N_days_forecast.intent,com serà el temps a la meva zona aquesta setmana?
gl,ovos-skill-weather.openvoiceos:N_days_forecast.intent,vai facer bo tempo esta semana?
es,ovos-skill-weather.openvoiceos:N_days_forecast.intent,informe meteorolóxico semanal.
fr,ovos-skill-weather.openvoiceos:N_days_forecast.intent,quel est le bulletin météo de cette semaine à marseille?
it,ovos-skill-weather.openvoiceos:N_days_forecast.intent,che previsioni ci sono per la settimana?
pt,ovos-skill-weather.openvoiceos:N_days_forecast.intent,mostre-me a previsão do tempo para esta semana.
nl,ovos-skill-weather.openvoiceos:N_days_forecast.intent,wat is het weerbericht voor deze week?
de,ovos-skill-weather.openvoiceos:N_days_forecast.intent,wie war das wetter in der vergangenen woche?
ca,ovos-skill-weather.openvoiceos:N_days_forecast.intent,quin tipus de temps s'espera per aquesta setmana?
gl,ovos-skill-weather.openvoiceos:N_days_forecast.intent,fálame do tempo desta semana.
es,ovos-skill-weather.openvoiceos:N_days_forecast.intent,dame información sobre el tiempo para esta semana.
fr,ovos-skill-weather.openvoiceos:weekend_forecast.intent,prévisions météo pour le week-end.
it,ovos-skill-weather.openvoiceos:current_temperature.intent,qual è la temperatura attuale in gradi celsius?
pt,ovos-skill-weather.openvoiceos:current_temperature.intent,qual é a temperatura agora em lisboa?
nl,ovos-skill-weather.openvoiceos:current_temperature.intent,hoe warm is het momenteel?
de,ovos-skill-weather.openvoiceos:hourly_temperature.intent,wat is de temperatuur vanavond?
ca,ovos-skill-weather.openvoiceos:hourly_temperature.intent,quina temperatura farà demà al matí?
gl,ovos-skill-weather.openvoiceos:high_temperature.intent,qual será a máxima de mañá?
es,ovos-skill-weather.openvoiceos:high_temperature.intent,qué temperatura máxima se espera el martes en barcelona?
fr,ovos-skill-weather.openvoiceos:low_temperature.intent,quelle sera la température minimale demain?
it,ovos-skill-weather.openvoiceos:low_temperature.intent,qual è la temperatura minima prevista per martedì a milano?
pt,ovos-skill-weather.openvoiceos:hourly_temperature.intent,vai fazer calor hoje?
nl,ovos-skill-weather.openvoiceos:hourly_temperature.intent,hoe koud wordt het vandaag?
de,ovos-skill-weather.openvoiceos:hourly_temperature.intent,wie kalt ist es heute?
ca,ovos-skill-weather.openvoiceos:hourly_temperature.intent,quina temperatura màxima hi haurà avui?
gl,ovos-skill-weather.openvoiceos:hourly_temperature.intent,como de quente estará hoxe?
es,ovos-skill-weather.openvoiceos:is_wind.intent,hace viento hoy?
fr,ovos-skill-weather.openvoiceos:is_wind.intent,à quel point le vent souffle-t-il?
it,ovos-skill-weather.openvoiceos:is_snow.intent,sta nevicando oggi?
pt,ovos-skill-weather.openvoiceos:is_snow.intent,há previsão de neve?
nl,ovos-skill-weather.openvoiceos:is_clear.intent,er is vandaag een heldere lucht toch?
de,ovos-skill-weather.openvoiceos:is_clear.intent,ist der himmel heute klar?
ca,ovos-skill-weather.openvoiceos:is_clear.intent,està el cel ennuvolat avui?
gl,ovos-skill-weather.openvoiceos:is_fog.intent,hai néboa esta mañá?
es,ovos-skill-weather.openvoiceos:is_rain.intent,está lloviendo hoy?
fr,ovos-skill-weather.openvoiceos:is_rain.intent,va-t-il pleuvoir?
it,ovos-skill-weather.openvoiceos:is_rain.intent,pioverà stasera?
pt,ovos-skill-weather.openvoiceos:is_rain.intent,vai chover na segunda-feira?
nl,ovos-skill-weather.openvoiceos:is_rain.intent,mogen we vanmiddag regen verwachten?
de,ovos-skill-weather.openvoiceos:is_rain.intent,werde ich heute einen regenschirm brauchen?
ca,ovos-skill-weather.openvoiceos:is_stormy.intent,hi haurà tempestes avui?
gl,ovos-skill-weather.openvoiceos:next_rain.intent,cando choverá outra vez?
es,ovos-skill-weather.openvoiceos:humidity.intent,qué tan alta está la humedad?
fr,ovos-skill-weather.openvoiceos:sunrise.intent,à quelle heure est le lever du soleil?
it,ovos-skill-weather.openvoiceos:sunset.intent,a che ora tramonta il sole?
fr,ovos-skill-weather.openvoiceos:N_days_forecast.intent,peux-tu me donner la météo prévue?
it,ovos-skill-weather.openvoiceos:current_weather.intent,com'è il tempo adesso?
nl,ovos-skill-weather.openvoiceos:hourly_forecast.intent,wat is de verwachting voor zaterdagavond om 21:00 uur?
de,ovos-skill-weather.openvoiceos:daily_forecast.intent,wie sieht die wettervorhersage für morgen in hamburg aus?
ca,ovos-skill-weather.openvoiceos:current_weather.intent,quina temperatura fa fora?
gl,ovos-skill-weather.openvoiceos:N_days_forecast.intent,cal é o tempo previsto para esta semana?
es,ovos-skill-weather.openvoiceos:N_days_forecast.intent,¿qué tiempo se espera para esta semana?
fr,ovos-skill-weather.openvoiceos:N_days_forecast.intent,quel temps fait-il cette semaine?
it,ovos-skill-weather.openvoiceos:N_days_forecast.intent,dammi le previsioni del tempo settimanali.
pt,ovos-skill-weather.openvoiceos:N_days_forecast.intent,qual é a previsão do tempo para os próximos dias?
nl,ovos-skill-weather.openvoiceos:N_days_forecast.intent,hoe wordt het weer deze week op mijn locatie?
de,ovos-skill-weather.openvoiceos:N_days_forecast.intent,wird das wetter diese woche gut?
ca,ovos-skill-weather.openvoiceos:N_days_forecast.intent,informe setmanal del temps.
gl,ovos-skill-weather.openvoiceos:N_days_forecast.intent,como vai estar o tempo esta semana en valencia?
es,ovos-skill-weather.openvoiceos:N_days_forecast.intent,dime el pronóstico semanal.
fr,ovos-skill-weather.openvoiceos:N_days_forecast.intent,fournis-moi les prévisions météo hebdomadaires.
it,ovos-skill-weather.openvoiceos:N_days_forecast.intent,che tempo farà questa settimana?
pt,ovos-skill-weather.openvoiceos:N_days_forecast.intent,como esteve o tempo na última semana?
nl,ovos-skill-weather.openvoiceos:N_days_forecast.intent,wat voor weer kan ik deze week verwachten?
de,ovos-skill-weather.openvoiceos:N_days_forecast.intent,erzähl mir von der wetterlage diese woche.
ca,ovos-skill-weather.openvoiceos:N_days_forecast.intent,dóna'm informació sobre el temps d'aquesta setmana.
gl,ovos-skill-weather.openvoiceos:weekend_forecast.intent,previsión do tempo para o fin de semana.
es,ovos-skill-weather.openvoiceos:current_temperature.intent,¿cuál es la temperatura en grados celsius?
fr,ovos-skill-weather.openvoiceos:current_temperature.intent,quelle est la température actuelle à lyon?
it,ovos-skill-weather.openvoiceos:current_temperature.intent,che temperatura c'è ora?
pt,ovos-skill-weather.openvoiceos:hourly_temperature.intent,qual será a temperatura esta noite?
nl,ovos-skill-weather.openvoiceos:hourly_temperature.intent,hoe warm wordt het morgenochtend?
de,ovos-skill-weather.openvoiceos:high_temperature.intent,wie hoch wird die temperatur morgen?
ca,ovos-skill-weather.openvoiceos:high_temperature.intent,quina temperatura màxima tindrem dimarts a barcelona?
gl,ovos-skill-weather.openvoiceos:low_temperature.intent,cal será a temperatura mínima mañá?
es,ovos-skill-weather.openvoiceos:low_temperature.intent,¿qué temperatura mínima se espera el martes en bilbao?
fr,ovos-skill-weather.openvoiceos:hourly_temperature.intent,est-ce qu'il fera chaud aujourd'hui?
it,ovos-skill-weather.openvoiceos:hourly_temperature.intent,quanto farà freddo oggi?
pt,ovos-skill-weather.openvoiceos:hourly_temperature.intent,está frio hoje?
nl,ovos-skill-weather.openvoiceos:hourly_temperature.intent,hoe warm wordt het vandaag?
de,ovos-skill-weather.openvoiceos:hourly_temperature.intent,wie heiß ist es heute?
ca,ovos-skill-weather.openvoiceos:is_wind.intent,fa vent avui?
gl,ovos-skill-weather.openvoiceos:is_wind.intent,quanta venta fai?
es,ovos-skill-weather.openvoiceos:is_snow.intent,está nevando hoy?
fr,ovos-skill-weather.openvoiceos:is_snow.intent,y aura-t-il de la neige bientôt?
it,ovos-skill-weather.openvoiceos:is_clear.intent,il cielo è sereno oggi?
pt,ovos-skill-weather.openvoiceos:is_clear.intent,hoje está ensolarado certo?
nl,ovos-skill-weather.openvoiceos:is_clear.intent,is het bewolkt vandaag?
de,ovos-skill-weather.openvoiceos:is_fog.intent,ist es heute neblig?
ca,ovos-skill-weather.openvoiceos:is_rain.intent,plou avui?
gl,ovos-skill-weather.openvoiceos:is_rain.intent,vai chover?
es,ovos-skill-weather.openvoiceos:is_rain.intent,lloverá esta noche?
fr,ovos-skill-weather.openvoiceos:is_rain.intent,va-t-il pleuvoir lundi?
it,ovos-skill-weather.openvoiceos:is_rain.intent,ci sarà pioggia questo pomeriggio?
pt,ovos-skill-weather.openvoiceos:is_rain.intent,vai chover à uma da tarde?
nl,ovos-skill-weather.openvoiceos:is_rain.intent,heb ik vandaag een paraplu nodig?
de,ovos-skill-weather.openvoiceos:is_stormy.intent,gibt es heute gewitter?
ca,ovos-skill-weather.openvoiceos:next_rain.intent,quan plourà la pròxima vegada?
gl,ovos-skill-weather.openvoiceos:humidity.intent,que humidade hai?
es,ovos-skill-weather.openvoiceos:sunrise.intent,¿a qué hora sale el sol?
fr,ovos-skill-weather.openvoiceos:sunset.intent,à quelle heure se couche le soleil?
en,ovos-skill-weather.openvoiceos:N_days_forecast.intent,what is the 3 day forecast
es,ovos-skill-weather.openvoiceos:N_days_forecast.intent,cuál es el pronóstico para tres días
fr,ovos-skill-weather.openvoiceos:N_days_forecast.intent,quelle est la prévision pour trois jours
it,ovos-skill-weather.openvoiceos:N_days_forecast.intent,qual è la previsione per tre giorni
pt,ovos-skill-weather.openvoiceos:N_days_forecast.intent,qual é a previsão para três dias
nl,ovos-skill-weather.openvoiceos:N_days_forecast.intent,wat is de weersvoorspelling voor drie dagen
de,ovos-skill-weather.openvoiceos:N_days_forecast.intent,wie ist die vorhersage für drei tage
ca,ovos-skill-weather.openvoiceos:N_days_forecast.intent,quina és la previsió per a tres dies
gl,ovos-skill-weather.openvoiceos:N_days_forecast.intent,cal é a previsión para tres días
en,ovos-skill-weather.openvoiceos:N_days_forecast.intent,what is the weather forecast
es,ovos-skill-weather.openvoiceos:N_days_forecast.intent,cuál es el pronóstico del tiempo
fr,ovos-skill-weather.openvoiceos:N_days_forecast.intent,quelle est la prévision météo
it,ovos-skill-weather.openvoiceos:N_days_forecast.intent,qual è la previsione del tempo
pt,ovos-skill-weather.openvoiceos:N_days_forecast.intent,qual é a previsão do tempo
nl,ovos-skill-weather.openvoiceos:N_days_forecast.intent,wat is de weersvoorspelling
de,ovos-skill-weather.openvoiceos:N_days_forecast.intent,wie lautet die wettervorhersage
ca,ovos-skill-weather.openvoiceos:N_days_forecast.intent,quina és la previsió del temps
gl,ovos-skill-weather.openvoiceos:N_days_forecast.intent,cal é a previsión do tempo
en,ovos-skill-weather.openvoiceos:current_weather.intent,what's the weather like
es,ovos-skill-weather.openvoiceos:current_weather.intent,cómo está el tiempo
fr,ovos-skill-weather.openvoiceos:current_weather.intent,quel temps fait-il
it,ovos-skill-weather.openvoiceos:current_weather.intent,com'è il tempo
pt,ovos-skill-weather.openvoiceos:current_weather.intent,como está o tempo
nl,ovos-skill-weather.openvoiceos:current_weather.intent,hoe is het weer
de,ovos-skill-weather.openvoiceos:current_weather.intent,wie ist das wetter
ca,ovos-skill-weather.openvoiceos:current_weather.intent,com està el temps
gl,ovos-skill-weather.openvoiceos:current_weather.intent,como está o tempo
en,ovos-skill-weather.openvoiceos:daily_forecast.intent,how's the weather tomorrow
es,ovos-skill-weather.openvoiceos:daily_forecast.intent,cómo estará el tiempo mañana
fr,ovos-skill-weather.openvoiceos:daily_forecast.intent,quel temps fera-t-il demain
it,ovos-skill-weather.openvoiceos:daily_forecast.intent,che tempo farà domani
pt,ovos-skill-weather.openvoiceos:daily_forecast.intent,como estará o tempo amanhã
nl,ovos-skill-weather.openvoiceos:daily_forecast.intent,hoe wordt het weer morgen
de,ovos-skill-weather.openvoiceos:daily_forecast.intent,wie wird das wetter morgen
ca,ovos-skill-weather.openvoiceos:daily_forecast.intent,com estarà el temps demà
gl,ovos-skill-weather.openvoiceos:daily_forecast.intent,como estará o tempo mañá
en,ovos-skill-weather.openvoiceos:hourly_forecast.intent,what's the forecast for friday 9 pm
es,ovos-skill-weather.openvoiceos:hourly_forecast.intent,cuál es el pronóstico para el viernes a las 9 pm
fr,ovos-skill-weather.openvoiceos:hourly_forecast.intent,quelle est la prévision pour vendredi 21h
it,ovos-skill-weather.openvoiceos:hourly_forecast.intent,qual è la previsione per venerdì alle 21
pt,ovos-skill-weather.openvoiceos:hourly_forecast.intent,qual é a previsão para sexta às 21h
nl,ovos-skill-weather.openvoiceos:hourly_forecast.intent,wat is de voorspelling voor vrijdag 21 uur
de,ovos-skill-weather.openvoiceos:hourly_forecast.intent,wie ist die vorhersage für freitag 21 uhr
ca,ovos-skill-weather.openvoiceos:hourly_forecast.intent,quina és la previsió per divendres a les 21 h
gl,ovos-skill-weather.openvoiceos:hourly_forecast.intent,cal é a previsión para venres ás 21 h
en,ovos-skill-weather.openvoiceos:daily_forecast.intent,what's tomorrow's forecast in seattle
es,ovos-skill-weather.openvoiceos:daily_forecast.intent,cuál es el pronóstico para mañana en seattle
fr,ovos-skill-weather.openvoiceos:daily_forecast.intent,quelle est la prévision pour demain à seattle
it,ovos-skill-weather.openvoiceos:daily_forecast.intent,qual è la previsione per domani a seattle
pt,ovos-skill-weather.openvoiceos:daily_forecast.intent,qual é a previsão para amanhã em seattle
nl,ovos-skill-weather.openvoiceos:daily_forecast.intent,wat is de voorspelling voor morgen in seattle
de,ovos-skill-weather.openvoiceos:daily_forecast.intent,wie ist die vorhersage für morgen in seattle
ca,ovos-skill-weather.openvoiceos:daily_forecast.intent,quina és la previsió per demà a seattle
gl,ovos-skill-weather.openvoiceos:daily_forecast.intent,cal é a previsión para mañá en seattle
en,ovos-skill-weather.openvoiceos:current_weather.intent,what's it like outside
es,ovos-skill-weather.openvoiceos:current_weather.intent,cómo está afuera
fr,ovos-skill-weather.openvoiceos:current_weather.intent,comment est-il dehors
it,ovos-skill-weather.openvoiceos:current_weather.intent,com'è fuori
pt,ovos-skill-weather.openvoiceos:current_weather.intent,como está lá fora
nl,ovos-skill-weather.openvoiceos:current_weather.intent,hoe is het buiten
de,ovos-skill-weather.openvoiceos:current_weather.intent,wie ist es draußen
ca,ovos-skill-weather.openvoiceos:current_weather.intent,com està fora
gl,ovos-skill-weather.openvoiceos:current_weather.intent,como está fóra
en,ovos-skill-weather.openvoiceos:N_days_forecast.intent,weather for week
es,ovos-skill-weather.openvoiceos:N_days_forecast.intent,el tiempo para la semana
fr,ovos-skill-weather.openvoiceos:N_days_forecast.intent,la météo pour la semaine
it,ovos-skill-weather.openvoiceos:N_days_forecast.intent,il tempo per la settimana
pt,ovos-skill-weather.openvoiceos:N_days_forecast.intent,o tempo para a semana
nl,ovos-skill-weather.openvoiceos:N_days_forecast.intent,het weer voor de week
de,ovos-skill-weather.openvoiceos:N_days_forecast.intent,das wetter für die woche
ca,ovos-skill-weather.openvoiceos:N_days_forecast.intent,el temps per a la setmana
gl,ovos-skill-weather.openvoiceos:N_days_forecast.intent,o tempo para a semana
en,ovos-skill-weather.openvoiceos:N_days_forecast.intent,what's the week's forecast
es,ovos-skill-weather.openvoiceos:N_days_forecast.intent,cuál es el pronóstico de la semana
fr,ovos-skill-weather.openvoiceos:N_days_forecast.intent,quelle est la prévision de la semaine
it,ovos-skill-weather.openvoiceos:N_days_forecast.intent,qual è la previsione della settimana
pt,ovos-skill-weather.openvoiceos:N_days_forecast.intent,qual é a previsão da semana
nl,ovos-skill-weather.openvoiceos:N_days_forecast.intent,wat is de voorspelling voor de week
de,ovos-skill-weather.openvoiceos:N_days_forecast.intent,wie lautet die vorhersage für die woche
ca,ovos-skill-weather.openvoiceos:N_days_forecast.intent,quina és la previsió de la setmana
gl,ovos-skill-weather.openvoiceos:N_days_forecast.intent,cal é a previsión da semana
en,ovos-skill-weather.openvoiceos:N_days_forecast.intent,what's this week's weather
es,ovos-skill-weather.openvoiceos:N_days_forecast.intent,cómo estará el tiempo esta semana
fr,ovos-skill-weather.openvoiceos:N_days_forecast.intent,quel temps fera cette semaine
it,ovos-skill-weather.openvoiceos:N_days_forecast.intent,che tempo farà questa settimana
pt,ovos-skill-weather.openvoiceos:N_days_forecast.intent,como estará o tempo esta semana
nl,ovos-skill-weather.openvoiceos:N_days_forecast.intent,hoe wordt het weer deze week
de,ovos-skill-weather.openvoiceos:N_days_forecast.intent,wie wird das wetter diese woche
ca,ovos-skill-weather.openvoiceos:N_days_forecast.intent,com estarà el temps aquesta setmana
gl,ovos-skill-weather.openvoiceos:N_days_forecast.intent,como estará o tempo esta semana
en,ovos-skill-weather.openvoiceos:N_days_forecast.intent,tell me the weather this week
es,ovos-skill-weather.openvoiceos:N_days_forecast.intent,dime el tiempo para esta semana
fr,ovos-skill-weather.openvoiceos:N_days_forecast.intent,dis-moi la météo cette semaine
it,ovos-skill-weather.openvoiceos:N_days_forecast.intent,dimmi il tempo di questa settimana
pt,ovos-skill-weather.openvoiceos:N_days_forecast.intent,diz-me o tempo desta semana
nl,ovos-skill-weather.openvoiceos:N_days_forecast.intent,vertel me het weer deze week
de,ovos-skill-weather.openvoiceos:N_days_forecast.intent,sag mir das wetter diese woche
ca,ovos-skill-weather.openvoiceos:N_days_forecast.intent,explica'm el temps aquesta setmana
gl,ovos-skill-weather.openvoiceos:N_days_forecast.intent,dime o tempo desta semana
en,ovos-skill-weather.openvoiceos:N_days_forecast.intent,what is the weather forecast for this week
es,ovos-skill-weather.openvoiceos:N_days_forecast.intent,cuál es el pronóstico del tiempo para esta semana
fr,ovos-skill-weather.openvoiceos:N_days_forecast.intent,quelle est la prévision météo pour cette semaine
it,ovos-skill-weather.openvoiceos:N_days_forecast.intent,qual è la previsione del tempo per questa settimana
pt,ovos-skill-weather.openvoiceos:N_days_forecast.intent,qual é a previsão do tempo para esta semana
nl,ovos-skill-weather.openvoiceos:N_days_forecast.intent,wat is de weersvoorspelling voor deze week
de,ovos-skill-weather.openvoiceos:N_days_forecast.intent,wie lautet die wettervorhersage für diese woche
ca,ovos-skill-weather.openvoiceos:N_days_forecast.intent,quina és la previsió del temps per a aquesta setmana
gl,ovos-skill-weather.openvoiceos:N_days_forecast.intent,cal é a previsión do tempo para esta semana
en,ovos-skill-weather.openvoiceos:N_days_forecast.intent,how is the weather likely to be this week
es,ovos-skill-weather.openvoiceos:N_days_forecast.intent,cómo será probable que esté el tiempo esta semana
fr,ovos-skill-weather.openvoiceos:N_days_forecast.intent,comment sera probablement le temps cette semaine
it,ovos-skill-weather.openvoiceos:N_days_forecast.intent,com'è probabile che sia il tempo questa settimana
pt,ovos-skill-weather.openvoiceos:N_days_forecast.intent,como é provável que esteja o tempo esta semana
nl,ovos-skill-weather.openvoiceos:N_days_forecast.intent,hoe zal het weer waarschijnlijk zijn deze week
de,ovos-skill-weather.openvoiceos:N_days_forecast.intent,wie wird das wetter diese woche voraussichtlich sein
ca,ovos-skill-weather.openvoiceos:N_days_forecast.intent,com serà probable que estigui el temps aquesta setmana
gl,ovos-skill-weather.openvoiceos:N_days_forecast.intent,como será probable que estea o tempo esta semana
en,ovos-skill-weather.openvoiceos:N_days_forecast.intent,what's the weather for my location this week
es,ovos-skill-weather.openvoiceos:N_days_forecast.intent,cuál es el tiempo en mi ubicación esta semana
fr,ovos-skill-weather.openvoiceos:N_days_forecast.intent,quel temps pour ma localisation cette semaine
it,ovos-skill-weather.openvoiceos:N_days_forecast.intent,che tempo ci sarà nella mia zona questa settimana
pt,ovos-skill-weather.openvoiceos:N_days_forecast.intent,qual é o tempo na minha localização esta semana
nl,ovos-skill-weather.openvoiceos:N_days_forecast.intent,hoe is het weer op mijn locatie deze week
de,ovos-skill-weather.openvoiceos:N_days_forecast.intent,wie ist das wetter an meinem standort diese woche
ca,ovos-skill-weather.openvoiceos:N_days_forecast.intent,com està el temps a la meva ubicació aquesta setmana
gl,ovos-skill-weather.openvoiceos:N_days_forecast.intent,como está o tempo na miña localización esta semana
en,ovos-skill-weather.openvoiceos:N_days_forecast.intent,will it be nice outside this week
es,ovos-skill-weather.openvoiceos:N_days_forecast.intent,harà buen tiempo afuera esta semana
fr,ovos-skill-weather.openvoiceos:N_days_forecast.intent,fera-t-il beau dehors cette semaine
it,ovos-skill-weather.openvoiceos:N_days_forecast.intent,sarà bel tempo fuori questa settimana
pt,ovos-skill-weather.openvoiceos:N_days_forecast.intent,vai estar bom tempo lá fora esta semana
nl,ovos-skill-weather.openvoiceos:N_days_forecast.intent,wordt het mooi weer buiten deze week
de,ovos-skill-weather.openvoiceos:N_days_forecast.intent,wird es diese woche draußen schön sein
ca,ovos-skill-weather.openvoiceos:N_days_forecast.intent,farà bon temps fora aquesta setmana
gl,ovos-skill-weather.openvoiceos:N_days_forecast.intent,vai facer bo tempo fóra esta semana
en,ovos-skill-weather.openvoiceos:N_days_forecast.intent,weekly weather report
es,ovos-skill-weather.openvoiceos:N_days_forecast.intent,informe meteorológico semanal
fr,ovos-skill-weather.openvoiceos:N_days_forecast.intent,bulletin météo hebdomadaire
it,ovos-skill-weather.openvoiceos:N_days_forecast.intent,rapporto meteorologico settimanale
pt,ovos-skill-weather.openvoiceos:N_days_forecast.intent,relatório meteorológico semanal
nl,ovos-skill-weather.openvoiceos:N_days_forecast.intent,wekelijks weersrapport
de,ovos-skill-weather.openvoiceos:N_days_forecast.intent,wöchentlicher wetterbericht
ca,ovos-skill-weather.openvoiceos:N_days_forecast.intent,informe meteorològic setmanal
gl,ovos-skill-weather.openvoiceos:N_days_forecast.intent,informe meteorolóxico semanal
en,ovos-skill-weather.openvoiceos:N_days_forecast.intent,what is the weather this week for miami
en,ovos-skill-weather.openvoiceos:N_days_forecast.intent,can you tell me the forecast for the next three days?
en,ovos-skill-weather.openvoiceos:N_days_forecast.intent,what's the weather looking like for the next three days?
es,ovos-skill-weather.openvoiceos:N_days_forecast.intent,¿me puedes decir el pronóstico para los próximos tres días?
es,ovos-skill-weather.openvoiceos:N_days_forecast.intent,¿cómo estará el tiempo los próximos tres días?
fr,ovos-skill-weather.openvoiceos:N_days_forecast.intent,quelle est la météo pour les trois prochains jours ?
fr,ovos-skill-weather.openvoiceos:N_days_forecast.intent,peux-tu me donner la météo pour les trois prochains jours ?
fr,ovos-skill-weather.openvoiceos:N_days_forecast.intent,quel temps fera-t-il dans les trois prochains jours ?
it,ovos-skill-weather.openvoiceos:N_days_forecast.intent,qual è la previsione per i prossimi tre giorni?
it,ovos-skill-weather.openvoiceos:N_days_forecast.intent,puoi dirmi le previsioni per i prossimi tre giorni?
it,ovos-skill-weather.openvoiceos:N_days_forecast.intent,che tempo farà nei prossimi tre giorni?
pt,ovos-skill-weather.openvoiceos:N_days_forecast.intent,qual é a previsão para os próximos três dias?
pt,ovos-skill-weather.openvoiceos:N_days_forecast.intent,pode me informar a previsão para os próximos três dias?
pt,ovos-skill-weather.openvoiceos:N_days_forecast.intent,como estará o tempo nos próximos três dias?
nl,ovos-skill-weather.openvoiceos:N_days_forecast.intent,wat is de weersvoorspelling voor de komende drie dagen?
nl,ovos-skill-weather.openvoiceos:N_days_forecast.intent,kun je me de voorspelling voor de komende drie dagen vertellen?
nl,ovos-skill-weather.openvoiceos:N_days_forecast.intent,hoe wordt het weer de komende drie dagen?
de,ovos-skill-weather.openvoiceos:N_days_forecast.intent,wie ist die vorhersage für die nächsten drei tage?
de,ovos-skill-weather.openvoiceos:N_days_forecast.intent,kannst du mir die vorhersage für die nächsten drei tage sagen?
de,ovos-skill-weather.openvoiceos:N_days_forecast.intent,wie wird das wetter in den nächsten drei tagen?
ca,ovos-skill-weather.openvoiceos:N_days_forecast.intent,quina és la previsió per als propers tres dies?
ca,ovos-skill-weather.openvoiceos:N_days_forecast.intent,em pots dir la previsió per als propers tres dies?
ca,ovos-skill-weather.openvoiceos:N_days_forecast.intent,com estarà el temps els propers tres dies?
gl,ovos-skill-weather.openvoiceos:N_days_forecast.intent,cal é o prognóstico para os próximos tres días?
gl,ovos-skill-weather.openvoiceos:N_days_forecast.intent,podes dicirme o prognóstico para os próximos tres días?
gl,ovos-skill-weather.openvoiceos:N_days_forecast.intent,como estará o tempo nos próximos tres días?
en,ovos-skill-weather.openvoiceos:N_days_forecast.intent,what is the forecast for the week
en,ovos-skill-weather.openvoiceos:N_days_forecast.intent,give me the weather forecast for this week
en,ovos-skill-weather.openvoiceos:N_days_forecast.intent,what is the weather for this week
en,ovos-skill-weather.openvoiceos:N_days_forecast.intent,what was the weather for the week
en,ovos-skill-weather.openvoiceos:N_days_forecast.intent,what kind of weather should i expect this week
en,ovos-skill-weather.openvoiceos:N_days_forecast.intent,tell me about this week's weather
en,ovos-skill-weather.openvoiceos:N_days_forecast.intent,info on this week weather
en,ovos-skill-weather.openvoiceos:weekend_forecast.intent,weekend weather forecast
en,ovos-skill-weather.openvoiceos:current_temperature.intent,what is the temperature in celsius
en,ovos-skill-weather.openvoiceos:current_temperature.intent,what is the temperature in baltimore now
en,ovos-skill-weather.openvoiceos:current_temperature.intent,what is the temperature
en,ovos-skill-weather.openvoiceos:hourly_temperature.intent,what is the temperature tonight
en,ovos-skill-weather.openvoiceos:hourly_temperature.intent,what is the temperature tomorrow morning
en,ovos-skill-weather.openvoiceos:high_temperature.intent,what is the high temperature tomorrow
en,ovos-skill-weather.openvoiceos:high_temperature.intent,what is the high temperature in london on tuesday
en,ovos-skill-weather.openvoiceos:low_temperature.intent,what is the low temperature tomorrow
en,ovos-skill-weather.openvoiceos:low_temperature.intent,what is the low temperature in london on tuesday
en,ovos-skill-weather.openvoiceos:hourly_temperature.intent,is it going to be hot today
en,ovos-skill-weather.openvoiceos:hourly_temperature.intent,how cold will it be today
en,ovos-skill-weather.openvoiceos:hourly_temperature.intent,how cold is today
en,ovos-skill-weather.openvoiceos:hourly_temperature.intent,how hot will it be today
en,ovos-skill-weather.openvoiceos:hourly_temperature.intent,how hot is today
en,ovos-skill-weather.openvoiceos:is_wind.intent,is it windy today
en,ovos-skill-weather.openvoiceos:is_wind.intent,how windy is it
en,ovos-skill-weather.openvoiceos:is_snow.intent,is it snowing today
en,ovos-skill-weather.openvoiceos:is_snow.intent,is there snow in the forecast
en,ovos-skill-weather.openvoiceos:is_clear.intent,is the sky clear today
en,ovos-skill-weather.openvoiceos:is_clear.intent,it is a sunny day today right
en,ovos-skill-weather.openvoiceos:is_clear.intent,is it cloudy today
en,ovos-skill-weather.openvoiceos:is_fog.intent,is it foggy today
en,ovos-skill-weather.openvoiceos:is_rain.intent,is it raining today
en,ovos-skill-weather.openvoiceos:is_rain.intent,is it going to rain
en,ovos-skill-weather.openvoiceos:is_rain.intent,is it going to rain later
en,ovos-skill-weather.openvoiceos:is_rain.intent,is it raining tonight
en,ovos-skill-weather.openvoiceos:is_rain.intent,is it going to rain on monday
en,ovos-skill-weather.openvoiceos:is_rain.intent,should we expect rain this afternoon
en,ovos-skill-weather.openvoiceos:is_rain.intent,is it going to rain at one p. m. today
en,ovos-skill-weather.openvoiceos:is_rain.intent,will i need an umbrella today
en,ovos-skill-weather.openvoiceos:is_stormy.intent,is it storming today
en,ovos-skill-weather.openvoiceos:next_rain.intent,when will it rain next
en,ovos-skill-weather.openvoiceos:humidity.intent,how humid is it
en,ovos-skill-weather.openvoiceos:sunrise.intent,when is the sunrise
en,ovos-skill-weather.openvoiceos:sunset.intent,when is the sunset
en,ovos-skill-volume.openvoiceos:increase_volume,can you speak a little louder
en,ovos-skill-volume.openvoiceos:increase_volume,please speak loud
en,ovos-skill-volume.openvoiceos:increase_volume,turn up sound
en,ovos-skill-volume.openvoiceos:increase_volume,turn up the volume
en,ovos-skill-volume.openvoiceos:increase_volume,volume louder please
en,ovos-skill-volume.openvoiceos:less_volume,turn down volume
en,ovos-skill-volume.openvoiceos:less_volume,quieter
en,ovos-skill-volume.openvoiceos:less_volume,you're too loud
en,ovos-skill-volume.openvoiceos:less_volume,please decrease the volume
en,ovos-skill-volume.openvoiceos:volume.mute.intent,speakers off
en,ovos-skill-volume.openvoiceos:volume.mute.intent,can you mute
en,ovos-skill-alerts.openvoiceos:CreateAlarm,set an alarm for 8 am
en,ovos-skill-alerts.openvoiceos:CreateTimer,set a bread timer for 30 minutes
en,ovos-skill-alerts.openvoiceos:CreateEvent,schedule a tennis event for 2 pm on friday spanning 2 hours
en,ovos-skill-alerts.openvoiceos:CreateAlarm,set a daily alarm for 8 am
en,ovos-skill-alerts.openvoiceos:CreateAlarm,set an alarm for 8 am on saturdays
en,ovos-skill-alerts.openvoiceos:CreateReminder,remind me to take out the trash every thursday and sunday at 7 pm
en,ovos-skill-alerts.openvoiceos:CreateOcpAlarm,wake me up at 8 am with music
en,ovos-skill-alerts.openvoiceos:CreateOcpAlarm,wake me with music
en,ovos-skill-alerts.openvoiceos:RescheduleAlert,reschedule my 8 am alarm at 9 am
en,ovos-skill-alerts.openvoiceos:RescheduleAlert,push the tennis event by one hour.
en,ovos-skill-alerts.openvoiceos:RescheduleAlert,move my next event one hour earlier
en,ovos-skill-alerts.openvoiceos:ChangeProperties,extend the bread timer by 2 minutes
en,ovos-skill-alerts.openvoiceos:ChangeProperties,extend the bread timer until 10 am
en,ovos-skill-alerts.openvoiceos:ChangeProperties,change the 8 am alarm recurring only mondays and tuesdays.
en,ovos-skill-alerts.openvoiceos:ChangeProperties,change tennis event length to 3 hours.
en,ovos-skill-alerts.openvoiceos:ListAlerts,when is my next alarm.
en,ovos-skill-alerts.openvoiceos:ListAlerts,which reminders are scheduled today
en,ovos-skill-alerts.openvoiceos:ListAlerts,are there any events between friday and sunday
en,ovos-skill-alerts.openvoiceos:ListAlerts,are there any events between friday 10am and 3 pm
en,ovos-skill-alerts.openvoiceos:ListAlerts,are there any events pending between monday 10:00 am and 12:00 am
en,ovos-skill-alerts.openvoiceos:ListAlerts,are there any events stored on tuesday
en,ovos-skill-alerts.openvoiceos:ListAlerts,are there any events at 8 pm
en,ovos-skill-alerts.openvoiceos:TimerStatus,how much time is left on my bread timer
en,ovos-skill-alerts.openvoiceos:CancelAlert,cancel my 8 am alarm
en,ovos-skill-alerts.openvoiceos:CancelAlert,cancel all alerts
en,ovos-skill-alerts.openvoiceos:CancelAlert,cancel all alarms
en,ovos-skill-alerts.openvoiceos:CancelAlert,cancel alerts on saturday.
en,ovos-skill-alerts.openvoiceos:CancelAlert,cancel alerts between friday 8 am and 10 am
en,ovos-skill-alerts.openvoiceos:CancelAlert,cancel my next alarm.
en,ovos-skill-alerts.openvoiceos:missed_alerts.intent,which alert did i miss?
en,ovos-skill-alerts.openvoiceos:missed_alerts.intent,missed any alerts?
en,ovos-skill-alerts.openvoiceos:CreateReminder,remind me to walk the dog
en,ovos-skill-alerts.openvoiceos:CreateList,create a shopping list
en,ovos-skill-alerts.openvoiceos:AddListSubitems,add items to the shopping list
en,ovos-skill-alerts.openvoiceos:DeleteListEntries,scratch milk entry from the shopping list
en,ovos-skill-alerts.openvoiceos:DeleteListEntries,remove items from the shopping list
en,ovos-skill-alerts.openvoiceos:DeleteListEntries,remove all items on the shopping list
en,ovos-skill-alerts.openvoiceos:DeleteList,remove shopping list
en,ovos-skill-alerts.openvoiceos:DeleteTodoEntries,remove walk the dog note
en,ovos-skill-alerts.openvoiceos:DeleteTodoEntries,remove todo entry
en,ovos-skill-alerts.openvoiceos:DeleteTodoEntries,remove all memos
en,ovos-skill-alerts.openvoiceos:QueryListNames,which lists are stored?
en,ovos-skill-alerts.openvoiceos:QueryListEntries,which items are on the shopping list?
en,ovos-skill-alerts.openvoiceos:QueryTodoEntries,anything todo?
en,ovos-skill-alerts.openvoiceos:CalendarList,which calendars are available?
en,ovos-skill-alerts.openvoiceos:DAVSync,synchronize calendars
en,ovos-skill-weather.openvoiceos:high_temperature.intent,what's the high temperature tomorrow
en,ovos-skill-alerts.openvoiceos:ListAlerts,when is my next alarm
en,ovos-skill-volume.openvoiceos:volume.default.intent,reset volume
en,ovos-skill-volume.openvoiceos:volume.max.intent,set volume level to maximum
en,ovos-skill-volume.openvoiceos:volume.high.intent,volume high
en,ovos-skill-volume.openvoiceos:volume.high.intent,high volume
en,ovos-skill-ip.openvoiceos:IPIntent,tell me your network address
en,ovos-skill-parrot.openvoiceos:repeat.tts.intent,can you repeat that
en,ovos-skill-ip.openvoiceos:IPIntent,what's your network address
en,ovos-skill-weather.openvoiceos:weekend_forecast.intent,what is the weather this weekend
en,ovos-skill-weather.openvoiceos:is_snow.intent,is it going to snow
en,ovos-skill-weather.openvoiceos:daily_forecast.intent,what is the forecast in london tomorrow
en,ovos-skill-confucius-quotes.openvoiceos:who.intent,who is confucius
en,ovos-skill-volume.openvoiceos:volume.max.intent,set volume to maximum
en,ovos-skill-confucius-quotes.openvoiceos:ConfuciusQuote,quote from confucius
en,ovos-skill-weather.openvoiceos:is_snow.intent,is it going to snow in baltimore
en,ovos-skill-moviemaster.openvoiceos:movie.year.intent,when was the movie _______ made
en,ovos-skill-icanhazdadjokes.openvoiceos:joke.intent,tell me a joke
en,ovos-skill-volume.openvoiceos:volume.high.intent,volume to high
en,ovos-skill-alerts.openvoiceos:CancelAlert,cancel all reminders
en,ovos-skill-confucius-quotes.openvoiceos:ConfuciusBirth,when was confucius born
en,ovos-skill-icanhazdadjokes.openvoiceos:joke.intent,do you know any jokes
en,ovos-skill-parrot.openvoiceos:repeat.tts.intent,repeat that
en,ovos-skill-icanhazdadjokes.openvoiceos:joke.intent,can you tell jokes
en,ovos-skill-days-in-history.openvoiceos:births_in_history.intent,who was born today in history
en,ovos-skill-screenshot.openvoiceos:take.screenshot.intent,take screenshot
en,ovos-skill-icanhazdadjokes.openvoiceos:search_joke.intent,tell me a joke about dentists
en,ovos-skill-volume.openvoiceos:volume.low.intent,volume level low
en,ovos-skill-personal.openvoiceos:WhereWereYouBorn.intent,where were you born
en,ovos-skill-iss-location.openvoiceos:where_iss.intent,where is the iss
en,ovos-skill-parrot.openvoiceos:speak.intent,repeat once upon a midnight dreary while i pondered weak and weary over many a quaint and curious volume of forgotten lore
en,ovos-skill-icanhazdadjokes.openvoiceos:joke.intent,say a joke
en,ovos-skill-personal.openvoiceos:WhatAreYou.intent,what are you
en,ovos-skill-moviemaster.openvoiceos:movie.genres.intent,what genres does the flick _______ belong to
en,ovos-skill-days-in-history.openvoiceos:today_in_history.intent,what historical events happened on june 16th
en,ovos-skill-volume.openvoiceos:volume.unmute.intent,unmute audio
en,ovos-skill-volume.openvoiceos:volume.high.intent,volume to high level
en,ovos-skill-volume.openvoiceos:volume.max.intent,maximum volume
en,ovos-skill-days-in-history.openvoiceos:today_in_history.intent,what happened today in history
en,ovos-skill-boot-finished.openvoiceos:enable_ready_notification.intent,enable ready notifications
en,ovos-skill-volume.openvoiceos:volume.low.intent,volume level to low
en,ovos-skill-icanhazdadjokes.openvoiceos:joke.intent,make me laugh
en,ovos-skill-alerts.openvoiceos:CancelAlert,cancel all timers
en,ovos-skill-volume.openvoiceos:volume.default.intent,set volume to medium
en,ovos-skill-parrot.openvoiceos:repeat.stt.intent,tell me what i just said
en,ovos-skill-volume.openvoiceos:volume.default.intent,restore volume
en,ovos-skill-ip.openvoiceos:IPIntent,tell me your ip address
en,ovos-skill-ip.openvoiceos:IPIntent,what's your ip address
en,ovos-skill-volume.openvoiceos:volume.high.intent,volume level to high
en,ovos-skill-volume.openvoiceos:volume.max.intent,max volume
en,ovos-skill-weather.openvoiceos:daily_temperature.intent,will it be cold on tuesday
en,ovos-skill-weather.openvoiceos:current_temperature.intent,what's the temperature
en,ovos-skill-volume.openvoiceos:volume.default.intent,set volume to default
en,ovos-skill-audio-recording.openvoiceos:start_recording.intent,begin recording
en,ovos-skill-volume.openvoiceos:volume.max.intent,top volume
en,ovos-skill-volume.openvoiceos:volume.low.intent,low volume
en,ovos-skill-personal.openvoiceos:WhoMadeYou.intent,who made you
en,ovos-skill-audio-recording.openvoiceos:start_recording.intent,start recording
en,ovos-skill-date-time.openvoiceos:what.time.is.it.intent,what time is it
en,ovos-skill-screenshot.openvoiceos:take.screenshot.intent,screenshot the display
en,ovos-skill-volume.openvoiceos:volume.mute.intent,mute
en,ovos-skill-date-time.openvoiceos:what.time.is.it.intent,show me the time
en,ovos-skill-weather.openvoiceos:is_rain.intent,is it raining
en,ovos-skill-weather.openvoiceos:daily_temperature.intent,what's the temperature in paris tomorrow in celsius
en,ovos-skill-hello-world.openvoiceos:ThankYouIntent,thank you
en,ovos-skill-volume.openvoiceos:volume.mute.intent,mute volume
en,ovos-skill-volume.openvoiceos:volume.unmute.intent,unmute
en,ovos-skill-volume.openvoiceos:volume.default.intent,set volume level to default
en,ovos-skill-volume.openvoiceos:volume.mute.toggle.intent,toggle audio
en,ovos-skill-dictation.openvoiceos:start_dictation.intent,start dictation
en,ovos-skill-naptime.openvoiceos:naptime.intent,nap time
en,ovos-skill-volume.openvoiceos:volume.unmute.intent,unmute volume
en,ovos-skill-moviemaster.openvoiceos:movie.description.intent,what is the movie _______ about
en,ovos-skill-wallpapers.openvoiceos:picture.random.intent,show me a picture
en,ovos-skill-personal.openvoiceos:WhenWereYouBorn.intent,when were you created
en,ovos-skill-moviemaster.openvoiceos:movie.popular.intent,what are popular movies playing now
en,ovos-skill-weather.openvoiceos:humidity.intent,what's the humidity
en,ovos-skill-wallpapers.openvoiceos:wallpaper.about.intent,change wallpaper to nature
en,ovos-skill-days-in-history.openvoiceos:today_in_history.intent,tell me about events in history on december 12th
en,ovos-skill-weather.openvoiceos:current_weather.intent,what is the weather like
en,ovos-skill-color-picker.krisgesling.openvoiceos:request-color-by-name.intent,show me the color green
en,ovos-skill-date-time.openvoiceos:current_date.intent,what's the date
en,ovos-skill-screenshot.openvoiceos:take.screenshot.intent,take a screenshot
en,ovos-skill-weather.openvoiceos:daily_forecast.intent,what is the forecast tomorrow
en,ovos-skill-screenshot.openvoiceos:take.screenshot.intent,grab the screen
en,ovos-skill-volume.openvoiceos:volume.low.intent,volume to low
en,ovos-skill-alerts.openvoiceos:ListAlerts,what are my reminders
en,ovos-skill-weather.openvoiceos:current_weather.intent,what is the weather in houston
en,ovos-skill-boot-finished.openvoiceos:disable_ready_notification.intent,disable ready notifications
en,ovos-skill-moviemaster.openvoiceos:movie.top.intent,what are the highest rated movies out
en,ovos-skill-volume.openvoiceos:volume.mute.toggle.intent,toggle mute
en,ovos-skill-naptime.openvoiceos:naptime.intent,go to sleep
en,ovos-skill-parrot.openvoiceos:speak.intent,speak i can say anything you'd like!
en,ovos-skill-parrot.openvoiceos:repeat.tts.intent,repeat what you just said
en,ovos-skill-iss-location.openvoiceos:when_iss.intent,when is the iss passing over
en,ovos-skill-hello-world.openvoiceos:Greetings.intent,how are you
en,ovos-skill-volume.openvoiceos:volume.mute.intent,mute audio
en,ovos-skill-iss-location.openvoiceos:WhoISSIntent,who is on board of the space station
en,ovos-skill-wallpapers.openvoiceos:wallpaper.random.intent,new wallpaper
en,ovos-skill-icanhazdadjokes.openvoiceos:search_joke.intent,do you know any chuck norris jokes
en,ovos-skill-volume.openvoiceos:volume.default.intent,medium volume
en,ovos-skill-audio-recording.openvoiceos:start_recording.intent,new recording named {name}
en,ovos-skill-volume.openvoiceos:volume.default.intent,default volume
en,ovos-skill-screenshot.openvoiceos:take.screenshot.intent,capture the screen
en,ovos-skill-weather.openvoiceos:N_days_forecast.intent,what is the weather for the next three days
en,ovos-skill-weather.openvoiceos:daily_forecast.intent,what is the weather going to be like tuesday
en,ovos-skill-parrot.openvoiceos:repeat.stt.intent,what did i just say
en,ovos-skill-volume.openvoiceos:volume.high.intent,volume level high
en,ovos-skill-screenshot.openvoiceos:take.screenshot.intent,save a screenshot
en,ovos-skill-hello-world.openvoiceos:HelloWorldIntent,hello world
en,ovos-skill-volume.openvoiceos:volume.low.intent,volume low
en,ovos-skill-wallpapers.openvoiceos:picture.about.intent,show me a picture with dogs
en,ovos-skill-days-in-history.openvoiceos:deaths_in_history.intent,who died today in history
en,ovos-skill-boot-finished.openvoiceos:are_you_ready.intent,is the system ready
en,ovos-skill-parrot.openvoiceos:speak.intent,say goodnight gracie
en,ovos-skill-confucius-quotes.openvoiceos:ConfuciusDeath,when did confucius die
en,ovos-skill-dictation.openvoiceos:stop_dictation.intent,end dictation
en,ovos-skill-iss-location.openvoiceos:NumberISSIntent,how many persons on board of the space station
en,ovos-skill-parrot.openvoiceos:start_parrot.intent,start parrot
en,ovos-skill-parrot.openvoiceos:stop_parrot.intent,stop parrot
en,ovos-skill-audio-recording.openvoiceos:start_recording.intent,start a recording called {name}
en,ovos-skill-audio-recording.openvoiceos:start_recording.intent,start a new audio recording called {name}
en,ovos-skill-moviemaster.openvoiceos:movie.information.intent,do you have info on the film _______
en,ovos-skill-moviemaster.openvoiceos:movie.runtime.intent,how long is the movie _______
en,ovos-skill-moviemaster.openvoiceos:movie.information.intent,look for information on the movie _______
en,ovos-skill-moviemaster.openvoiceos:movie.cast.intent,who plays in the movie _______
en,ovos-skill-moviemaster.openvoiceos:movie.description.intent,tell me about the movie _______
en,ovos-skill-moviemaster.openvoiceos:movie.recommendations.intent,what films do you recommend like _______
en,ovos-skill-date-time.openvoiceos:what.time.is.it.intent,what time is it in paris
en,ovos-skill-date-time.openvoiceos:weekday.for.date.intent,what day is memorial day 2020
en,ovos-skill-date-time.openvoiceos:time.until.intent,how many days until july 4th
en,ovos-skill-date-time.openvoiceos:what.weekday.is.it.intent,tell me the day of the week
en,ovos-skill-ip.openvoiceos:what.ssid.intent,what network are you connected to
en,ovos-skill-naptime.openvoiceos:WakeUp,wake up
en,ovos-skill-wallpapers.openvoiceos:MakeWallpaperIntent,make that my wallpaper
ca,stop:stop,ja n'hi ha prou para-ho tot ara mateix
ca,stop:stop,si us plau atura el que estiguis fent
ca,stop:stop,mira vull que pari tot ara
ca,stop:stop,eh para-ho no vull continuar amb això
ca,stop:stop,atura el temporitzador ja ha passat massa temps
es,stop:stop,basta ya para todo ahora mismo
es,stop:stop,por favor detén lo que estés haciendo
es,stop:stop,mira quiero que pares todo ya
es,stop:stop,oye para todo no quiero seguir con esto
es,stop:stop,para el temporizador ya lleva demasiado tiempo
gl,stop:stop,xa chega para todo xa mesmo
gl,stop:stop,por favor para o que esteas a facer
gl,stop:stop,mira quero que pares todo xa
gl,stop:stop,escoita para todo non quero seguir con isto
gl,stop:stop,para o temporizador xa leva demasiado tempo
de,stop:stop,genug jetzt stopp alles sofort
de,stop:stop,bitte hör auf was du gerade machst
de,stop:stop,hey stopp alles ich will nicht weitermachen
de,stop:stop,stoppe den timer es ist zu lang gelaufen
de,stop:stop,bitte alles sofort stoppen
nl,stop:stop,het is genoeg stop alles nu meteen
nl,stop:stop,stop alsjeblieft wat je aan het doen bent
nl,stop:stop,luister stop alles ik wil niet doorgaan
nl,stop:stop,stop de timer het is al te lang bezig
nl,stop:stop,stop alles direct alsjeblieft
fr,stop:stop,c'est assez arrête tout immédiatement
fr,stop:stop,s'il te plaît arrête ce que tu fais
fr,stop:stop,écoute arrête tout je ne veux pas continuer
fr,stop:stop,arrête le minuteur ça fait trop longtemps
fr,stop:stop,arrête tout maintenant s'il te plaît
it,stop:stop,basta così ferma tutto subito
it,stop:stop,per favore smetti quello che stai facendo
it,stop:stop,ascolta ferma tutto non voglio continuare
it,stop:stop,ferma il timer è passato troppo tempo
it,stop:stop,ferma tutto adesso per favore
eu,stop:stop,ados da gelditu dena oraintxe
eu,stop:stop,mesedez gelditu egiten ari zaren hori
eu,stop:stop,entzun gelditu dena ez dut jarraitu nahi
eu,stop:stop,gelditu denbora-tartea denbora gehiegi doa
eu,stop:stop,gelditu dena mesedez oraintxe
pt,stop:stop,já chega para tudo agora mesmo
pt,stop:stop,por favor para o que estiveres a fazer
pt,stop:stop,olha quero que pares tudo já
pt,stop:stop,para o temporizador já passou tempo demais
pt,stop:stop,para tudo imediatamente por favor
ca,stop:stop,ja en tinc prou atura-ho tot ara mateix
ca,stop:stop,mira para tot el que estàs fent
ca,stop:stop,si us plau deixa de fer-ho ara mateix
ca,stop:stop,escolta atura-ho ja no vull que continuï
ca,stop:stop,basta para la temporitzador ja
es,stop:stop,ya basta para todo ahora
es,stop:stop,mira detén lo que estás haciendo
es,stop:stop,por favor para eso inmediatamente
es,stop:stop,oye para ya no quiero que siga
es,stop:stop,basta detén el temporizador ya
gl,stop:stop,xa chega para todo agora
gl,stop:stop,mira para o que estás a facer
gl,stop:stop,por favor para iso de inmediato
gl,stop:stop,escoita para xa non quero que continue
gl,stop:stop,xa chega para o temporizador xa
de,stop:stop,hey stopp was du gerade machst
de,stop:stop,bitte hör sofort damit auf
de,stop:stop,stopp jetzt ich will nicht dass es weitergeht
de,stop:stop,genug stopp den timer sofort
nl,stop:stop,ik ben er klaar mee stop alles meteen
nl,stop:stop,luister stop wat je aan het doen bent
nl,stop:stop,stop alsjeblieft meteen mee
nl,stop:stop,hé stop nu ik wil niet dat het doorgaat
nl,stop:stop,het is genoeg stop de timer direct
fr,stop:stop,j’en ai assez arrête tout de suite
fr,stop:stop,écoute arrête ce que tu fais
fr,stop:stop,s’il te plaît arrête ça maintenant
fr,stop:stop,hé arrête ça je veux que ça s’arrête
fr,stop:stop,c’est assez arrête le minuteur tout de suite
it,stop:stop,ne ho abbastanza ferma tutto adesso
it,stop:stop,ascolta smetti quello che stai facendo
it,stop:stop,per favore fermati subito
it,stop:stop,ehi smetti adesso non voglio che continui
it,stop:stop,basta ferma il timer subito
eu,stop:stop,nahikoa da gelditu dena oraintxe
eu,stop:stop,entzun gelditu egiten ari zaren hori
eu,stop:stop,mesedez gelditu oraintxe bertan
eu,stop:stop,hey gelditu orain ez dut jarraitzea nahi
eu,stop:stop,nahikoa gelditu denbora-tartea berehala
pt,stop:stop,já chega para tudo agora
pt,stop:stop,olha para o que estás a fazer
pt,stop:stop,por favor para isso imediatamente
pt,stop:stop,ei para já não quero que continue
pt,stop:stop,chega para o temporizador já
ca,stop:stop,atura
ca,stop:stop,para-ho
ca,stop:stop,atura-ho tot
ca,stop:stop,atura la música
ca,stop:stop,para el temporitzador
es,stop:stop,para
es,stop:stop,detén todo
es,stop:stop,para la música
es,stop:stop,para el temporizador
gl,stop:stop,para
gl,stop:stop,detén todo
gl,stop:stop,para a música
gl,stop:stop,para o temporizador
de,stop:stop,stopp
de,stop:stop,alles stoppen
de,stop:stop,stoppe die musik
de,stop:stop,stoppe den timer
nl,stop:stop,stop
nl,stop:stop,stop alles
nl,stop:stop,stop de muziek
nl,stop:stop,stop de timer
fr,stop:stop,arrête
fr,stop:stop,arrête tout
fr,stop:stop,arrête la musique
fr,stop:stop,arrête le minuteur
it,stop:stop,ferma
it,stop:stop,ferma tutto
it,stop:stop,ferma la musica
it,stop:stop,ferma il timer
eu,stop:stop,gelditu
eu,stop:stop,dena gelditu
eu,stop:stop,musika gelditu
eu,stop:stop,denbora-tartea gelditu
pt,stop:stop,para
pt,stop:stop,para tudo
pt,stop:stop,para a música
pt,stop:stop,para o temporizador
ca,stop:stop,basta ja de música atura la reproducció
ca,stop:stop,mira ja en tinc prou para-ho tot
ca,stop:stop,si us plau deixa de tocar música ara mateix
ca,stop:stop,eh atura la música ja no la vull sentir més
ca,stop:stop,escolta para-ho ja n'hi ha prou amb això
es,stop:stop,ya he tenido suficiente música para la reproducción
es,stop:stop,mira para todo por favor ya basta
es,stop:stop,por favor deja de poner música ahora mismo
es,stop:stop,oye para la música no quiero oír más
es,stop:stop,ya basta detén la reproducción ahora mismo
gl,stop:stop,xa teño bastante música para a reprodución
gl,stop:stop,mira para todo por favor xa chega
gl,stop:stop,por favor deixa de poñer música agora mesmo
gl,stop:stop,escoita para a música non quero escoitala máis
gl,stop:stop,xa chega detén a reprodución xa
de,stop:stop,ich habe genug musik gehört stoppe die wiedergabe
de,stop:stop,hey stopp bitte alles ich habe genug
de,stop:stop,bitte hör jetzt mit der musik auf
de,stop:stop,stopp die musik ich will nichts mehr hören
de,stop:stop,genug jetzt beende die wiedergabe sofort
nl,stop:stop,ik heb genoeg muziek gehad stop de afspeellijst
nl,stop:stop,luister stop alles alsjeblieft ik ben klaar
nl,stop:stop,stop alsjeblieft nu met muziek afspelen
nl,stop:stop,hé stop de muziek ik wil het niet meer horen
nl,stop:stop,het is genoeg stop de afspeelapp meteen
fr,stop:stop,j'en ai assez de la musique arrête la lecture
fr,stop:stop,écoute arrête tout s'il te plaît c'est trop
fr,stop:stop,s'il te plaît arrête la musique maintenant
fr,stop:stop,hé arrête la musique je ne veux plus l'entendre
fr,stop:stop,c'est assez stoppe la lecture tout de suite
it,stop:stop,ho avuto abbastanza musica ferma la riproduzione
it,stop:stop,ascolta ferma tutto per favore ne ho abbastanza
it,stop:stop,per favore smetti di far partire la musica ora
it,stop:stop,ehi ferma la musica non voglio sentirla più
it,stop:stop,basta così ferma la riproduzione subito
eu,stop:stop,musika nahikoa izan dut itzali erreprodukzioa
eu,stop:stop,entzun gelditu dena mesedez nahikoa da
eu,stop:stop,mesedez itzali musika orain bertan
eu,stop:stop,hey itzali musika ez dut gehiago entzi nahi
eu,stop:stop,ados da gelditu erreprodukzioa oraintxe
pt,stop:stop,já cansei da música para a reprodução
pt,stop:stop,olha para tudo por favor já chega
pt,stop:stop,por favor para de tocar música agora mesmo
pt,stop:stop,ei para a música não quero ouvir mais
pt,stop:stop,já chega para a reprodução imediatamente
es,ocp:play,reproduce algo de joaquín sabina
es,ocp:play,pon el álbum el mal querer
es,ocp:play,toca la playlist música para estudiar
es,ocp:play,escucha rayando el sol de maná
es,ocp:play,me gustaría oír algo de pablo alborán
ca,ocp:play,posa alguna cançó de txarango
ca,ocp:play,vull sentir l’àlbum llums de ciutat
ca,ocp:play,reprodueix la playlist cançons per relaxar-se
ca,ocp:play,escolta al mar d’els amics de les arts
ca,ocp:play,toca una peça d’antònia font
gl,ocp:play,toca algo de mercedes peón
gl,ocp:play,pón o álbum na lingua que eu falo
gl,ocp:play,reproduce a lista música para traballar
gl,ocp:play,escoita a saia da carolina
gl,ocp:play,quero algo tradicional de galicia
pt,ocp:play,toca algo da mariza
pt,ocp:play,põe o álbum fado em mim
pt,ocp:play,toca a playlist música para concentrar
pt,ocp:play,quero ouvir a canção do mar
es,ocp:play,pon la canción despacito de luis fonsi
es,ocp:play,quiero escuchar el álbum salsa classics
es,ocp:play,reproduce la lista de reproducción éxitos 2024
es,ocp:play,¿puedes poner la canción bailando
es,ocp:play,toca algo de shakira
ca,ocp:play,posa la cançó boig per tu de sau
ca,ocp:play,vull escoltar l’àlbum best of catalan rock
ca,ocp:play,reprodueix la llista hits de 2024
ca,ocp:play,pots posar la cançó llença’t
ca,ocp:play,toca alguna cosa de sopa de cabra
gl,ocp:play,pón a canción negra sombra de amancio prada
gl,ocp:play,quero escoitar o álbum clásicos do rock galego
gl,ocp:play,reproduce a lista éxitos do 2024
gl,ocp:play,podes poñer a canción rianxeira
gl,ocp:play,toca algo de luar na lubre
pt,ocp:play,põe a música amar pelos dois da salvador sobral
pt,ocp:play,quero ouvir o álbum fado tradicional
pt,ocp:play,toca a playlist sucessos 2024
pt,ocp:play,podes pôr a canção oiça lá ó senhor vinho
pt,ocp:play,quero ouvir algo do carlos do carmo
fr,ocp:play,mets la chanson la vie en rose d’édith piaf
fr,ocp:play,j’aimerais écouter l’album chansons françaises
fr,ocp:play,montre-moi la playlist top hits 2024
fr,ocp:play,peux-tu passer la chanson je te promets
fr,ocp:play,play de la musique de stromae
it,ocp:play,metti la canzone volare di domenico modugno
it,ocp:play,voglio ascoltare l’album canzoni italiane
it,ocp:play,avvia la playlist successi 2024
it,ocp:play,puoi mettere la canzone l’italiano
it,ocp:play,fammi sentire qualcosa di eros ramazzotti
nl,ocp:play,speel het nummer zing vecht huil bid lach werk van ramses shaffy
nl,ocp:play,ik wil het album nederpop classics horen
nl,ocp:play,zet de afspeellijst top 40 2024 aan
nl,ocp:play,kun je het liedje het dorp spelen
nl,ocp:play,doe iets van marco borsato
de,ocp:play,spiel das lied 99 luftballons von nena
de,ocp:play,ich möchte das album deutsche hits hören
de,ocp:play,leg die playlist top charts 2024 auf
de,ocp:play,kannst du den song männer spielen
de,ocp:play,spiel etwas von rammstein
es,ocp:play,pon la canción clandestino de manu chao
es,ocp:play,quiero escuchar el álbum el mal querer
es,ocp:play,reproduce mi playlist de jazz
es,ocp:play,puedes poner algo de shakira
es,ocp:play,pon el disco mtv unplugged de nirvana
ca,ocp:play,toca la cançó boig per tu de sau
ca,ocp:play,vull escoltar l’àlbum el petit príncep
ca,ocp:play,posa la meva llista de reproducció de rock català
ca,ocp:play,reprodueix alguna cosa de txarango
ca,ocp:play,posa el disc camins de sopa de cabra
es,ocp:play,pon una canción de rosalía
es,ocp:play,pon algo de música
es,ocp:play,reproduce un podcast interesante
es,ocp:play,quiero escuchar mi lista de reproducción
es,ocp:play,puedes poner una canción para animarme
es,ocp:play,empieza a reproducir algo relajante
ca,ocp:play,toca una mica de música
ca,ocp:play,reprodueix el meu podcast preferit
ca,ocp:play,posa alguna cosa per escoltar
ca,ocp:play,pots posar música clàssica
ca,ocp:play,encén la ràdio o alguna cosa
gl,ocp:play,pon música para min
gl,ocp:play,reproduce un programa de radio
gl,ocp:play,gústame escoitar algo tranquilo
gl,ocp:play,pódesme poñer un podcast novo
gl,ocp:play,reproduce algo que me anime
pt,ocp:play,toca uma música qualquer
pt,ocp:play,quero ouvir meu podcast favorito
pt,ocp:play,reproduz alguma coisa agora
pt,ocp:play,coloca algo animado para tocar
pt,ocp:play,toca algo instrumental
fr,ocp:play,lance de la musique
fr,ocp:play,mets un podcast à écouter
fr,ocp:play,j’aimerais écouter quelque chose de calme
fr,ocp:play,fais-moi écouter une playlist
fr,ocp:play,commence la lecture audio
it,ocp:play,avvia la musica
it,ocp:play,fammi ascoltare un podcast
it,ocp:play,metti una canzone rilassante
it,ocp:play,puoi farmi sentire qualcosa
it,ocp:play,vorrei ascoltare qualcosa di allegro
nl,ocp:play,speel wat muziek af
nl,ocp:play,start een leuke podcast
nl,ocp:play,zet mijn afspeellijst aan
nl,ocp:play,iets met ritme graag
nl,ocp:play,kun je iets afspelen voor me
de,ocp:play,spiel bitte musik ab
de,ocp:play,starte einen podcast
de,ocp:play,ich möchte etwas zum entspannen hören
de,ocp:play,leg eine playlist auf
de,ocp:play,spiel mir etwas zufälliges vor
es,ovos-skill-days-in-history.openvoiceos:births_in_history.intent,quién nació un día como hoy
gl,ovos-skill-days-in-history.openvoiceos:births_in_history.intent,quen naceu un día coma hoxe
pt,ovos-skill-days-in-history.openvoiceos:births_in_history.intent,quem nasceu num dia como o de hoje
fr,ovos-skill-days-in-history.openvoiceos:births_in_history.intent,qui est né un jour comme aujourd'hui
it,ovos-skill-days-in-history.openvoiceos:births_in_history.intent,chi è nato in un giorno come oggi
nl,ovos-skill-days-in-history.openvoiceos:births_in_history.intent,wie is er geboren op een dag als vandaag
de,ovos-skill-days-in-history.openvoiceos:births_in_history.intent,wer wurde an einem tag wie heute geboren
es,ovos-skill-days-in-history.openvoiceos:deaths_in_history.intent,quién falleció un día como hoy
gl,ovos-skill-days-in-history.openvoiceos:deaths_in_history.intent,quen morreu un día coma hoxe
pt,ovos-skill-days-in-history.openvoiceos:deaths_in_history.intent,quem morreu num dia como o de hoje
fr,ovos-skill-days-in-history.openvoiceos:deaths_in_history.intent,qui est mort un jour comme aujourd'hui
it,ovos-skill-days-in-history.openvoiceos:deaths_in_history.intent,chi è morto in un giorno come oggi
nl,ovos-skill-days-in-history.openvoiceos:deaths_in_history.intent,wie stierf op een dag als vandaag
de,ovos-skill-days-in-history.openvoiceos:deaths_in_history.intent,wer ist an einem tag wie heute gestorben
es,ovos-skill-wallpapers.openvoiceos:picture.random.intent,sorpréndeme con una imagen al azar
ca,ovos-skill-wallpapers.openvoiceos:picture.random.intent,tria una imatge qualsevol per a mi
gl,ovos-skill-wallpapers.openvoiceos:picture.random.intent,amósame unha imaxe sen escoller tema
pt,ovos-skill-wallpapers.openvoiceos:picture.random.intent,escolhe uma imagem aleatória para mim
fr,ovos-skill-wallpapers.openvoiceos:picture.random.intent,fais-moi voir une image inattendue
it,ovos-skill-wallpapers.openvoiceos:picture.random.intent,mostrami un'immagine casuale qualsiasi
nl,ovos-skill-wallpapers.openvoiceos:picture.random.intent,geef me zomaar een willekeurige afbeelding
de,ovos-skill-wallpapers.openvoiceos:picture.random.intent,zeig mir irgendein zufälliges bild
es,ovos-skill-wallpapers.openvoiceos:wallpaper.random.intent,cambia el fondo con algo aleatorio
ca,ovos-skill-wallpapers.openvoiceos:wallpaper.random.intent,canvia el fons amb una imatge a l’atzar
gl,ovos-skill-wallpapers.openvoiceos:wallpaper.random.intent,quero un fondo novo sen elixir tema
pt,ovos-skill-wallpapers.openvoiceos:wallpaper.random.intent,coloca qualquer papel de parede novo
fr,ovos-skill-wallpapers.openvoiceos:wallpaper.random.intent,mets un fond d'écran totalement au hasard
it,ovos-skill-wallpapers.openvoiceos:wallpaper.random.intent,cambia lo sfondo con qualcosa di casuale
nl,ovos-skill-wallpapers.openvoiceos:wallpaper.random.intent,verander de achtergrond met iets willekeurigs
de,ovos-skill-wallpapers.openvoiceos:wallpaper.random.intent,tausche den hintergrund durch ein zufälliges bild
es,ovos-skill-wallpapers.openvoiceos:picture.about.intent,encuentra una imagen con flores silvestres
ca,ovos-skill-wallpapers.openvoiceos:picture.about.intent,mostra’m una imatge d’un mercat de carrer
gl,ovos-skill-wallpapers.openvoiceos:picture.about.intent,amósame unha imaxe dun bosque nevado
pt,ovos-skill-wallpapers.openvoiceos:picture.about.intent,mostra-me uma foto de uma feira antiga
fr,ovos-skill-wallpapers.openvoiceos:picture.about.intent,montre-moi une image d’un phare au coucher du soleil
it,ovos-skill-wallpapers.openvoiceos:picture.about.intent,fammi vedere una foto di un campo di lavanda
nl,ovos-skill-wallpapers.openvoiceos:picture.about.intent,toon een afbeelding van een oude bibliotheek
de,ovos-skill-wallpapers.openvoiceos:picture.about.intent,zeig mir ein bild von einer verregneten straße bei nacht
en,ovos-skill-wallpapers.openvoiceos:picture.random.intent,show me something cool
en,ovos-skill-wallpapers.openvoiceos:picture.random.intent,display an image
en,ovos-skill-wallpapers.openvoiceos:picture.random.intent,can i see a picture
en,ovos-skill-wallpapers.openvoiceos:picture.random.intent,surprise me with a photo
es,ovos-skill-wallpapers.openvoiceos:picture.random.intent,muestra algo bonito
ca,ovos-skill-wallpapers.openvoiceos:picture.random.intent,ensenya'm alguna cosa agradable
gl,ovos-skill-wallpapers.openvoiceos:picture.random.intent,amosa algo fermoso
pt,ovos-skill-wallpapers.openvoiceos:picture.random.intent,mostra-me algo agradável
fr,ovos-skill-wallpapers.openvoiceos:picture.random.intent,montre-moi quelque chose de joli
it,ovos-skill-wallpapers.openvoiceos:picture.random.intent,mostrami qualcosa di bello
nl,ovos-skill-wallpapers.openvoiceos:picture.random.intent,toon me iets moois
de,ovos-skill-wallpapers.openvoiceos:picture.random.intent,zeig mir etwas schönes
es,ovos-skill-wallpapers.openvoiceos:wallpaper.random.intent,un fondo nuevo por favor
ca,ovos-skill-wallpapers.openvoiceos:wallpaper.random.intent,posa un fons nou si us plau
gl,ovos-skill-wallpapers.openvoiceos:wallpaper.random.intent,quero un fondo novo por favor
pt,ovos-skill-wallpapers.openvoiceos:wallpaper.random.intent,por favor coloca um papel de parede novo
fr,ovos-skill-wallpapers.openvoiceos:wallpaper.random.intent,un nouveau fond d'écran s'il te plaît
it,ovos-skill-wallpapers.openvoiceos:wallpaper.random.intent,per favore cambia lo sfondo
nl,ovos-skill-wallpapers.openvoiceos:wallpaper.random.intent,graag een nieuw achtergrondbeeld
de,ovos-skill-wallpapers.openvoiceos:wallpaper.random.intent,bitte einen neuen hintergrund
es,ovos-skill-wallpapers.openvoiceos:wallpaper.about.intent,pon un fondo con montañas
ca,ovos-skill-wallpapers.openvoiceos:wallpaper.about.intent,posa un fons amb muntanyes
gl,ovos-skill-wallpapers.openvoiceos:wallpaper.about.intent,pón un fondo con montañas
pt,ovos-skill-wallpapers.openvoiceos:wallpaper.about.intent,coloca um papel de parede com montanhas
fr,ovos-skill-wallpapers.openvoiceos:wallpaper.about.intent,mets un fond avec des montagnes
it,ovos-skill-wallpapers.openvoiceos:wallpaper.about.intent,imposta uno sfondo con montagne
nl,ovos-skill-wallpapers.openvoiceos:wallpaper.about.intent,stel een achtergrond in met bergen
es,ovos-skill-wallpapers.openvoiceos:MakeWallpaperIntent,pon esa imagen como fondo de pantalla
ca,ovos-skill-wallpapers.openvoiceos:MakeWallpaperIntent,fes que aquesta sigui la imatge de fons
gl,ovos-skill-wallpapers.openvoiceos:MakeWallpaperIntent,pón esa foto como fondo de pantalla
pt,ovos-skill-wallpapers.openvoiceos:MakeWallpaperIntent,define essa imagem como papel de parede
fr,ovos-skill-wallpapers.openvoiceos:MakeWallpaperIntent,mets cette image en fond d'écran
it,ovos-skill-wallpapers.openvoiceos:MakeWallpaperIntent,imposta quell'immagine come sfondo
nl,ovos-skill-wallpapers.openvoiceos:MakeWallpaperIntent,zet die afbeelding als achtergrond
de,ovos-skill-wallpapers.openvoiceos:MakeWallpaperIntent,stelle dieses bild als hintergrund ein
es,ovos-skill-wallpapers.openvoiceos:MakeWallpaperIntent,haz que esa sea la imagen de fondo
ca,ovos-skill-wallpapers.openvoiceos:MakeWallpaperIntent,fixa aquesta imatge com a fons de pantalla
gl,ovos-skill-wallpapers.openvoiceos:MakeWallpaperIntent,configura esa foto como fondo
pt,ovos-skill-wallpapers.openvoiceos:MakeWallpaperIntent,coloca essa imagem como fundo de ecrã
fr,ovos-skill-wallpapers.openvoiceos:MakeWallpaperIntent,fais de cette image ton fond d'écran
it,ovos-skill-wallpapers.openvoiceos:MakeWallpaperIntent,rendi quell'immagine lo sfondo
nl,ovos-skill-wallpapers.openvoiceos:MakeWallpaperIntent,ged die afbeelding als je achtergrond
de,ovos-skill-wallpapers.openvoiceos:MakeWallpaperIntent,mache dieses bild zum hintergrund
en,ovos-skill-alerts.openvoiceos:CreateOcpAlarm,wake me up at 7 with some jazz music
en,ovos-skill-alerts.openvoiceos:CreateOcpAlarm,set an alarm for 7 and play jazz
en,ovos-skill-alerts.openvoiceos:CreateOcpAlarm,at 7 am wake me with jazz tunes
en,ovos-skill-alerts.openvoiceos:CreateOcpAlarm,can you wake me at seven with jazz music
en,ovos-skill-alerts.openvoiceos:CreateOcpAlarm,put a jazz alarm on for 7
en,ovos-skill-alerts.openvoiceos:CreateOcpAlarm,set a 7 o’clock alarm playing jazz
en,ovos-skill-alerts.openvoiceos:CreateOcpAlarm,alarm me at seven with jazz
en,ovos-skill-alerts.openvoiceos:CreateOcpAlarm,make an alarm for 7 am with jazz sounds
en,ovos-skill-alerts.openvoiceos:CreateOcpAlarm,please wake me up with jazz at 7
en,ovos-skill-alerts.openvoiceos:CreateOcpAlarm,turn on a jazz alarm at 7 in the morning
en,ovos-skill-alerts.openvoiceos:CreateOcpAlarm,play music to wake me up
en,ovos-skill-alerts.openvoiceos:CreateOcpAlarm,start some music to wake me
en,ovos-skill-alerts.openvoiceos:CreateOcpAlarm,wake me up using music
en,ovos-skill-alerts.openvoiceos:CreateOcpAlarm,use music as my wake up alarm
en,ovos-skill-alerts.openvoiceos:CreateOcpAlarm,can you wake me with music
en,ovos-skill-alerts.openvoiceos:CreateOcpAlarm,put music alarm to wake me
en,ovos-skill-alerts.openvoiceos:CreateOcpAlarm,set music to wake me up
en,ovos-skill-alerts.openvoiceos:CreateOcpAlarm,alarm me with music
en,ovos-skill-alerts.openvoiceos:CreateOcpAlarm,i want music as my alarm
en,ovos-skill-alerts.openvoiceos:CreateOcpAlarm,wake me up by playing music
en,ovos-skill-alerts.openvoiceos:TimerStatus,how much time remains on the timer
en,ovos-skill-alerts.openvoiceos:TimerStatus,what’s left on the timer
en,ovos-skill-alerts.openvoiceos:TimerStatus,is there time left on the timer
en,ovos-skill-alerts.openvoiceos:TimerStatus,how long until the timer ends
en,ovos-skill-alerts.openvoiceos:TimerStatus,check timer remaining time
en,ovos-skill-alerts.openvoiceos:TimerStatus,how much time is left on my timer
en,ovos-skill-alerts.openvoiceos:TimerStatus,tell me the remaining time on the timer
en,ovos-skill-alerts.openvoiceos:TimerStatus,what time is left on the countdown
en,ovos-skill-alerts.openvoiceos:TimerStatus,show me timer’s remaining duration
en,ovos-skill-alerts.openvoiceos:TimerStatus,is the timer almost done
en,ovos-skill-alerts.openvoiceos:TimerStatus,is the timer still running
en,ovos-skill-alerts.openvoiceos:TimerStatus,has the timer stopped or is it running
en,ovos-skill-alerts.openvoiceos:TimerStatus,is my timer active
en,ovos-skill-alerts.openvoiceos:TimerStatus,is the countdown still going
en,ovos-skill-alerts.openvoiceos:TimerStatus,is the timer currently on
en,ovos-skill-alerts.openvoiceos:TimerStatus,is the timer still ticking
en,ovos-skill-alerts.openvoiceos:TimerStatus,can you tell if the timer is running
en,ovos-skill-alerts.openvoiceos:TimerStatus,is the timer working right now
en,ovos-skill-alerts.openvoiceos:TimerStatus,is the alarm timer still active
en,ovos-skill-alerts.openvoiceos:TimerStatus,is the timer up yet
en,ovos-skill-alerts.openvoiceos:CreateOcpAlarm,set an alarm at 6 am with jazz music
en,ovos-skill-alerts.openvoiceos:CreateOcpAlarm,make a jazz alarm for 6 in the morning
en,ovos-skill-alerts.openvoiceos:CreateOcpAlarm,alarm me at 6 with jazz playing
en,ovos-skill-alerts.openvoiceos:CreateOcpAlarm,put a jazz alarm on at six o’clock
en,ovos-skill-alerts.openvoiceos:CreateOcpAlarm,schedule a 6 am jazz music alarm
en,ovos-skill-alerts.openvoiceos:CreateOcpAlarm,can you make a jazz alarm at 6
en,ovos-skill-alerts.openvoiceos:CreateOcpAlarm,wake me up at six with jazz music
en,ovos-skill-alerts.openvoiceos:CreateOcpAlarm,set an alarm for 6 and play jazz
en,ovos-skill-alerts.openvoiceos:CreateOcpAlarm,put on jazz music alarm for 6
en,ovos-skill-alerts.openvoiceos:CreateOcpAlarm,alarm for six with jazz sounds
en,ovos-skill-alerts.openvoiceos:CreateOcpAlarm,wake me up at 7 with nature sounds
en,ovos-skill-alerts.openvoiceos:CreateOcpAlarm,set an alarm with nature sounds for 7
en,ovos-skill-alerts.openvoiceos:CreateOcpAlarm,use nature sounds to wake me at 7 am
en,ovos-skill-alerts.openvoiceos:CreateOcpAlarm,alarm me with sounds of nature at seven
en,ovos-skill-alerts.openvoiceos:CreateOcpAlarm,put a nature sound alarm at 7 o’clock
en,ovos-skill-alerts.openvoiceos:CreateOcpAlarm,make a 7 am alarm with nature noises
en,ovos-skill-alerts.openvoiceos:CreateOcpAlarm,set nature sounds alarm for 7 in the morning
en,ovos-skill-alerts.openvoiceos:CreateOcpAlarm,wake me up at 7 using nature sounds
en,ovos-skill-alerts.openvoiceos:CreateOcpAlarm,alarm with forest sounds at 7 am
en,ovos-skill-alerts.openvoiceos:CreateOcpAlarm,nature sound alarm for 7 o’clock
en,ovos-skill-alerts.openvoiceos:CreateOcpAlarm,set a music alarm for 9 am tomorrow
en,ovos-skill-alerts.openvoiceos:CreateOcpAlarm,schedule a music alarm at 9 tomorrow
en,ovos-skill-alerts.openvoiceos:CreateOcpAlarm,put an alarm with music for 9 am next day
en,ovos-skill-alerts.openvoiceos:CreateOcpAlarm,make a 9 am music alarm for tomorrow
en,ovos-skill-alerts.openvoiceos:CreateOcpAlarm,set a musical alarm for 9 in the morning tomorrow
en,ovos-skill-alerts.openvoiceos:CreateOcpAlarm,wake me at 9 am tomorrow with music
en,ovos-skill-alerts.openvoiceos:CreateOcpAlarm,alarm me at 9 tomorrow playing music
en,ovos-skill-alerts.openvoiceos:CreateOcpAlarm,turn on music alarm at 9 am tomorrow
en,ovos-skill-alerts.openvoiceos:CreateOcpAlarm,make an alarm for 9 am with music for tomorrow
en,ovos-skill-alerts.openvoiceos:CreateOcpAlarm,tomorrow at 9 wake me with music
en,ovos-skill-alerts.openvoiceos:CreateOcpAlarm,alarm with radio at 6 in the morning
en,ovos-skill-alerts.openvoiceos:CreateOcpAlarm,put radio alarm for 6 am
en,ovos-skill-alerts.openvoiceos:CreateOcpAlarm,set a radio alarm at six in the morning
en,ovos-skill-alerts.openvoiceos:CreateOcpAlarm,wake me up with radio at 6 am
en,ovos-skill-alerts.openvoiceos:CreateOcpAlarm,make a 6 am alarm playing radio
en,ovos-skill-alerts.openvoiceos:CreateOcpAlarm,schedule radio alarm for six o’clock in the morning
en,ovos-skill-alerts.openvoiceos:CreateOcpAlarm,set radio as my alarm for 6 am
en,ovos-skill-alerts.openvoiceos:CreateOcpAlarm,turn on radio alarm at 6 in the morning
en,ovos-skill-alerts.openvoiceos:CreateOcpAlarm,alarm me at 6 am with radio sounds
en,ovos-skill-alerts.openvoiceos:CreateOcpAlarm,radio alarm for 6 am
en,ovos-skill-ip.openvoiceos:IPIntent,what is your ip address
en,ovos-skill-ip.openvoiceos:IPIntent,can you give me your ip
en,ovos-skill-ip.openvoiceos:IPIntent,please tell me your ip address
en,ovos-skill-ip.openvoiceos:IPIntent,show me your network ip
en,ovos-skill-ip.openvoiceos:IPIntent,give me your ip info
es,ovos-skill-alerts.openvoiceos:CreateOcpAlarm,ponme una alarma con música clásica a las 8
ca,ovos-skill-alerts.openvoiceos:CreateOcpAlarm,desperta'm amb cançons suaus a les 6 del matí
gl,ovos-skill-alerts.openvoiceos:CreateOcpAlarm,programa un aviso para as 7 coa radio
pt,ovos-skill-alerts.openvoiceos:CreateOcpAlarm,coloca um alarme com sons de mar às 5 da manhã
fr,ovos-skill-alerts.openvoiceos:CreateOcpAlarm,mets une alarme avec du jazz à 7 heures
it,ovos-skill-alerts.openvoiceos:CreateOcpAlarm,imposta una sveglia con musica jazz alle 7
nl,ovos-skill-alerts.openvoiceos:CreateOcpAlarm,zet een wekker met rustige muziek om 6 uur
de,ovos-skill-alerts.openvoiceos:CreateOcpAlarm,stelle einen wecker mit naturklängen um 8 uhr
es,ovos-skill-alerts.openvoiceos:CreateOcpAlarm,pon una alarma musical para despertarme mañana a las 9
ca,ovos-skill-alerts.openvoiceos:CreateOcpAlarm,programa un despertador amb música a les 10
gl,ovos-skill-alerts.openvoiceos:CreateOcpAlarm,alarma con sons da natureza ás 6 da mañá
pt,ovos-skill-alerts.openvoiceos:CreateOcpAlarm,define um alarme para as 7 com rádio
fr,ovos-skill-alerts.openvoiceos:CreateOcpAlarm,mets une alarme avec de la musique à 8 heures
it,ovos-skill-alerts.openvoiceos:CreateOcpAlarm,imposta una sveglia con musica soft alle 6
nl,ovos-skill-alerts.openvoiceos:CreateOcpAlarm,stel een alarm in met jazzmuziek om 7 uur
de,ovos-skill-alerts.openvoiceos:CreateOcpAlarm,stelle einen alarm mit musik um 9 uhr morgens
es,ovos-skill-alerts.openvoiceos:TimerStatus,cuánto tiempo queda en el temporizador
ca,ovos-skill-alerts.openvoiceos:TimerStatus,quant de temps queda al cronòmetre
gl,ovos-skill-alerts.openvoiceos:TimerStatus,canto tempo falta para o temporizador
pt,ovos-skill-alerts.openvoiceos:TimerStatus,quanto tempo resta no temporizador
fr,ovos-skill-alerts.openvoiceos:TimerStatus,combien de temps reste-t-il sur le minuteur
it,ovos-skill-alerts.openvoiceos:TimerStatus,quanto tempo manca al timer
nl,ovos-skill-alerts.openvoiceos:TimerStatus,hoeveel tijd is er nog over op de timer
de,ovos-skill-alerts.openvoiceos:TimerStatus,wie viel zeit bleibt noch am timer
es,ovos-skill-alerts.openvoiceos:TimerStatus,el temporizador sigue activo
ca,ovos-skill-alerts.openvoiceos:TimerStatus,el temporitzador encara està funcionant
gl,ovos-skill-alerts.openvoiceos:TimerStatus,o temporizador aínda está en marcha
pt,ovos-skill-alerts.openvoiceos:TimerStatus,o temporizador ainda está a correr
fr,ovos-skill-alerts.openvoiceos:TimerStatus,le minuteur est-il toujours en marche
it,ovos-skill-alerts.openvoiceos:TimerStatus,il timer è ancora attivo
nl,ovos-skill-alerts.openvoiceos:TimerStatus,is de timer nog bezig
es,ovos-skill-ip.openvoiceos:IPIntent,cuál es tu dirección ip
ca,ovos-skill-ip.openvoiceos:IPIntent,quina és la teva ip
gl,ovos-skill-ip.openvoiceos:IPIntent,cal é a túa dirección ip
pt,ovos-skill-ip.openvoiceos:IPIntent,qual é o teu ip
fr,ovos-skill-ip.openvoiceos:IPIntent,quelle est ton adresse ip
it,ovos-skill-ip.openvoiceos:IPIntent,qual è il tuo indirizzo ip
nl,ovos-skill-ip.openvoiceos:IPIntent,wat is jouw ip-adres
de,ovos-skill-ip.openvoiceos:IPIntent,wie ist deine ip-adresse
es,ovos-skill-ip.openvoiceos:IPIntent,dame tu dirección ip
ca,ovos-skill-ip.openvoiceos:IPIntent,passa'm la teva ip
gl,ovos-skill-ip.openvoiceos:IPIntent,dáme a túa ip
pt,ovos-skill-ip.openvoiceos:IPIntent,mostra-me o teu ip
fr,ovos-skill-ip.openvoiceos:IPIntent,donne-moi ton ip
it,ovos-skill-ip.openvoiceos:IPIntent,dimmi il tuo ip
nl,ovos-skill-ip.openvoiceos:IPIntent,geef me je ip-adres
de,ovos-skill-ip.openvoiceos:IPIntent,gib mir deine ip
es,ovos-skill-confucius-quotes.openvoiceos:ConfuciusQuote,dime una cita de confucio
ca,ovos-skill-confucius-quotes.openvoiceos:ConfuciusQuote,explica alguna frase de confuci
gl,ovos-skill-confucius-quotes.openvoiceos:ConfuciusQuote,dáme unha cita de confucio
pt,ovos-skill-confucius-quotes.openvoiceos:ConfuciusQuote,diz-me uma frase de confúcio
fr,ovos-skill-confucius-quotes.openvoiceos:ConfuciusQuote,dis-moi une citation de confucius
it,ovos-skill-confucius-quotes.openvoiceos:ConfuciusQuote,dimmi una citazione di confucio
nl,ovos-skill-confucius-quotes.openvoiceos:ConfuciusQuote,geef me een citaat van confucius
es,ovos-skill-confucius-quotes.openvoiceos:ConfuciusBirth,cuándo vivió confucio
ca,ovos-skill-confucius-quotes.openvoiceos:ConfuciusBirth,quan va viure confuci
gl,ovos-skill-confucius-quotes.openvoiceos:ConfuciusBirth,cando viviu confucio
pt,ovos-skill-confucius-quotes.openvoiceos:ConfuciusBirth,quando viveu confúcio
fr,ovos-skill-confucius-quotes.openvoiceos:ConfuciusBirth,quand a vécu confucius
it,ovos-skill-confucius-quotes.openvoiceos:ConfuciusBirth,quando è vissuto confucio
nl,ovos-skill-confucius-quotes.openvoiceos:ConfuciusBirth,wanneer leefde confucius
es,ovos-skill-confucius-quotes.openvoiceos:ConfuciusDeath,en qué año murió confucio
ca,ovos-skill-confucius-quotes.openvoiceos:ConfuciusDeath,en quin any va morir confuci
gl,ovos-skill-confucius-quotes.openvoiceos:ConfuciusDeath,en que ano morreu confucio
pt,ovos-skill-confucius-quotes.openvoiceos:ConfuciusDeath,em que ano morreu confúcio
fr,ovos-skill-confucius-quotes.openvoiceos:ConfuciusDeath,en quelle année est mort confucius
it,ovos-skill-confucius-quotes.openvoiceos:ConfuciusDeath,in che anno è morto confucio
nl,ovos-skill-confucius-quotes.openvoiceos:ConfuciusDeath,in welk jaar stierf confucius
es,ovos-skill-naptime.openvoiceos:WakeUp,es hora de levantarse
ca,ovos-skill-naptime.openvoiceos:WakeUp,és hora de despertar-se
gl,ovos-skill-naptime.openvoiceos:WakeUp,é hora de espertar
pt,ovos-skill-naptime.openvoiceos:WakeUp,é hora de acordar
fr,ovos-skill-naptime.openvoiceos:WakeUp,il est temps de se réveiller
it,ovos-skill-naptime.openvoiceos:WakeUp,è ora di svegliarsi
nl,ovos-skill-naptime.openvoiceos:WakeUp,het is tijd om wakker te worden
ca,ovos-skill-wallpapers.openvoiceos:picture.random.intent,ens mostra alguna cosa agradable
pt,ovos-skill-wallpapers.openvoiceos:picture.random.intent,mostra-me algo giro
it,ovos-skill-wallpapers.openvoiceos:picture.random.intent,fammi vedere qualcosa di bello
en,ovos-skill-iss-location.openvoiceos:NumberISSIntent,can you tell me how many astronauts are orbiting earth right now
es,ovos-skill-iss-location.openvoiceos:NumberISSIntent,dime cuántos tripulantes hay en la estación espacial en este momento
ca,ovos-skill-iss-location.openvoiceos:NumberISSIntent,pots dir-me quants astronautes hi ha a l'espai ara mateix
gl,ovos-skill-iss-location.openvoiceos:NumberISSIntent,necesito saber cantos astronautas están na estación espacial agora
pt,ovos-skill-iss-location.openvoiceos:NumberISSIntent,quantas pessoas estão em órbita neste instante
fr,ovos-skill-iss-location.openvoiceos:NumberISSIntent,pourrais-tu me dire le nombre d'astronautes actuellement en orbite
it,ovos-skill-iss-location.openvoiceos:NumberISSIntent,fammi sapere quanti astronauti sono in orbita in questo momento
nl,ovos-skill-iss-location.openvoiceos:NumberISSIntent,vertel me hoeveel astronauten er nu in de ruimte zijn
de,ovos-skill-iss-location.openvoiceos:NumberISSIntent,sag mir bitte wie viele astronauten gerade auf der raumstation sind
en,ovos-skill-randomness.openvoiceos:flip-a-coin.intent,let's do a coin flip
es,ovos-skill-randomness.openvoiceos:flip-a-coin.intent,haz que salga cara o cruz
ca,ovos-skill-randomness.openvoiceos:flip-a-coin.intent,llança una moneda i digues què surt
gl,ovos-skill-randomness.openvoiceos:flip-a-coin.intent,tira unha moeda e dime o resultado
pt,ovos-skill-randomness.openvoiceos:flip-a-coin.intent,joga uma moeda para mim
fr,ovos-skill-randomness.openvoiceos:flip-a-coin.intent,fais tomber une pièce
it,ovos-skill-randomness.openvoiceos:flip-a-coin.intent,lancia una moneta e dimmi il risultato
nl,ovos-skill-randomness.openvoiceos:flip-a-coin.intent,gooi een muntje voor me op
de,ovos-skill-randomness.openvoiceos:flip-a-coin.intent,wirf für mich eine münze
en,ovos-skill-camera.openvoiceos:take_picture.intent,capture an image
es,ovos-skill-camera.openvoiceos:take_picture.intent,saca una fotografía
ca,ovos-skill-camera.openvoiceos:take_picture.intent,fa una fotografia
gl,ovos-skill-camera.openvoiceos:take_picture.intent,captura unha imaxe
pt,ovos-skill-camera.openvoiceos:take_picture.intent,fotografa isto
fr,ovos-skill-camera.openvoiceos:take_picture.intent,prends un cliché
it,ovos-skill-camera.openvoiceos:take_picture.intent,scatta una fotografia
nl,ovos-skill-camera.openvoiceos:take_picture.intent,neem een foto
de,ovos-skill-camera.openvoiceos:take_picture.intent,mach ein bild
pt,ovos-skill-days-in-history.openvoiceos:births_in_history.intent,quem veio ao mundo nesta data histórica
gl,ovos-skill-days-in-history.openvoiceos:births_in_history.intent,quen apareceu nesta data importante
ca,ovos-skill-days-in-history.openvoiceos:births_in_history.intent,a qui va nàixer un dia com avui a la història
es,ovos-skill-days-in-history.openvoiceos:births_in_history.intent,qué personajes históricos nacieron un día como hoy
en,ovos-skill-days-in-history.openvoiceos:births_in_history.intent,who came into the world on this day long ago
fr,ovos-skill-days-in-history.openvoiceos:births_in_history.intent,qui a vu le jour à cette date dans le passé
it,ovos-skill-days-in-history.openvoiceos:births_in_history.intent,chi è nato in questo giorno del passato
nl,ovos-skill-days-in-history.openvoiceos:births_in_history.intent,wie is er ooit geboren op deze dag
de,ovos-skill-days-in-history.openvoiceos:births_in_history.intent,wer wurde an diesem historischen tag geboren
en,ovos-skill-iss-location.openvoiceos:NumberISSIntent,how many people are currently aboard the space station
es,ovos-skill-iss-location.openvoiceos:NumberISSIntent,cuántos astronautas hay en el espacio ahora mismo
ca,ovos-skill-iss-location.openvoiceos:NumberISSIntent,quants astronautes hi ha ara mateix a l'espai
gl,ovos-skill-iss-location.openvoiceos:NumberISSIntent,cantos astronautas están agora no espazo
pt,ovos-skill-iss-location.openvoiceos:NumberISSIntent,quantos astronautas estão agora no espaço
fr,ovos-skill-iss-location.openvoiceos:NumberISSIntent,combien d'astronautes sont actuellement dans l'espace
it,ovos-skill-iss-location.openvoiceos:NumberISSIntent,quanti astronauti ci sono nello spazio adesso
nl,ovos-skill-iss-location.openvoiceos:NumberISSIntent,hoeveel astronauten zijn er nu in de ruimte
de,ovos-skill-iss-location.openvoiceos:NumberISSIntent,wie viele astronauten sind gerade im weltraum
en,ovos-skill-randomness.openvoiceos:flip-a-coin.intent,toss a coin for me
es,ovos-skill-randomness.openvoiceos:flip-a-coin.intent,lanza una moneda
ca,ovos-skill-randomness.openvoiceos:flip-a-coin.intent,llença una moneda
gl,ovos-skill-randomness.openvoiceos:flip-a-coin.intent,bota unha moeda
pt,ovos-skill-randomness.openvoiceos:flip-a-coin.intent,lança uma moeda
fr,ovos-skill-randomness.openvoiceos:flip-a-coin.intent,lance une pièce
it,ovos-skill-randomness.openvoiceos:flip-a-coin.intent,lancia una moneta
nl,ovos-skill-randomness.openvoiceos:flip-a-coin.intent,gooi een muntje
de,ovos-skill-randomness.openvoiceos:flip-a-coin.intent,wirf eine münze
en,ovos-skill-camera.openvoiceos:take_picture.intent,snap a picture
es,ovos-skill-camera.openvoiceos:take_picture.intent,toma una foto
ca,ovos-skill-camera.openvoiceos:take_picture.intent,fes una foto
gl,ovos-skill-camera.openvoiceos:take_picture.intent,tira unha foto
pt,ovos-skill-camera.openvoiceos:take_picture.intent,tira uma foto
fr,ovos-skill-camera.openvoiceos:take_picture.intent,prends une photo
it,ovos-skill-camera.openvoiceos:take_picture.intent,scatta una foto
nl,ovos-skill-camera.openvoiceos:take_picture.intent,maak een foto
de,ovos-skill-camera.openvoiceos:take_picture.intent,mach ein foto
pt,ovos-skill-days-in-history.openvoiceos:births_in_history.intent,quem nasceu neste dia na história
gl,ovos-skill-days-in-history.openvoiceos:births_in_history.intent,quen naceu neste día na historia
ca,ovos-skill-days-in-history.openvoiceos:births_in_history.intent,qui va néixer avui a la història
es,ovos-skill-days-in-history.openvoiceos:births_in_history.intent,quién nació en esta fecha en la historia
en,ovos-skill-days-in-history.openvoiceos:births_in_history.intent,who was born on this day in history
fr,ovos-skill-days-in-history.openvoiceos:births_in_history.intent,qui est né ce jour dans l'histoire
it,ovos-skill-days-in-history.openvoiceos:births_in_history.intent,chi è nato in questo giorno nella storia
nl,ovos-skill-days-in-history.openvoiceos:births_in_history.intent,wie is er op deze dag in de geschiedenis geboren
de,ovos-skill-days-in-history.openvoiceos:births_in_history.intent,wer wurde an diesem tag in der geschichte geboren
ca,ovos-skill-randomness.openvoiceos:flip-a-coin.intent,tira la moneda i veiem què surt
es,ovos-skill-randomness.openvoiceos:flip-a-coin.intent,lanza una moneda y dime el resultado
gl,ovos-skill-randomness.openvoiceos:flip-a-coin.intent,bota a moeda e dime que sae
pt,ovos-skill-randomness.openvoiceos:flip-a-coin.intent,atira a moeda para o ar e conta-me
fr,ovos-skill-randomness.openvoiceos:flip-a-coin.intent,lance une pièce et dis-moi ce que c’est
it,ovos-skill-randomness.openvoiceos:flip-a-coin.intent,tira una moneta e fammi sapere
nl,ovos-skill-randomness.openvoiceos:flip-a-coin.intent,gooi een muntje en vertel het me
de,ovos-skill-randomness.openvoiceos:flip-a-coin.intent,wirf eine münze und sag mir das ergebnis
ca,ovos-skill-days-in-history.openvoiceos:births_in_history.intent,qui va néixer en aquesta data al passat
gl,ovos-skill-days-in-history.openvoiceos:births_in_history.intent,quen naceu nesta data na historia
pt,ovos-skill-days-in-history.openvoiceos:births_in_history.intent,quem nasceu nesta data na história
fr,ovos-skill-days-in-history.openvoiceos:births_in_history.intent,qui est né à cette date dans l’histoire
it,ovos-skill-days-in-history.openvoiceos:births_in_history.intent,chi è nato in questa data nella storia
nl,ovos-skill-days-in-history.openvoiceos:births_in_history.intent,wie is er op deze datum in de geschiedenis geboren
ca,ovos-skill-camera.openvoiceos:take_picture.intent,captura una foto ara mateix
es,ovos-skill-camera.openvoiceos:take_picture.intent,toma una fotografía ahora mismo
gl,ovos-skill-camera.openvoiceos:take_picture.intent,captura unha foto agora mesmo
pt,ovos-skill-camera.openvoiceos:take_picture.intent,tira uma fotografia neste momento
fr,ovos-skill-camera.openvoiceos:take_picture.intent,prends une photo tout de suite
it,ovos-skill-camera.openvoiceos:take_picture.intent,scatta una foto proprio adesso
nl,ovos-skill-camera.openvoiceos:take_picture.intent,maak nu meteen een foto
de,ovos-skill-camera.openvoiceos:take_picture.intent,mach sofort ein foto
ca,ovos-skill-fuster-quotes.openvoiceos:who.intent,explica qui era joan fuster
es,ovos-skill-fuster-quotes.openvoiceos:who.intent,dime quién fue joan fuster
gl,ovos-skill-fuster-quotes.openvoiceos:who.intent,dime quen foi joan fuster
pt,ovos-skill-fuster-quotes.openvoiceos:who.intent,conta quem foi joan fuster
fr,ovos-skill-fuster-quotes.openvoiceos:who.intent,raconte qui était joan fuster
it,ovos-skill-fuster-quotes.openvoiceos:who.intent,spiegami chi era joan fuster
nl,ovos-skill-fuster-quotes.openvoiceos:who.intent,vertel me wie joan fuster was
de,ovos-skill-fuster-quotes.openvoiceos:who.intent,sag mir wer joan fuster war
da,ovos-skill-camera.openvoiceos:take_picture.intent,tag et hurtigt billede
da,ovos-skill-camera.openvoiceos:take_picture.intent,lav et øjebliksbillede
da,ovos-skill-days-in-history.openvoiceos:births_in_history.intent,hvem blev født på denne dag
ca,ovos-skill-randomness.openvoiceos:flip-a-coin.intent,llença una moneda a l'aire
es,ovos-skill-randomness.openvoiceos:flip-a-coin.intent,tira una moneda al aire
gl,ovos-skill-randomness.openvoiceos:flip-a-coin.intent,bota unha moeda ao aire
pt,ovos-skill-randomness.openvoiceos:flip-a-coin.intent,lança uma moeda ao ar
fr,ovos-skill-randomness.openvoiceos:flip-a-coin.intent,lance une pièce en l'air
it,ovos-skill-randomness.openvoiceos:flip-a-coin.intent,lancia una moneta in aria
nl,ovos-skill-randomness.openvoiceos:flip-a-coin.intent,gooi een muntje op
de,ovos-skill-randomness.openvoiceos:flip-a-coin.intent,wirf eine münze in die luft
es,ovos-skill-days-in-history.openvoiceos:births_in_history.intent,quién nació hoy en la historia
gl,ovos-skill-days-in-history.openvoiceos:births_in_history.intent,quen naceu hoxe na historia
pt,ovos-skill-days-in-history.openvoiceos:births_in_history.intent,quem nasceu hoje na história
fr,ovos-skill-days-in-history.openvoiceos:births_in_history.intent,qui est né aujourd'hui dans l'histoire
it,ovos-skill-days-in-history.openvoiceos:births_in_history.intent,chi è nato oggi nella storia
nl,ovos-skill-days-in-history.openvoiceos:births_in_history.intent,wie is er vandaag in de geschiedenis geboren
de,ovos-skill-days-in-history.openvoiceos:births_in_history.intent,wer wurde heute in der geschichte geboren
ca,ovos-skill-camera.openvoiceos:take_picture.intent,fes una fotografia ara
es,ovos-skill-camera.openvoiceos:take_picture.intent,haz una foto ahora
gl,ovos-skill-camera.openvoiceos:take_picture.intent,tira unha foto agora
pt,ovos-skill-camera.openvoiceos:take_picture.intent,tira uma fotografia agora
fr,ovos-skill-camera.openvoiceos:take_picture.intent,prends une photo maintenant
it,ovos-skill-camera.openvoiceos:take_picture.intent,scatta una foto adesso
nl,ovos-skill-camera.openvoiceos:take_picture.intent,maak nu een foto
de,ovos-skill-camera.openvoiceos:take_picture.intent,mach jetzt ein foto
ca,ovos-skill-fuster-quotes.openvoiceos:who.intent,qui era joan fuster realment
es,ovos-skill-fuster-quotes.openvoiceos:who.intent,quién fue realmente joan fuster
gl,ovos-skill-fuster-quotes.openvoiceos:who.intent,quen foi joan fuster en realidade
pt,ovos-skill-fuster-quotes.openvoiceos:who.intent,quem foi joan fuster verdadeiramente
fr,ovos-skill-fuster-quotes.openvoiceos:who.intent,qui était vraiment joan fuster
it,ovos-skill-fuster-quotes.openvoiceos:who.intent,chi era veramente joan fuster
nl,ovos-skill-fuster-quotes.openvoiceos:who.intent,wie was joan fuster echt
de,ovos-skill-fuster-quotes.openvoiceos:who.intent,wer war joan fuster wirklich
da,ovos-skill-camera.openvoiceos:take_picture.intent,tag et billede nu
da,ovos-skill-camera.openvoiceos:take_picture.intent,lav et foto lige nu
da,ovos-skill-days-in-history.openvoiceos:births_in_history.intent,hvem blev født i dag i historien
es,ovos-skill-hello-world.openvoiceos:ThankYouIntent,te lo agradezco mucho
ca,ovos-skill-hello-world.openvoiceos:ThankYouIntent,et dono les gràcies sincerament
gl,ovos-skill-hello-world.openvoiceos:ThankYouIntent,estou moi agradecido
pt,ovos-skill-hello-world.openvoiceos:ThankYouIntent,agradeço-te bastante
fr,ovos-skill-hello-world.openvoiceos:ThankYouIntent,un grand merci
it,ovos-skill-hello-world.openvoiceos:ThankYouIntent,ti ringrazio tanto
nl,ovos-skill-hello-world.openvoiceos:ThankYouIntent,hartelijk bedankt
de,ovos-skill-hello-world.openvoiceos:ThankYouIntent,besten dank
es,ovos-skill-wallpapers.openvoiceos:picture.random.intent,dame una foto cualquiera
ca,ovos-skill-wallpapers.openvoiceos:picture.random.intent,pots mostrar una imatge aleatòria
gl,ovos-skill-wallpapers.openvoiceos:picture.random.intent,enséñame unha foto sen un tema concreto
pt,ovos-skill-wallpapers.openvoiceos:picture.random.intent,manda uma imagem ao acaso
fr,ovos-skill-wallpapers.openvoiceos:picture.random.intent,affiche une photo prise au hasard
it,ovos-skill-wallpapers.openvoiceos:picture.random.intent,fammi vedere una foto a caso
nl,ovos-skill-wallpapers.openvoiceos:picture.random.intent,toon een willekeurige afbeelding
de,ovos-skill-wallpapers.openvoiceos:picture.random.intent,zeig mir ein beliebiges foto
es,ovos-skill-wallpapers.openvoiceos:wallpaper.about.intent,pon un fondo con ciudades por favor
ca,ovos-skill-wallpapers.openvoiceos:wallpaper.about.intent,canvia el fons per un paisatge urbà
gl,ovos-skill-wallpapers.openvoiceos:wallpaper.about.intent,cambia o fondo a un estilo minimalista
pt,ovos-skill-wallpapers.openvoiceos:wallpaper.about.intent,altera o papel de parede para algo moderno
fr,ovos-skill-wallpapers.openvoiceos:wallpaper.about.intent,change le fond d'écran pour un paysage urbain
it,ovos-skill-wallpapers.openvoiceos:wallpaper.about.intent,cambia lo sfondo con un'immagine astratta
nl,ovos-skill-wallpapers.openvoiceos:wallpaper.about.intent,verander de achtergrond naar een stedelijk thema
de,ovos-skill-wallpapers.openvoiceos:wallpaper.about.intent,ändere den hintergrund zu einem abstrakten bild
es,ovos-skill-color-picker.krisgesling.openvoiceos:request-color-by-name.intent,muestra cómo es el color rosa
ca,ovos-skill-color-picker.krisgesling.openvoiceos:request-color-by-name.intent,com es el color gris
gl,ovos-skill-color-picker.krisgesling.openvoiceos:request-color-by-name.intent,enséñame a cor laranxa
pt,ovos-skill-color-picker.krisgesling.openvoiceos:request-color-by-name.intent,qual é o aspeto do azul escuro
fr,ovos-skill-color-picker.krisgesling.openvoiceos:request-color-by-name.intent,montre-moi la couleur turquoise
it,ovos-skill-color-picker.krisgesling.openvoiceos:request-color-by-name.intent,mostrami il colore turchese
nl,ovos-skill-color-picker.krisgesling.openvoiceos:request-color-by-name.intent,hoe ziet de kleur lichtgroen eruit
de,ovos-skill-color-picker.krisgesling.openvoiceos:request-color-by-name.intent,wie sieht die farbe dunkelrot aus
es,ovos-skill-hello-world.openvoiceos:ThankYouIntent,muchas gracias
ca,ovos-skill-hello-world.openvoiceos:ThankYouIntent,gràcies moltíssimes
gl,ovos-skill-hello-world.openvoiceos:ThankYouIntent,moitas grazas
pt,ovos-skill-hello-world.openvoiceos:ThankYouIntent,muito obrigado
fr,ovos-skill-hello-world.openvoiceos:ThankYouIntent,merci beaucoup
it,ovos-skill-hello-world.openvoiceos:ThankYouIntent,grazie tante
nl,ovos-skill-hello-world.openvoiceos:ThankYouIntent,heel erg bedankt
de,ovos-skill-hello-world.openvoiceos:ThankYouIntent,vielen dank
es,ovos-skill-wallpapers.openvoiceos:picture.random.intent,muestra una imagen aleatoria
ca,ovos-skill-wallpapers.openvoiceos:picture.random.intent,ensenya una foto al azar
gl,ovos-skill-wallpapers.openvoiceos:picture.random.intent,amosa unha foto ao chou
pt,ovos-skill-wallpapers.openvoiceos:picture.random.intent,mostra uma foto aleatória
fr,ovos-skill-wallpapers.openvoiceos:picture.random.intent,montre une image au hasard
it,ovos-skill-wallpapers.openvoiceos:picture.random.intent,mostrami una foto a caso
nl,ovos-skill-wallpapers.openvoiceos:picture.random.intent,toon een willekeurige foto
de,ovos-skill-wallpapers.openvoiceos:picture.random.intent,zeig ein zufälliges bild
es,ovos-skill-wallpapers.openvoiceos:wallpaper.about.intent,coloca un fondo con bosques
ca,ovos-skill-wallpapers.openvoiceos:wallpaper.about.intent,canvia el fons per un paisatge natural
gl,ovos-skill-wallpapers.openvoiceos:wallpaper.about.intent,poñer un fondo con praias
pt,ovos-skill-wallpapers.openvoiceos:wallpaper.about.intent,muda o papel de parede para algo natural
fr,ovos-skill-wallpapers.openvoiceos:wallpaper.about.intent,change le fond d'écran pour quelque chose de naturel
it,ovos-skill-wallpapers.openvoiceos:wallpaper.about.intent,cambia lo sfondo con un paesaggio naturale
nl,ovos-skill-wallpapers.openvoiceos:wallpaper.about.intent,verander de achtergrond naar iets natuurlijks
de,ovos-skill-wallpapers.openvoiceos:wallpaper.about.intent,wechsle den hintergrund zu etwas natürlichem
es,ovos-skill-color-picker.krisgesling.openvoiceos:request-color-by-name.intent,muestra el color verde
ca,ovos-skill-color-picker.krisgesling.openvoiceos:request-color-by-name.intent,com és el color taronja
gl,ovos-skill-color-picker.krisgesling.openvoiceos:request-color-by-name.intent,como é a cor vermella
pt,ovos-skill-color-picker.krisgesling.openvoiceos:request-color-by-name.intent,mostra-me a cor amarela
fr,ovos-skill-color-picker.krisgesling.openvoiceos:request-color-by-name.intent,quelle est la couleur violette
it,ovos-skill-color-picker.krisgesling.openvoiceos:request-color-by-name.intent,mostra il colore marrone
nl,ovos-skill-color-picker.krisgesling.openvoiceos:request-color-by-name.intent,toon de kleur zwart
de,ovos-skill-color-picker.krisgesling.openvoiceos:request-color-by-name.intent,wie sieht die farbe rosa aus
es,ovos-skill-alerts.openvoiceos:TimerStatus,cuánto queda en el temporizador del baño
ca,ovos-skill-alerts.openvoiceos:TimerStatus,quant temps falta al temporitzador de l'habitació
gl,ovos-skill-alerts.openvoiceos:TimerStatus,canto queda no temporizador da sala
pt,ovos-skill-alerts.openvoiceos:TimerStatus,quanto tempo falta no temporizador do escritório
fr,ovos-skill-alerts.openvoiceos:TimerStatus,combien de temps reste-t-il sur le minuteur du salon
it,ovos-skill-alerts.openvoiceos:TimerStatus,quanto manca al timer della cucina
nl,ovos-skill-alerts.openvoiceos:TimerStatus,hoe lang duurt het nog op de timer van de werkplek
de,ovos-skill-alerts.openvoiceos:TimerStatus,wie viel zeit bleibt auf dem timer im wohnzimmer
es,ovos-skill-alerts.openvoiceos:TimerStatus,cuánto tiempo falta para que suene el temporizador del dormitorio
ca,ovos-skill-alerts.openvoiceos:TimerStatus,quant trigarà el temporitzador del menjador a sonar
gl,ovos-skill-alerts.openvoiceos:TimerStatus,canto falta para que o temporizador do xardín se apague
pt,ovos-skill-alerts.openvoiceos:TimerStatus,quanto falta para o temporizador da cozinha disparar
fr,ovos-skill-alerts.openvoiceos:TimerStatus,peux-tu vérifier le temps restant sur le minuteur du bureau
it,ovos-skill-alerts.openvoiceos:TimerStatus,controlla quanto manca al timer della camera da letto.
nl,ovos-skill-alerts.openvoiceos:TimerStatus,hoeveel tijd is er nog op de timer in de keuken
de,ovos-skill-alerts.openvoiceos:TimerStatus,prüf bitte die verbleibende zeit am timer im badezimmer.
ca,ovos-skill-volume.openvoiceos:increase_volume,parla una mica més fort
ca,ovos-skill-volume.openvoiceos:increase_volume,parla més alt
ca,ovos-skill-volume.openvoiceos:increase_volume,augmenta el volum
ca,ovos-skill-volume.openvoiceos:increase_volume,puja el so
ca,ovos-skill-volume.openvoiceos:increase_volume,si us plau
ca,ovos-skill-volume.openvoiceos:increase_volume,posa el volum més alt
ca,ovos-skill-volume.openvoiceos:increase_volume,pugeu el volum
ca,ovos-skill-volume.openvoiceos:increase_volume,no t'escolto bé
ca,ovos-skill-volume.openvoiceos:less_volume,redueix el volum
ca,ovos-skill-volume.openvoiceos:less_volume,baixa el so
ca,ovos-skill-volume.openvoiceos:less_volume,parla més fluix
ca,ovos-skill-volume.openvoiceos:less_volume,que estàs molt fort
ca,ovos-skill-volume.openvoiceos:less_volume,pots baixar la veu
ca,ovos-skill-volume.openvoiceos:less_volume,el volum és massa alt
ca,ovos-skill-alerts.openvoiceos:CreateOcpAlarm,desperta'm a les 8 amb música
ca,ovos-skill-alerts.openvoiceos:CreateOcpAlarm,posa música a les 8 per despertar-me
ca,ovos-skill-alerts.openvoiceos:CreateOcpAlarm,fes que la música em desperti a les vuit
ca,ovos-skill-alerts.openvoiceos:TimerStatus,quant temps queda al temporitzador
ca,ovos-skill-alerts.openvoiceos:TimerStatus,queda molt de temps en el temporitzador
ca,ovos-skill-ip.openvoiceos:IPIntent,digue'm la teva adreça ip
ca,ovos-skill-ip.openvoiceos:IPIntent,quina és la teva ip de xarxa
ca,ovos-skill-ip.openvoiceos:IPIntent,explica'm la teva direcció de xarxa
ca,ovos-skill-confucius-quotes.openvoiceos:ConfuciusQuote,dóna'm una cita de confuci
ca,ovos-skill-confucius-quotes.openvoiceos:ConfuciusQuote,explica una frase de saviesa de confuci
ca,ovos-skill-confucius-quotes.openvoiceos:ConfuciusBirth,quan va néixer confuci en quin any va néixer confuci
ca,ovos-skill-confucius-quotes.openvoiceos:ConfuciusDeath,quan va morir confuci explica'm la data de la mort de confuci
ca,ovos-skill-hello-world.openvoiceos:ThankYouIntent,gràcies
ca,ovos-skill-hello-world.openvoiceos:ThankYouIntent,moltes gràcies
ca,ovos-skill-hello-world.openvoiceos:ThankYouIntent,et dono les gràcies
ca,ovos-skill-wallpapers.openvoiceos:picture.random.intent,mostra'm una foto
ca,ovos-skill-wallpapers.openvoiceos:picture.random.intent,vull veure una imatge
ca,ovos-skill-wallpapers.openvoiceos:wallpaper.about.intent,canvia el fons a natura
ca,ovos-skill-wallpapers.openvoiceos:wallpaper.about.intent,posa un fons natural
ca,ovos-skill-color-picker.krisgesling.openvoiceos:request-color-by-name.intent,mostra'm el color verd
ca,ovos-skill-color-picker.krisgesling.openvoiceos:request-color-by-name.intent,vull veure verd
ca,ovos-skill-screenshot.openvoiceos:take.screenshot.intent,fes una captura de pantalla
ca,ovos-skill-screenshot.openvoiceos:take.screenshot.intent,captura la pantalla
ca,ovos-skill-screenshot.openvoiceos:take.screenshot.intent,guarda una captura
ca,ovos-skill-screenshot.openvoiceos:take.screenshot.intent,guarda la imatge de pantalla
es,ovos-skill-volume.openvoiceos:increase_volume,puedes hablar un poco más alto
es,ovos-skill-volume.openvoiceos:increase_volume,súbele el volumen al sonido
es,ovos-skill-volume.openvoiceos:increase_volume,aumenta el volumen
es,ovos-skill-volume.openvoiceos:increase_volume,por favor pon el volumen más alto
es,ovos-skill-volume.openvoiceos:increase_volume,sube el sonido
es,ovos-skill-volume.openvoiceos:increase_volume,que no te escucho bien
es,ovos-skill-volume.openvoiceos:less_volume,baja el volumen
es,ovos-skill-volume.openvoiceos:less_volume,disminuye el sonido
es,ovos-skill-volume.openvoiceos:less_volume,habla más bajo
es,ovos-skill-volume.openvoiceos:less_volume,estás muy fuerte
es,ovos-skill-volume.openvoiceos:less_volume,puedes bajar la voz
es,ovos-skill-volume.openvoiceos:less_volume,por favor baja el volumen
es,ovos-skill-volume.openvoiceos:less_volume,el volumen está muy alto
es,ovos-skill-volume.openvoiceos:less_volume,ponlo más bajo
es,ovos-skill-alerts.openvoiceos:CreateOcpAlarm,despiértame a las 8 con música
es,ovos-skill-alerts.openvoiceos:CreateOcpAlarm,pon una alarma musical a las 8
es,ovos-skill-alerts.openvoiceos:CreateOcpAlarm,quiero que me despiertes con música a las 8
es,ovos-skill-alerts.openvoiceos:TimerStatus,qué tiempo queda en el temporizador
es,ovos-skill-alerts.openvoiceos:TimerStatus,está corriendo el temporizador todavía
es,ovos-skill-ip.openvoiceos:IPIntent,dime tu dirección ip
es,ovos-skill-ip.openvoiceos:IPIntent,cuál es tu ip
es,ovos-skill-ip.openvoiceos:IPIntent,dame tu ip de red
es,ovos-skill-confucius-quotes.openvoiceos:ConfuciusQuote,dame una cita de confucio
es,ovos-skill-confucius-quotes.openvoiceos:ConfuciusQuote,di algo que dijo confucio
es,ovos-skill-confucius-quotes.openvoiceos:ConfuciusBirth,cuándo nació confucio
es,ovos-skill-confucius-quotes.openvoiceos:ConfuciusBirth,cuál es la fecha de nacimiento de confucio
es,ovos-skill-confucius-quotes.openvoiceos:ConfuciusDeath,cuándo murió confucio
es,ovos-skill-confucius-quotes.openvoiceos:ConfuciusDeath,cuál fue la fecha de muerte de confucio
es,ovos-skill-hello-world.openvoiceos:ThankYouIntent,gracias
es,ovos-skill-hello-world.openvoiceos:ThankYouIntent,te lo agradezco
es,ovos-skill-wallpapers.openvoiceos:picture.random.intent,muestra una imagen
es,ovos-skill-wallpapers.openvoiceos:picture.random.intent,quiero ver una foto
es,ovos-skill-wallpapers.openvoiceos:wallpaper.about.intent,cambia el fondo a naturaleza
es,ovos-skill-wallpapers.openvoiceos:wallpaper.about.intent,pon un fondo natural
es,ovos-skill-color-picker.krisgesling.openvoiceos:request-color-by-name.intent,quiero ver verde
es,ovos-skill-screenshot.openvoiceos:take.screenshot.intent,toma una captura de pantalla
es,ovos-skill-screenshot.openvoiceos:take.screenshot.intent,captura la pantalla
es,ovos-skill-screenshot.openvoiceos:take.screenshot.intent,guarda una captura
es,ovos-skill-screenshot.openvoiceos:take.screenshot.intent,guarda la imagen de la pantalla
gl,ovos-skill-volume.openvoiceos:increase_volume,podes falar un pouco máis alto
gl,ovos-skill-volume.openvoiceos:increase_volume,sube o volume
gl,ovos-skill-volume.openvoiceos:increase_volume,sube o son
gl,ovos-skill-volume.openvoiceos:increase_volume,podes subir o volume
gl,ovos-skill-volume.openvoiceos:increase_volume,aumenta o volume
gl,ovos-skill-volume.openvoiceos:increase_volume,por favor sube o son
gl,ovos-skill-volume.openvoiceos:less_volume,baixa o volume
gl,ovos-skill-volume.openvoiceos:less_volume,baixa o son
gl,ovos-skill-volume.openvoiceos:less_volume,fala máis baixo
gl,ovos-skill-volume.openvoiceos:less_volume,estás moi alto
gl,ovos-skill-volume.openvoiceos:less_volume,por favor
gl,ovos-skill-volume.openvoiceos:less_volume,podes baixar o volume
gl,ovos-skill-alerts.openvoiceos:CreateOcpAlarm,despéitame ás 8 con música
gl,ovos-skill-alerts.openvoiceos:CreateOcpAlarm,quero escoitar música ás 8 para espertar
gl,ovos-skill-alerts.openvoiceos:TimerStatus,canto tempo queda no temporizador
gl,ovos-skill-ip.openvoiceos:IPIntent,dime a túa dirección ip
gl,ovos-skill-ip.openvoiceos:IPIntent,cal é a túa ip
gl,ovos-skill-confucius-quotes.openvoiceos:ConfuciusQuote,dime algo sabio de confucio
gl,ovos-skill-confucius-quotes.openvoiceos:ConfuciusBirth,cando naceu confucio
gl,ovos-skill-confucius-quotes.openvoiceos:ConfuciusDeath,cando morreu confucio
gl,ovos-skill-hello-world.openvoiceos:ThankYouIntent,gracias
gl,ovos-skill-wallpapers.openvoiceos:picture.random.intent,amósame unha foto
gl,ovos-skill-wallpapers.openvoiceos:picture.random.intent,quero ver unha imaxe
gl,ovos-skill-wallpapers.openvoiceos:wallpaper.about.intent,muda o fondo a natureza
gl,ovos-skill-wallpapers.openvoiceos:wallpaper.about.intent,pon un fondo natural
gl,ovos-skill-color-picker.krisgesling.openvoiceos:request-color-by-name.intent,amósame o verde
gl,ovos-skill-screenshot.openvoiceos:take.screenshot.intent,fai unha captura
gl,ovos-skill-screenshot.openvoiceos:take.screenshot.intent,captura a pantalla
gl,ovos-skill-screenshot.openvoiceos:take.screenshot.intent,garda unha captura
eu,ovos-skill-volume.openvoiceos:increase_volume,pare gehiago hitz egin mesedez
eu,ovos-skill-volume.openvoiceos:increase_volume,are gehiago hitz egin
eu,ovos-skill-volume.openvoiceos:increase_volume,piztu bolumena
eu,ovos-skill-volume.openvoiceos:increase_volume,handitu soinu bolumena
eu,ovos-skill-volume.openvoiceos:less_volume,txikitu bolumena
eu,ovos-skill-volume.openvoiceos:less_volume,apagarri bolumena
eu,ovos-skill-volume.openvoiceos:less_volume,hitz egin isilago
eu,ovos-skill-volume.openvoiceos:less_volume,bolumena murriztu
eu,ovos-skill-alerts.openvoiceos:CreateOcpAlarm,esnatu musikaarekin 8etan
eu,ovos-skill-alerts.openvoiceos:CreateOcpAlarm,jarri alarma musika batekin 8etan
eu,ovos-skill-alerts.openvoiceos:TimerStatus,zenbat denbora geratzen da timerrean
en,ovos-skill-iss-location.openvoiceos:WhoISSIntent,who's aboard the iss
en,ovos-skill-iss-location.openvoiceos:WhoISSIntent,who is currently in the space station
en,ovos-skill-iss-location.openvoiceos:WhoISSIntent,which astronauts are on the iss
en,ovos-skill-iss-location.openvoiceos:WhoISSIntent,can you tell me who is in the iss right now
en,ovos-skill-iss-location.openvoiceos:WhoISSIntent,who are the crew members aboard the iss
en,ovos-skill-iss-location.openvoiceos:WhoISSIntent,who is inside the international space station
en,ovos-skill-iss-location.openvoiceos:WhoISSIntent,who's currently living on the iss
ca,ovos-skill-iss-location.openvoiceos:WhoISSIntent,qui està a bord de l'iss
ca,ovos-skill-iss-location.openvoiceos:WhoISSIntent,qui és a l'estació espacial ara mateix
ca,ovos-skill-iss-location.openvoiceos:WhoISSIntent,qui són els astronautes a l'iss
ca,ovos-skill-iss-location.openvoiceos:WhoISSIntent,em pots dir qui viu a l'estació espacial
ca,ovos-skill-iss-location.openvoiceos:WhoISSIntent,qui forma part de la tripulació de l'iss
es,ovos-skill-iss-location.openvoiceos:WhoISSIntent,quién está a bordo de la iss
es,ovos-skill-iss-location.openvoiceos:WhoISSIntent,quién está en la estación espacial en este momento
es,ovos-skill-iss-location.openvoiceos:WhoISSIntent,quiénes son los astronautas en la iss
es,ovos-skill-iss-location.openvoiceos:WhoISSIntent,dime quién está viviendo en la estación espacial
es,ovos-skill-iss-location.openvoiceos:WhoISSIntent,quiénes forman la tripulación de la iss
pt,ovos-skill-iss-location.openvoiceos:WhoISSIntent,quem está a bordo da iss
pt,ovos-skill-iss-location.openvoiceos:WhoISSIntent,quem está na estação espacial agora
pt,ovos-skill-iss-location.openvoiceos:WhoISSIntent,quais astronautas estão na iss
pt,ovos-skill-iss-location.openvoiceos:WhoISSIntent,pode me dizer quem está vivendo na estação espacial
pt,ovos-skill-iss-location.openvoiceos:WhoISSIntent,quem faz parte da tripulação da iss
fr,ovos-skill-iss-location.openvoiceos:WhoISSIntent,qui est à bord de l'iss
fr,ovos-skill-iss-location.openvoiceos:WhoISSIntent,qui se trouve actuellement dans la station spatiale
fr,ovos-skill-iss-location.openvoiceos:WhoISSIntent,qui sont les astronautes présents sur l'iss
fr,ovos-skill-iss-location.openvoiceos:WhoISSIntent,peux-tu me dire qui vit dans la station spatiale
fr,ovos-skill-iss-location.openvoiceos:WhoISSIntent,qui fait partie de l'équipage de l'iss
it,ovos-skill-iss-location.openvoiceos:WhoISSIntent,chi è a bordo della iss
it,ovos-skill-iss-location.openvoiceos:WhoISSIntent,chi si trova ora nella stazione spaziale
it,ovos-skill-iss-location.openvoiceos:WhoISSIntent,chi sono gli astronauti sulla iss
it,ovos-skill-iss-location.openvoiceos:WhoISSIntent,puoi dirmi chi vive nella stazione spaziale
it,ovos-skill-iss-location.openvoiceos:WhoISSIntent,chi fa parte dell'equipaggio della iss
de,ovos-skill-iss-location.openvoiceos:WhoISSIntent,wer ist an bord der iss
de,ovos-skill-iss-location.openvoiceos:WhoISSIntent,wer befindet sich gerade auf der raumstation
de,ovos-skill-iss-location.openvoiceos:WhoISSIntent,wer sind die astronauten auf der iss
de,ovos-skill-iss-location.openvoiceos:WhoISSIntent,kannst du mir sagen wer auf der raumstation lebt
de,ovos-skill-iss-location.openvoiceos:WhoISSIntent,wer gehört zur besatzung der iss
nl,ovos-skill-iss-location.openvoiceos:WhoISSIntent,wie is er aan boord van het iss
nl,ovos-skill-iss-location.openvoiceos:WhoISSIntent,wie bevindt zich momenteel in het ruimtestation
nl,ovos-skill-iss-location.openvoiceos:WhoISSIntent,wie zijn de astronauten op het iss
nl,ovos-skill-iss-location.openvoiceos:WhoISSIntent,kun je me vertellen wie er op het ruimtestation woont
nl,ovos-skill-iss-location.openvoiceos:WhoISSIntent,wie maakt deel uit van de bemanning van het iss
pt,ovos-skill-diagnostics.openvoiceos:query_ovos_location.intent,diga-me a sua localização
pt,ovos-skill-diagnostics.openvoiceos:query_ovos_location.intent,onde estás
pt,ovos-skill-diagnostics.openvoiceos:query_ovos_location.intent,qual a sua localização atual
pt,ovos-skill-diagnostics.openvoiceos:query_ovos_location.intent,qual é a tua localização
pt,ovos-skill-diagnostics.openvoiceos:query_ovos_location.intent,podes dizer-me onde estás
pt,ovos-skill-diagnostics.openvoiceos:query_ovos_location.intent,qual é a tua localização neste momento
pt,ovos-skill-diagnostics.openvoiceos:query_ovos_location.intent,onde te encontras
gl,ovos-skill-diagnostics.openvoiceos:query_ovos_location.intent,cal é a túa localización
gl,ovos-skill-diagnostics.openvoiceos:query_ovos_location.intent,cal é a túa localización actual
gl,ovos-skill-diagnostics.openvoiceos:query_ovos_location.intent,dime a túa localización
gl,ovos-skill-diagnostics.openvoiceos:query_ovos_location.intent,podes dicirme onde estás
gl,ovos-skill-diagnostics.openvoiceos:query_ovos_location.intent,cal é a localización agora
de,ovos-skill-diagnostics.openvoiceos:query_ovos_location.intent,sag mir deinen standort
de,ovos-skill-diagnostics.openvoiceos:query_ovos_location.intent,was ist dein aktueller standort
de,ovos-skill-diagnostics.openvoiceos:query_ovos_location.intent,wie ist deine lokation
de,ovos-skill-diagnostics.openvoiceos:query_ovos_location.intent,wo bist du
de,ovos-skill-diagnostics.openvoiceos:query_ovos_location.intent,kannst du mir sagen wo du bist
de,ovos-skill-diagnostics.openvoiceos:query_ovos_location.intent,wo befindest du dich gerade
en,ovos-skill-diagnostics.openvoiceos:query_ovos_location.intent,tell me your location
en,ovos-skill-diagnostics.openvoiceos:query_ovos_location.intent,what is your current location
en,ovos-skill-diagnostics.openvoiceos:query_ovos_location.intent,what's your location
en,ovos-skill-diagnostics.openvoiceos:query_ovos_location.intent,where are you
en,ovos-skill-diagnostics.openvoiceos:query_ovos_location.intent,can you tell me your current location
en,ovos-skill-diagnostics.openvoiceos:query_ovos_location.intent,where exactly are you
es,ovos-skill-diagnostics.openvoiceos:query_ovos_location.intent,dime tu ubicación
es,ovos-skill-diagnostics.openvoiceos:query_ovos_location.intent,cuál es tu ubicación actual
es,ovos-skill-diagnostics.openvoiceos:query_ovos_location.intent,dónde estás ahora
es,ovos-skill-diagnostics.openvoiceos:query_ovos_location.intent,puedes decirme dónde estás
es,ovos-skill-diagnostics.openvoiceos:query_ovos_location.intent,cuál es tu localización
ca,ovos-skill-diagnostics.openvoiceos:query_ovos_location.intent,digues-me la teva ubicació
ca,ovos-skill-diagnostics.openvoiceos:query_ovos_location.intent,on ets ara
ca,ovos-skill-diagnostics.openvoiceos:query_ovos_location.intent,quina és la teva ubicació actual
ca,ovos-skill-diagnostics.openvoiceos:query_ovos_location.intent,pots dir-me on ets
ca,ovos-skill-diagnostics.openvoiceos:query_ovos_location.intent,on exactament et trobes
fr,ovos-skill-diagnostics.openvoiceos:query_ovos_location.intent,dis-moi ta localisation
fr,ovos-skill-diagnostics.openvoiceos:query_ovos_location.intent,où es-tu maintenant
fr,ovos-skill-diagnostics.openvoiceos:query_ovos_location.intent,quelle est ta localisation actuelle
fr,ovos-skill-diagnostics.openvoiceos:query_ovos_location.intent,peux-tu me dire où tu te trouves
fr,ovos-skill-diagnostics.openvoiceos:query_ovos_location.intent,où es-tu exactement
it,ovos-skill-diagnostics.openvoiceos:query_ovos_location.intent,dimmi la tua posizione
it,ovos-skill-diagnostics.openvoiceos:query_ovos_location.intent,dove sei adesso
it,ovos-skill-diagnostics.openvoiceos:query_ovos_location.intent,qual è la tua posizione attuale
it,ovos-skill-diagnostics.openvoiceos:query_ovos_location.intent,puoi dirmi dove ti trovi
it,ovos-skill-diagnostics.openvoiceos:query_ovos_location.intent,dove ti trovi esattamente
nl,ovos-skill-diagnostics.openvoiceos:query_ovos_location.intent,vertel me je locatie
nl,ovos-skill-diagnostics.openvoiceos:query_ovos_location.intent,waar ben je nu
nl,ovos-skill-diagnostics.openvoiceos:query_ovos_location.intent,wat is je huidige locatie
nl,ovos-skill-diagnostics.openvoiceos:query_ovos_location.intent,kun je me vertellen waar je bent
nl,ovos-skill-diagnostics.openvoiceos:query_ovos_location.intent,waar bevind je je precies
ca,ovos-skill-diagnostics.openvoiceos:query_memory_usage.intent,diagnòstic de memòria
ca,ovos-skill-diagnostics.openvoiceos:query_memory_usage.intent,quanta memòria tens disponible
ca,ovos-skill-diagnostics.openvoiceos:query_memory_usage.intent,estat actual de la memòria
ca,ovos-skill-diagnostics.openvoiceos:query_memory_usage.intent,quina és la teva utilització de memòria
ca,ovos-skill-diagnostics.openvoiceos:query_memory_usage.intent,quanta ram estàs utilitzant
ca,ovos-skill-diagnostics.openvoiceos:query_memory_usage.intent,com està la teva memòria
es,ovos-skill-diagnostics.openvoiceos:query_memory_usage.intent,diagnóstico de memoria
es,ovos-skill-diagnostics.openvoiceos:query_memory_usage.intent,cuánta memoria tienes disponible
es,ovos-skill-diagnostics.openvoiceos:query_memory_usage.intent,estado actual de la memoria
es,ovos-skill-diagnostics.openvoiceos:query_memory_usage.intent,cuál es tu uso de memoria
es,ovos-skill-diagnostics.openvoiceos:query_memory_usage.intent,cuánta ram estás utilizando
es,ovos-skill-diagnostics.openvoiceos:query_memory_usage.intent,cómo está tu memoria
fr,ovos-skill-diagnostics.openvoiceos:query_memory_usage.intent,diagnostic de mémoire
fr,ovos-skill-diagnostics.openvoiceos:query_memory_usage.intent,quelle est ta mémoire disponible
fr,ovos-skill-diagnostics.openvoiceos:query_memory_usage.intent,état actuel de la mémoire
fr,ovos-skill-diagnostics.openvoiceos:query_memory_usage.intent,quelle est ton utilisation de la mémoire
fr,ovos-skill-diagnostics.openvoiceos:query_memory_usage.intent,combien de ram utilises-tu
fr,ovos-skill-diagnostics.openvoiceos:query_memory_usage.intent,comment va ta mémoire
it,ovos-skill-diagnostics.openvoiceos:query_memory_usage.intent,diagnostica della memoria
it,ovos-skill-diagnostics.openvoiceos:query_memory_usage.intent,quanta memoria hai disponibile
it,ovos-skill-diagnostics.openvoiceos:query_memory_usage.intent,stato attuale della memoria
it,ovos-skill-diagnostics.openvoiceos:query_memory_usage.intent,qual è il tuo utilizzo di memoria
it,ovos-skill-diagnostics.openvoiceos:query_memory_usage.intent,quanta ram stai utilizzando
it,ovos-skill-diagnostics.openvoiceos:query_memory_usage.intent,come sta la tua memoria
de,ovos-skill-diagnostics.openvoiceos:query_memory_usage.intent,wie viel ram ist verfügbar
de,ovos-skill-diagnostics.openvoiceos:query_memory_usage.intent,was ist dein aktueller speicherstatus
de,ovos-skill-diagnostics.openvoiceos:query_memory_usage.intent,wie hoch ist deine aktuelle speichernutzung
de,ovos-skill-diagnostics.openvoiceos:query_memory_usage.intent,wie viel ram nutzt du derzeit
de,ovos-skill-diagnostics.openvoiceos:query_memory_usage.intent,wie steht es um deinen speicher
nl,ovos-skill-diagnostics.openvoiceos:query_memory_usage.intent,geheugen diagnose
nl,ovos-skill-diagnostics.openvoiceos:query_memory_usage.intent,hoeveel geheugen is beschikbaar
nl,ovos-skill-diagnostics.openvoiceos:query_memory_usage.intent,huidig geheugengebruik
nl,ovos-skill-diagnostics.openvoiceos:query_memory_usage.intent,wat is je geheugengebruik
nl,ovos-skill-diagnostics.openvoiceos:query_memory_usage.intent,hoeveel ram gebruik je
nl,ovos-skill-diagnostics.openvoiceos:query_memory_usage.intent,wat is de status van je geheugen
pt,ovos-skill-diagnostics.openvoiceos:query_memory_usage.intent,diagnóstico de memória
pt,ovos-skill-diagnostics.openvoiceos:query_memory_usage.intent,quanta memória tens disponível
pt,ovos-skill-diagnostics.openvoiceos:query_memory_usage.intent,estado atual da memória
pt,ovos-skill-diagnostics.openvoiceos:query_memory_usage.intent,qual é a tua utilização de memória
pt,ovos-skill-diagnostics.openvoiceos:query_memory_usage.intent,quanta ram estás a usar
pt,ovos-skill-diagnostics.openvoiceos:query_memory_usage.intent,como está a tua memória
es,ovos-skill-date-time.openvoiceos:what.weekday.is.it.intent,qué día es hoy de la semana
es,ovos-skill-date-time.openvoiceos:what.weekday.is.it.intent,qué día de la semana estamos viviendo
es,ovos-skill-date-time.openvoiceos:what.weekday.is.it.intent,puedes decirme qué día de la semana es
es,ovos-skill-date-time.openvoiceos:what.weekday.is.it.intent,qué día es hoy según la semana
ca,ovos-skill-date-time.openvoiceos:what.weekday.is.it.intent,quin és el dia actual de la setmana
ca,ovos-skill-date-time.openvoiceos:what.weekday.is.it.intent,què dia és avui dins de la setmana
ca,ovos-skill-date-time.openvoiceos:what.weekday.is.it.intent,digue'm quin dia de la setmana és avui
ca,ovos-skill-date-time.openvoiceos:what.weekday.is.it.intent,quina jornada de la setmana tenim avui
pt,ovos-skill-date-time.openvoiceos:what.weekday.is.it.intent,diz-me qual é o dia da semana
pt,ovos-skill-date-time.openvoiceos:what.weekday.is.it.intent,qual é o dia da semana de hoje
pt,ovos-skill-date-time.openvoiceos:what.weekday.is.it.intent,me fale qual é o dia da semana
pt,ovos-skill-date-time.openvoiceos:what.weekday.is.it.intent,qual é o dia de hoje na semana
fr,ovos-skill-date-time.openvoiceos:what.weekday.is.it.intent,dis-moi quel jour de la semaine on est
fr,ovos-skill-date-time.openvoiceos:what.weekday.is.it.intent,quel jour de la semaine sommes-nous
fr,ovos-skill-date-time.openvoiceos:what.weekday.is.it.intent,dis-moi quel jour on est aujourd'hui
fr,ovos-skill-date-time.openvoiceos:what.weekday.is.it.intent,quel est le jour de la semaine aujourd'hui
it,ovos-skill-date-time.openvoiceos:what.weekday.is.it.intent,dimmi che giorno è della settimana
it,ovos-skill-date-time.openvoiceos:what.weekday.is.it.intent,qual è il giorno della settimana oggi
it,ovos-skill-date-time.openvoiceos:what.weekday.is.it.intent,che giorno della settimana è oggi
it,ovos-skill-date-time.openvoiceos:what.weekday.is.it.intent,che giorno della settimana siamo oggi
de,ovos-skill-date-time.openvoiceos:what.weekday.is.it.intent,welcher tag der woche ist heute
de,ovos-skill-date-time.openvoiceos:what.weekday.is.it.intent,was ist heute für ein wochentag
de,ovos-skill-date-time.openvoiceos:what.weekday.is.it.intent,sag mir welchen wochentag wir haben
de,ovos-skill-date-time.openvoiceos:what.weekday.is.it.intent,was ist der aktuelle wochentag
nl,ovos-skill-date-time.openvoiceos:what.weekday.is.it.intent,welke dag van de week is het
nl,ovos-skill-date-time.openvoiceos:what.weekday.is.it.intent,welk dag van de week is vandaag
nl,ovos-skill-date-time.openvoiceos:what.weekday.is.it.intent,welke dag is het vandaag
nl,ovos-skill-date-time.openvoiceos:what.weekday.is.it.intent,welke dag hebben we vandaag
es,ovos-skill-date-time.openvoiceos:what.weekday.is.it.intent,sabes qué día de la semana es
es,ovos-skill-date-time.openvoiceos:what.weekday.is.it.intent,quisiera saber el día de la semana
es,ovos-skill-date-time.openvoiceos:what.weekday.is.it.intent,podrías decirme qué día es hoy
es,ovos-skill-date-time.openvoiceos:what.weekday.is.it.intent,necesito saber qué día de la semana es
ca,ovos-skill-date-time.openvoiceos:what.weekday.is.it.intent,pots dir-me quin dia és avui
ca,ovos-skill-date-time.openvoiceos:what.weekday.is.it.intent,vull saber quin dia de la setmana és
ca,ovos-skill-date-time.openvoiceos:what.weekday.is.it.intent,necessito saber quin dia de la setmana és avui
ca,ovos-skill-date-time.openvoiceos:what.weekday.is.it.intent,avui quin dia de la setmana toca
pt,ovos-skill-date-time.openvoiceos:what.weekday.is.it.intent,podes dizer qual é o dia da semana
pt,ovos-skill-date-time.openvoiceos:what.weekday.is.it.intent,gostaria de saber o dia da semana de hoje
pt,ovos-skill-date-time.openvoiceos:what.weekday.is.it.intent,que dia da semana é hoje exatamente
pt,ovos-skill-date-time.openvoiceos:what.weekday.is.it.intent,você sabe qual é o dia da semana
fr,ovos-skill-date-time.openvoiceos:what.weekday.is.it.intent,peux-tu me dire quel jour on est
fr,ovos-skill-date-time.openvoiceos:what.weekday.is.it.intent,j’aimerais savoir quel jour de la semaine on est
fr,ovos-skill-date-time.openvoiceos:what.weekday.is.it.intent,dis-moi le jour de la semaine actuel
fr,ovos-skill-date-time.openvoiceos:what.weekday.is.it.intent,on est quel jour dans la semaine
it,ovos-skill-date-time.openvoiceos:what.weekday.is.it.intent,puoi dirmi che giorno è oggi
it,ovos-skill-date-time.openvoiceos:what.weekday.is.it.intent,vorrei sapere il giorno della settimana
it,ovos-skill-date-time.openvoiceos:what.weekday.is.it.intent,qual è il giorno corrente della settimana
it,ovos-skill-date-time.openvoiceos:what.weekday.is.it.intent,oggi che giorno settimanale è
de,ovos-skill-date-time.openvoiceos:what.weekday.is.it.intent,kannst du mir sagen welcher wochentag heute ist
de,ovos-skill-date-time.openvoiceos:what.weekday.is.it.intent,ich möchte wissen welcher tag heute ist
de,ovos-skill-date-time.openvoiceos:what.weekday.is.it.intent,an welchem wochentag sind wir heute
de,ovos-skill-date-time.openvoiceos:what.weekday.is.it.intent,welcher tag ist es heute genau
nl,ovos-skill-date-time.openvoiceos:what.weekday.is.it.intent,kunt u me vertellen welke dag het vandaag is
nl,ovos-skill-date-time.openvoiceos:what.weekday.is.it.intent,ik wil weten welke dag van de week het is
nl,ovos-skill-date-time.openvoiceos:what.weekday.is.it.intent,wat is de dag vandaag in de week
nl,ovos-skill-date-time.openvoiceos:what.weekday.is.it.intent,op welke dag zitten we deze week
en,ovos-skill-date-time.openvoiceos:weekday.for.date.intent,which day falls on july 4th 2023
en,ovos-skill-date-time.openvoiceos:weekday.for.date.intent,what weekday is christmas 2025
en,ovos-skill-date-time.openvoiceos:weekday.for.date.intent,which day of the week is new year's eve 2024
en,ovos-skill-date-time.openvoiceos:weekday.for.date.intent,can you tell me the weekday for august 15th 2026
en,ovos-skill-date-time.openvoiceos:weekday.for.date.intent,what day does halloween 2030 fall on
ca,ovos-skill-date-time.openvoiceos:weekday.for.date.intent,quin dia és el memorial day del 2020
ca,ovos-skill-date-time.openvoiceos:weekday.for.date.intent,quin dia cau el 4 de juliol de 2023
ca,ovos-skill-date-time.openvoiceos:weekday.for.date.intent,quin dia de la setmana és nadal del 2025
ca,ovos-skill-date-time.openvoiceos:weekday.for.date.intent,quin dia de la setmana és cap d’any del 2024
ca,ovos-skill-date-time.openvoiceos:weekday.for.date.intent,pots dir-me quin dia de la setmana és el 15 d’agost del 2026
ca,ovos-skill-date-time.openvoiceos:weekday.for.date.intent,quin dia cau halloween del 2030
es,ovos-skill-date-time.openvoiceos:weekday.for.date.intent,qué día es el memorial day de 2020
es,ovos-skill-date-time.openvoiceos:weekday.for.date.intent,en qué día cae el 4 de julio de 2023
es,ovos-skill-date-time.openvoiceos:weekday.for.date.intent,qué día de la semana es navidad de 2025
es,ovos-skill-date-time.openvoiceos:weekday.for.date.intent,qué día es nochevieja del 2024
es,ovos-skill-date-time.openvoiceos:weekday.for.date.intent,puedes decirme qué día de la semana es el 15 de agosto de 2026
es,ovos-skill-date-time.openvoiceos:weekday.for.date.intent,qué día cae halloween de 2030
pt,ovos-skill-date-time.openvoiceos:weekday.for.date.intent,que dia é o memorial day de 2020
pt,ovos-skill-date-time.openvoiceos:weekday.for.date.intent,em que dia cai o 4 de julho de 2023
pt,ovos-skill-date-time.openvoiceos:weekday.for.date.intent,qual é o dia da semana do natal de 2025
pt,ovos-skill-date-time.openvoiceos:weekday.for.date.intent,que dia da semana é o réveillon de 2024
pt,ovos-skill-date-time.openvoiceos:weekday.for.date.intent,pode me dizer que dia da semana é 15 de agosto de 2026
pt,ovos-skill-date-time.openvoiceos:weekday.for.date.intent,em que dia cai o halloween de 2030
fr,ovos-skill-date-time.openvoiceos:weekday.for.date.intent,quel jour est le memorial day 2020
fr,ovos-skill-date-time.openvoiceos:weekday.for.date.intent,le 4 juillet 2023 tombe quel jour
fr,ovos-skill-date-time.openvoiceos:weekday.for.date.intent,quel jour de la semaine est noël 2025
fr,ovos-skill-date-time.openvoiceos:weekday.for.date.intent,quel jour tombe le réveillon du nouvel an 2024
fr,ovos-skill-date-time.openvoiceos:weekday.for.date.intent,peux-tu me dire quel jour de la semaine est le 15 août 2026
fr,ovos-skill-date-time.openvoiceos:weekday.for.date.intent,quel jour tombe halloween 2030
it,ovos-skill-date-time.openvoiceos:weekday.for.date.intent,che giorno è il memorial day del 2020
it,ovos-skill-date-time.openvoiceos:weekday.for.date.intent,che giorno cade il 4 luglio 2023
it,ovos-skill-date-time.openvoiceos:weekday.for.date.intent,che giorno della settimana è natale 2025
it,ovos-skill-date-time.openvoiceos:weekday.for.date.intent,che giorno è la vigilia di capodanno 2024
it,ovos-skill-date-time.openvoiceos:weekday.for.date.intent,mi puoi dire che giorno della settimana è il 15 agosto 2026
it,ovos-skill-date-time.openvoiceos:weekday.for.date.intent,che giorno cade halloween 2030
de,ovos-skill-date-time.openvoiceos:weekday.for.date.intent,welcher tag ist der memorial day 2020
de,ovos-skill-date-time.openvoiceos:weekday.for.date.intent,auf welchen wochentag fällt der 4. juli 2023
de,ovos-skill-date-time.openvoiceos:weekday.for.date.intent,welcher wochentag ist weihnachten 2025
de,ovos-skill-date-time.openvoiceos:weekday.for.date.intent,welcher tag ist silvester 2024
de,ovos-skill-date-time.openvoiceos:weekday.for.date.intent,kannst du mir sagen welcher wochentag der 15. august 2026 ist
de,ovos-skill-date-time.openvoiceos:weekday.for.date.intent,auf welchen tag fällt halloween 2030
nl,ovos-skill-date-time.openvoiceos:weekday.for.date.intent,welke dag is memorial day 2020
nl,ovos-skill-date-time.openvoiceos:weekday.for.date.intent,op welke dag valt 4 juli 2023
nl,ovos-skill-date-time.openvoiceos:weekday.for.date.intent,welke dag van de week is kerstmis 2025
nl,ovos-skill-date-time.openvoiceos:weekday.for.date.intent,welke dag valt oudjaar 2024 op
nl,ovos-skill-date-time.openvoiceos:weekday.for.date.intent,kun je me vertellen welke dag van de week 15 augustus 2026 is
nl,ovos-skill-date-time.openvoiceos:weekday.for.date.intent,op welke dag valt halloween 2030
en,ovos-skill-date-time.openvoiceos:weekday.for.date.intent,which weekday does memorial day 2020 fall on
en,ovos-skill-date-time.openvoiceos:weekday.for.date.intent,what weekday will july 4th 2023 be
en,ovos-skill-date-time.openvoiceos:weekday.for.date.intent,can you tell me the day of the week for christmas 2025
en,ovos-skill-date-time.openvoiceos:weekday.for.date.intent,when is new year's eve 2024 in terms of weekday
en,ovos-skill-date-time.openvoiceos:weekday.for.date.intent,what is the weekday on august 15th 2026
en,ovos-skill-date-time.openvoiceos:weekday.for.date.intent,which weekday will halloween be in 2030
ca,ovos-skill-date-time.openvoiceos:weekday.for.date.intent,quin dia de la setmana és el memorial day del 2020
ca,ovos-skill-date-time.openvoiceos:weekday.for.date.intent,el 4 de juliol de 2023 quin dia de la setmana serà
ca,ovos-skill-date-time.openvoiceos:weekday.for.date.intent,pots dir-me quin dia cau el nadal del 2025
ca,ovos-skill-date-time.openvoiceos:weekday.for.date.intent,quin dia de la setmana cau la nit de cap d’any 2024
ca,ovos-skill-date-time.openvoiceos:weekday.for.date.intent,quin dia és el 15 d’agost del 2026
ca,ovos-skill-date-time.openvoiceos:weekday.for.date.intent,quin dia de la setmana és halloween del 2030
es,ovos-skill-date-time.openvoiceos:weekday.for.date.intent,qué día de la semana cae el memorial day 2020
es,ovos-skill-date-time.openvoiceos:weekday.for.date.intent,qué día será el 4 de julio de 2023
es,ovos-skill-date-time.openvoiceos:weekday.for.date.intent,puedes decirme qué día cae navidad 2025
es,ovos-skill-date-time.openvoiceos:weekday.for.date.intent,en qué día de la semana cae la víspera de año nuevo 2024
es,ovos-skill-date-time.openvoiceos:weekday.for.date.intent,qué día de la semana es el 15 de agosto del 2026
es,ovos-skill-date-time.openvoiceos:weekday.for.date.intent,en qué día cae halloween 2030
pt,ovos-skill-date-time.openvoiceos:weekday.for.date.intent,em que dia da semana é o memorial day de 2020
pt,ovos-skill-date-time.openvoiceos:weekday.for.date.intent,qual será o dia da semana do 4 de julho de 2023
pt,ovos-skill-date-time.openvoiceos:weekday.for.date.intent,me diga que dia da semana será o natal de 2025
pt,ovos-skill-date-time.openvoiceos:weekday.for.date.intent,quando é a véspera de ano novo 2024 em termos de dia da semana
pt,ovos-skill-date-time.openvoiceos:weekday.for.date.intent,qual é o dia da semana do dia 15 de agosto de 2026
pt,ovos-skill-date-time.openvoiceos:weekday.for.date.intent,qual será o dia da semana do halloween em 2030
fr,ovos-skill-date-time.openvoiceos:weekday.for.date.intent,quel jour de la semaine est le memorial day 2020
fr,ovos-skill-date-time.openvoiceos:weekday.for.date.intent,le 4 juillet 2023 quel jour sera-ce
fr,ovos-skill-date-time.openvoiceos:weekday.for.date.intent,peux-tu me dire quel jour de la semaine est noël 2025
fr,ovos-skill-date-time.openvoiceos:weekday.for.date.intent,le réveillon 2024 tombe quel jour
fr,ovos-skill-date-time.openvoiceos:weekday.for.date.intent,le 15 août 2026 c’est quel jour de la semaine
fr,ovos-skill-date-time.openvoiceos:weekday.for.date.intent,à quel jour de la semaine tombe halloween 2030
it,ovos-skill-date-time.openvoiceos:weekday.for.date.intent,qual è il giorno della settimana del memorial day 2020
it,ovos-skill-date-time.openvoiceos:weekday.for.date.intent,il 4 luglio 2023 che giorno della settimana è
it,ovos-skill-date-time.openvoiceos:weekday.for.date.intent,puoi dirmi che giorno della settimana è natale 2025
it,ovos-skill-date-time.openvoiceos:weekday.for.date.intent,la vigilia di capodanno 2024 che giorno è
it,ovos-skill-date-time.openvoiceos:weekday.for.date.intent,che giorno della settimana è il 15 agosto 2026
it,ovos-skill-date-time.openvoiceos:weekday.for.date.intent,halloween 2030 che giorno cade
de,ovos-skill-date-time.openvoiceos:weekday.for.date.intent,an welchem wochentag ist der memorial day 2020
de,ovos-skill-date-time.openvoiceos:weekday.for.date.intent,welcher wochentag ist der 4. juli 2023
de,ovos-skill-date-time.openvoiceos:weekday.for.date.intent,kannst du mir sagen welcher wochentag weihnachten 2025 ist
de,ovos-skill-date-time.openvoiceos:weekday.for.date.intent,welcher wochentag ist der 15. august 2026
de,ovos-skill-date-time.openvoiceos:weekday.for.date.intent,an welchem wochentag ist halloween 2030
nl,ovos-skill-date-time.openvoiceos:weekday.for.date.intent,welke dag van de week is memorial day 2020
nl,ovos-skill-date-time.openvoiceos:weekday.for.date.intent,wat is de dag van de week voor 4 juli 2023
nl,ovos-skill-date-time.openvoiceos:weekday.for.date.intent,kun je me vertellen op welke dag kerstmis 2025 valt
nl,ovos-skill-date-time.openvoiceos:weekday.for.date.intent,op welke dag valt oudjaarsavond 2024
nl,ovos-skill-date-time.openvoiceos:weekday.for.date.intent,welke dag van de week is 15 augustus 2026
nl,ovos-skill-date-time.openvoiceos:weekday.for.date.intent,op welke dag van de week valt halloween 2030
ca,ovos-skill-alerts.openvoiceos:ListAlerts,quins són els meus recordatoris
es,ovos-skill-alerts.openvoiceos:ListAlerts,cuáles son mis recordatorios
pt,ovos-skill-alerts.openvoiceos:ListAlerts,quais são os meus lembretes
fr,ovos-skill-alerts.openvoiceos:ListAlerts,quels sont mes rappels
it,ovos-skill-alerts.openvoiceos:ListAlerts,quali sono i miei promemoria
de,ovos-skill-alerts.openvoiceos:ListAlerts,was sind meine erinnerungen
nl,ovos-skill-alerts.openvoiceos:ListAlerts,wat zijn mijn herinneringen
en,ovos-skill-alerts.openvoiceos:ListAlerts,do i have any reminders
ca,ovos-skill-alerts.openvoiceos:ListAlerts,tinc algun recordatori
es,ovos-skill-alerts.openvoiceos:ListAlerts,tengo algún recordatorio
pt,ovos-skill-alerts.openvoiceos:ListAlerts,tenho algum lembrete
fr,ovos-skill-alerts.openvoiceos:ListAlerts,ai-je des rappels
it,ovos-skill-alerts.openvoiceos:ListAlerts,ho dei promemoria
de,ovos-skill-alerts.openvoiceos:ListAlerts,habe ich erinnerungen
nl,ovos-skill-alerts.openvoiceos:ListAlerts,heb ik herinneringen
en,ovos-skill-alerts.openvoiceos:ListAlerts,can you list my reminders
ca,ovos-skill-alerts.openvoiceos:ListAlerts,pots enumerar els meus recordatoris
es,ovos-skill-alerts.openvoiceos:ListAlerts,puedes enumerar mis recordatorios
pt,ovos-skill-alerts.openvoiceos:ListAlerts,podes listar os meus lembretes
fr,ovos-skill-alerts.openvoiceos:ListAlerts,peux-tu lister mes rappels
it,ovos-skill-alerts.openvoiceos:ListAlerts,puoi elencare i miei promemoria
de,ovos-skill-alerts.openvoiceos:ListAlerts,kannst du meine erinnerungen auflisten
nl,ovos-skill-alerts.openvoiceos:ListAlerts,kun je mijn herinneringen opsommen
en,ovos-skill-alerts.openvoiceos:ListAlerts,show me my reminders
ca,ovos-skill-alerts.openvoiceos:ListAlerts,mostra'm els meus recordatoris
es,ovos-skill-alerts.openvoiceos:ListAlerts,muéstrame mis recordatorios
pt,ovos-skill-alerts.openvoiceos:ListAlerts,mostra-me os meus lembretes
fr,ovos-skill-alerts.openvoiceos:ListAlerts,affiche mes rappels
it,ovos-skill-alerts.openvoiceos:ListAlerts,mostrami i miei promemoria
de,ovos-skill-alerts.openvoiceos:ListAlerts,zeige mir meine erinnerungen
nl,ovos-skill-alerts.openvoiceos:ListAlerts,laat me mijn herinneringen zien
en,ovos-skill-alerts.openvoiceos:CancelAlert,stop all timers
ca,ovos-skill-alerts.openvoiceos:CancelAlert,atura tots els temporitzadors
es,ovos-skill-alerts.openvoiceos:CancelAlert,detén todos los temporizadores
pt,ovos-skill-alerts.openvoiceos:CancelAlert,pare todos os temporizadores
fr,ovos-skill-alerts.openvoiceos:CancelAlert,arrête tous les minuteurs
it,ovos-skill-alerts.openvoiceos:CancelAlert,ferma tutti i timer
de,ovos-skill-alerts.openvoiceos:CancelAlert,stoppe alle timer
nl,ovos-skill-alerts.openvoiceos:CancelAlert,stop alle timers
en,ovos-skill-alerts.openvoiceos:CreateAlarm,please set an alarm for 8 am
ca,ovos-skill-alerts.openvoiceos:CreateAlarm,si us plau programa una alarma per a les 8 del matí
es,ovos-skill-alerts.openvoiceos:CreateAlarm,por favor configura una alarma para las 8 de la mañana
pt,ovos-skill-alerts.openvoiceos:CreateAlarm,por favor define um alarme para as 8 da manhã
fr,ovos-skill-alerts.openvoiceos:CreateAlarm,veuillez régler une alarme pour 8h
it,ovos-skill-alerts.openvoiceos:CreateAlarm,per favore imposta una sveglia per le 8
de,ovos-skill-alerts.openvoiceos:CreateAlarm,bitte stelle einen wecker für 8 uhr
nl,ovos-skill-alerts.openvoiceos:CreateAlarm,stel alsjeblieft een alarm in voor 8 uur
en,ovos-skill-alerts.openvoiceos:CreateTimer,start a 30-minute bread timer
ca,ovos-skill-alerts.openvoiceos:CreateTimer,comença un temporitzador de 30 minuts per al pa
es,ovos-skill-alerts.openvoiceos:CreateTimer,inicia un temporizador de 30 minutos para el pan
pt,ovos-skill-alerts.openvoiceos:CreateTimer,inicia um temporizador de 30 minutos para o pão
fr,ovos-skill-alerts.openvoiceos:CreateTimer,démarre un minuteur de 30 minutes pour le pain
it,ovos-skill-alerts.openvoiceos:CreateTimer,avvia un timer di 30 minuti per il pane
de,ovos-skill-alerts.openvoiceos:CreateTimer,starte einen 30-minuten-timer für brot
nl,ovos-skill-alerts.openvoiceos:CreateTimer,start een 30 minuten timer voor brood
en,ovos-skill-alerts.openvoiceos:CreateEvent,add a tennis match on friday at 2 pm for 2 hours
ca,ovos-skill-alerts.openvoiceos:CreateEvent,afegeix un partit de tennis divendres a les 14h durant 2 hores
es,ovos-skill-alerts.openvoiceos:CreateEvent,añade un partido de tenis el viernes a las 14h durante 2 horas
pt,ovos-skill-alerts.openvoiceos:CreateEvent,adiciona um jogo de ténis na sexta-feira às 14h por 2 horas
fr,ovos-skill-alerts.openvoiceos:CreateEvent,ajoute un match de tennis vendredi à 14h pour 2 heures
it,ovos-skill-alerts.openvoiceos:CreateEvent,aggiungi una partita di tennis venerdì alle 14 per 2 ore
de,ovos-skill-alerts.openvoiceos:CreateEvent,füge ein tennisspiel am freitag um 14 uhr für 2 stunden hinzu
nl,ovos-skill-alerts.openvoiceos:CreateEvent,voeg een tenniswedstrijd toe op vrijdag om 14 uur voor 2 uur
ca,ovos-skill-alerts.openvoiceos:CreateReminder,recorda'm treure les escombraries cada dijous i diumenge a les 19h
es,ovos-skill-alerts.openvoiceos:CreateReminder,recuérdame sacar la basura cada jueves y domingo a las 19h
pt,ovos-skill-alerts.openvoiceos:CreateReminder,lembra-me de tirar o lixo todas as quintas e domingos às 19h
fr,ovos-skill-alerts.openvoiceos:CreateReminder,rappelez-moi de sortir les poubelles tous les jeudis et dimanches à 19h
it,ovos-skill-alerts.openvoiceos:CreateReminder,ricordamelo di portare fuori la spazzatura ogni giovedì e domenica alle 19
de,ovos-skill-alerts.openvoiceos:CreateReminder,erinnere mich daran den müll jeden donnerstag und sonntag um 19 uhr rauszubringen
nl,ovos-skill-alerts.openvoiceos:CreateReminder,herinner me eraan om elke donderdag en zondag om 19 uur het vuilnis buiten te zetten
en,ovos-skill-alerts.openvoiceos:ListAlerts,what reminders do i have
ca,ovos-skill-alerts.openvoiceos:ListAlerts,quins recordatoris tinc
es,ovos-skill-alerts.openvoiceos:ListAlerts,qué recordatorios tengo
pt,ovos-skill-alerts.openvoiceos:ListAlerts,quais lembretes eu tenho
fr,ovos-skill-alerts.openvoiceos:ListAlerts,quels rappels ai-je
it,ovos-skill-alerts.openvoiceos:ListAlerts,quali promemoria ho
de,ovos-skill-alerts.openvoiceos:ListAlerts,welche erinnerungen habe ich
nl,ovos-skill-alerts.openvoiceos:ListAlerts,welke herinneringen heb ik
en,ovos-skill-alerts.openvoiceos:ListAlerts,are there any reminders set
ca,ovos-skill-alerts.openvoiceos:ListAlerts,hi ha algun recordatori establert
es,ovos-skill-alerts.openvoiceos:ListAlerts,hay algún recordatorio establecido
pt,ovos-skill-alerts.openvoiceos:ListAlerts,há algum lembrete definido
fr,ovos-skill-alerts.openvoiceos:ListAlerts,y a-t-il des rappels définis
it,ovos-skill-alerts.openvoiceos:ListAlerts,ci sono promemoria impostati
de,ovos-skill-alerts.openvoiceos:ListAlerts,gibt es festgelegte erinnerungen
nl,ovos-skill-alerts.openvoiceos:ListAlerts,zijn er herinneringen ingesteld
en,ovos-skill-alerts.openvoiceos:ListAlerts,please list all my reminders
ca,ovos-skill-alerts.openvoiceos:ListAlerts,si us plau enumera tots els meus recordatoris
es,ovos-skill-alerts.openvoiceos:ListAlerts,por favor enumera todos mis recordatorios
pt,ovos-skill-alerts.openvoiceos:ListAlerts,por favor liste todos os meus lembretes
fr,ovos-skill-alerts.openvoiceos:ListAlerts,s'il vous plaît énumérez tous mes rappels
it,ovos-skill-alerts.openvoiceos:ListAlerts,per favore elenca tutti i miei promemoria
de,ovos-skill-alerts.openvoiceos:ListAlerts,bitte liste alle meine erinnerungen auf
nl,ovos-skill-alerts.openvoiceos:ListAlerts,gelieve al mijn herinneringen op te sommen
en,ovos-skill-alerts.openvoiceos:ListAlerts,what reminders are scheduled for today
ca,ovos-skill-alerts.openvoiceos:ListAlerts,quins recordatoris estan programats per avui
es,ovos-skill-alerts.openvoiceos:ListAlerts,qué recordatorios están programados para hoy
pt,ovos-skill-alerts.openvoiceos:ListAlerts,quais lembretes estão agendados para hoje
fr,ovos-skill-alerts.openvoiceos:ListAlerts,quels rappels sont prévus pour aujourd'hui
it,ovos-skill-alerts.openvoiceos:ListAlerts,quali promemoria sono programmati per oggi
de,ovos-skill-alerts.openvoiceos:ListAlerts,welche erinnerungen sind für heute geplant
nl,ovos-skill-alerts.openvoiceos:ListAlerts,welke herinneringen zijn voor vandaag gepland
en,ovos-skill-alerts.openvoiceos:ListAlerts,do i have any reminders set for tomorrow
ca,ovos-skill-alerts.openvoiceos:ListAlerts,tinc algun recordatori establert per demà
es,ovos-skill-alerts.openvoiceos:ListAlerts,tengo algún recordatorio establecido para mañana
pt,ovos-skill-alerts.openvoiceos:ListAlerts,tenho algum lembrete definido para amanhã
fr,ovos-skill-alerts.openvoiceos:ListAlerts,ai-je des rappels définis pour demain
it,ovos-skill-alerts.openvoiceos:ListAlerts,ho dei promemoria impostati per domani
de,ovos-skill-alerts.openvoiceos:ListAlerts,habe ich erinnerungen für morgen festgelegt
nl,ovos-skill-alerts.openvoiceos:ListAlerts,heb ik herinneringen ingesteld voor morgen
ca,ovos-skill-alerts.openvoiceos:CancelAlert,cancela tots els temporitzadors
es,ovos-skill-alerts.openvoiceos:CancelAlert,cancela todos los temporizadores
pt,ovos-skill-alerts.openvoiceos:CancelAlert,cancele todos os temporizadores
fr,ovos-skill-alerts.openvoiceos:CancelAlert,annulez tous les minuteries
it,ovos-skill-alerts.openvoiceos:CancelAlert,annulla tutti i timer
nl,ovos-skill-alerts.openvoiceos:CancelAlert,annuleer alle timers
ca,ovos-skill-alerts.openvoiceos:CancelAlert,cancela tots els recordatoris
es,ovos-skill-alerts.openvoiceos:CancelAlert,cancela todos los recordatorios
pt,ovos-skill-alerts.openvoiceos:CancelAlert,cancele todos os lembretes
fr,ovos-skill-alerts.openvoiceos:CancelAlert,annulez tous les rappels
it,ovos-skill-alerts.openvoiceos:CancelAlert,annulla tutti i promemoria
nl,ovos-skill-alerts.openvoiceos:CancelAlert,annuleer alle herinneringen
ca,ovos-skill-alerts.openvoiceos:ListAlerts,quan és la meva propera alarma
es,ovos-skill-alerts.openvoiceos:ListAlerts,cuándo es mi próxima alarma
pt,ovos-skill-alerts.openvoiceos:ListAlerts,quando é o meu próximo alarme
fr,ovos-skill-alerts.openvoiceos:ListAlerts,quand est ma prochaine alarme
it,ovos-skill-alerts.openvoiceos:ListAlerts,quando è la mia prossima sveglia
de,ovos-skill-alerts.openvoiceos:ListAlerts,wann ist mein nächster alarm
nl,ovos-skill-alerts.openvoiceos:ListAlerts,wanneer is mijn volgende alarm
ca,ovos-skill-alerts.openvoiceos:CreateAlarm,estableix una alarma per a les 8 del matí
es,ovos-skill-alerts.openvoiceos:CreateAlarm,configura una alarma para las 8 a.m.
pt,ovos-skill-alerts.openvoiceos:CreateAlarm,defina um alarme para as 8 da manhã
fr,ovos-skill-alerts.openvoiceos:CreateAlarm,réglez une alarme pour 8h du matin
it,ovos-skill-alerts.openvoiceos:CreateAlarm,imposta una sveglia per le 8 del mattino
de,ovos-skill-alerts.openvoiceos:CreateAlarm,stelle einen alarm für 8 uhr morgens ein
nl,ovos-skill-alerts.openvoiceos:CreateAlarm,stel een alarm in voor 8 uur 's ochtends
ca,ovos-skill-alerts.openvoiceos:CreateTimer,estableix un temporitzador de pa per a 30 minuts
es,ovos-skill-alerts.openvoiceos:CreateTimer,configura un temporizador de pan para 30 minutos
pt,ovos-skill-alerts.openvoiceos:CreateTimer,defina um temporizador de pão para 30 minutos
fr,ovos-skill-alerts.openvoiceos:CreateTimer,régler une minuterie de pain pour 30 minutes
it,ovos-skill-alerts.openvoiceos:CreateTimer,imposta un timer per il pane di 30 minuti
de,ovos-skill-alerts.openvoiceos:CreateTimer,stelle einen brottimer für 30 minuten ein
nl,ovos-skill-alerts.openvoiceos:CreateTimer,stel een broodtimer in voor 30 minuten
ca,ovos-skill-alerts.openvoiceos:CreateEvent,programa un esdeveniment de tennis per al divendres a les 14:00 que duri 2 hores
es,ovos-skill-alerts.openvoiceos:CreateEvent,programa un evento de tenis para el viernes a las 14:00 que dure 2 horas
pt,ovos-skill-alerts.openvoiceos:CreateEvent,agende um evento de tênis para sexta-feira às 14h com duração de 2 horas
fr,ovos-skill-alerts.openvoiceos:CreateEvent,planifiez un événement de tennis pour vendredi à 14h durant 2 heures
it,ovos-skill-alerts.openvoiceos:CreateEvent,programma un evento di tennis per venerdì alle 14:00 della durata di 2 ore
de,ovos-skill-alerts.openvoiceos:CreateEvent,plane ein tennisevent für freitag um 14 uhr mit einer dauer von 2 stunden
nl,ovos-skill-alerts.openvoiceos:CreateEvent,plan een tennisevenement op vrijdag om 14:00 uur dat 2 uur duurt
ca,ovos-skill-alerts.openvoiceos:CreateAlarm,posa una alarma diària a les 8 del matí
ca,ovos-skill-alerts.openvoiceos:CreateAlarm,configura una alarma a les 8 del matí els dissabtes
ca,ovos-skill-alerts.openvoiceos:CreateReminder,recorda'm de treure la brossa cada dijous i diumenge a les 7 del vespre
ca,ovos-skill-alerts.openvoiceos:CreateAlarm,desperta'm a les 8 amb música
ca,ovos-skill-alerts.openvoiceos:RescheduleAlert,canvia la meva alarma de les 8 a les 9
ca,ovos-skill-alerts.openvoiceos:ChangeProperties,allarga el temporitzador del pa 2 minuts més
ca,ovos-skill-alerts.openvoiceos:ListAlerts,quan sona la meva propera alarma
ca,ovos-skill-alerts.openvoiceos:CancelAlert,anula totes les alarmes
es,ovos-skill-alerts.openvoiceos:CreateAlarm,configura una alarma diaria a las 8 de la mañana
es,ovos-skill-alerts.openvoiceos:CreateAlarm,pon una alarma para las 8 de la mañana los sábados
es,ovos-skill-alerts.openvoiceos:CreateReminder,recuérdame sacar la basura cada jueves y domingo a las 7 de la tarde
es,ovos-skill-alerts.openvoiceos:CreateAlarm,despiértame a las 8 con música
es,ovos-skill-alerts.openvoiceos:RescheduleAlert,cambia mi alarma de las 8 a las 9
es,ovos-skill-alerts.openvoiceos:ChangeProperties,extiende el temporizador del pan 2 minutos más
es,ovos-skill-alerts.openvoiceos:CancelAlert,cancela todas las alarmas
pt,ovos-skill-alerts.openvoiceos:CreateAlarm,configure um alarme diário para as 8 da manhã
pt,ovos-skill-alerts.openvoiceos:CreateAlarm,coloque um alarme para as 8 da manhã aos sábados
pt,ovos-skill-alerts.openvoiceos:CreateReminder,lembre-me de tirar o lixo toda quinta e domingo às 19 horas
pt,ovos-skill-alerts.openvoiceos:CreateAlarm,acorde-me às 8 com música
pt,ovos-skill-alerts.openvoiceos:RescheduleAlert,reagende meu alarme das 8 para as 9
pt,ovos-skill-alerts.openvoiceos:ChangeProperties,estenda o temporizador do pão por 2 minutos
pt,ovos-skill-alerts.openvoiceos:CancelAlert,cancele todos os alarmes
fr,ovos-skill-alerts.openvoiceos:CreateAlarm,programme une alarme quotidienne à 8 heures
fr,ovos-skill-alerts.openvoiceos:CreateAlarm,met une alarme à 8 heures le samedi
fr,ovos-skill-alerts.openvoiceos:CreateReminder,rappelle-moi de sortir les poubelles tous les jeudis et dimanches à 19 heures
fr,ovos-skill-alerts.openvoiceos:CreateAlarm,réveille-moi à 8 heures avec de la musique
fr,ovos-skill-alerts.openvoiceos:RescheduleAlert,reporte mon alarme de 8 heures à 9 heures
fr,ovos-skill-alerts.openvoiceos:ChangeProperties,prolonge le minuteur du pain de 2 minutes
fr,ovos-skill-alerts.openvoiceos:ListAlerts,c’est quand ma prochaine alarme
fr,ovos-skill-alerts.openvoiceos:CancelAlert,annule toutes les alarmes
it,ovos-skill-alerts.openvoiceos:CreateAlarm,imposta una sveglia giornaliera alle 8 del mattino
it,ovos-skill-alerts.openvoiceos:CreateAlarm,metti una sveglia alle 8 di sabato
it,ovos-skill-alerts.openvoiceos:CreateReminder,ricordami di buttare la spazzatura ogni giovedì e domenica alle 19
it,ovos-skill-alerts.openvoiceos:CreateAlarm,svegliami alle 8 con la musica
it,ovos-skill-alerts.openvoiceos:RescheduleAlert,sposta la mia sveglia dalle 8 alle 9
it,ovos-skill-alerts.openvoiceos:ChangeProperties,allunga il timer del pane di 2 minuti
it,ovos-skill-alerts.openvoiceos:CancelAlert,annulla tutte le sveglie
de,ovos-skill-alerts.openvoiceos:CreateAlarm,stell einen täglichen wecker für 8 uhr morgens ein
de,ovos-skill-alerts.openvoiceos:CreateAlarm,stell einen wecker für 8 uhr samstags ein
de,ovos-skill-alerts.openvoiceos:CreateReminder,erinnere mich daran jeden donnerstag und sonntag um 19 uhr den müll rauszubringen
de,ovos-skill-alerts.openvoiceos:CreateAlarm,wecke mich um 8 uhr mit musik
de,ovos-skill-alerts.openvoiceos:ListAlerts,wann ist mein nächster wecker
de,ovos-skill-alerts.openvoiceos:CancelAlert,storniere alle wecker
nl,ovos-skill-alerts.openvoiceos:CreateAlarm,zet een dagelijkse wekker om 8 uur 's ochtends
nl,ovos-skill-alerts.openvoiceos:CreateAlarm,zet een wekker om 8 uur op zaterdagen
nl,ovos-skill-alerts.openvoiceos:CreateReminder,herinner me eraan om elke donderdag en zondag om 19 uur het afval buiten te zetten
nl,ovos-skill-alerts.openvoiceos:CreateAlarm,wek me om 8 uur met muziek
nl,ovos-skill-alerts.openvoiceos:RescheduleAlert,verplaats mijn wekker van 8 uur naar 9 uur
nl,ovos-skill-alerts.openvoiceos:ChangeProperties,verleng de broodtimer met 2 minuten
nl,ovos-skill-alerts.openvoiceos:ListAlerts,wanneer is mijn volgende wekker
nl,ovos-skill-alerts.openvoiceos:CancelAlert,annuleer alle wekkers
ca,ovos-skill-alerts.openvoiceos:CreateList,crea una llista de compres
ca,ovos-skill-alerts.openvoiceos:CreateList,fes una llista de la compra
ca,ovos-skill-alerts.openvoiceos:AddListSubitems,afegeix elements a la llista de compres
ca,ovos-skill-alerts.openvoiceos:AddListSubitems,incorpora articles a la llista de compra
ca,ovos-skill-alerts.openvoiceos:DeleteListEntries,esborra l'entrada de llet de la llista de compra
ca,ovos-skill-alerts.openvoiceos:DeleteListEntries,treu articles de la llista de compres
ca,ovos-skill-alerts.openvoiceos:DeleteListEntries,elimina tots els elements de la llista de compres
ca,ovos-skill-alerts.openvoiceos:DeleteList,elimina la llista de compres
ca,ovos-skill-alerts.openvoiceos:DeleteTodoEntries,esborra la nota de treure el gos
ca,ovos-skill-alerts.openvoiceos:DeleteTodoEntries,elimina l'entrada de tasques pendents
ca,ovos-skill-alerts.openvoiceos:DeleteTodoEntries,esborra totes les notes
ca,ovos-skill-alerts.openvoiceos:QueryListNames,quines llistes hi ha emmagatzemades
ca,ovos-skill-alerts.openvoiceos:QueryListEntries,quins articles hi ha a la llista de compres
ca,ovos-skill-alerts.openvoiceos:QueryTodoEntries,tinc alguna cosa pendent
ca,ovos-skill-alerts.openvoiceos:CalendarList,quins calendaris hi ha disponibles
ca,ovos-skill-alerts.openvoiceos:DAVSync,sincronitza els calendaris
es,ovos-skill-alerts.openvoiceos:CreateList,crea una lista de la compra
es,ovos-skill-alerts.openvoiceos:CreateList,haz una lista de compras
es,ovos-skill-alerts.openvoiceos:AddListSubitems,añade artículos a la lista de la compra
es,ovos-skill-alerts.openvoiceos:AddListSubitems,inserta elementos en la lista de compras
es,ovos-skill-alerts.openvoiceos:DeleteListEntries,borra la entrada de leche de la lista de la compra
es,ovos-skill-alerts.openvoiceos:DeleteListEntries,elimina artículos de la lista de compras
es,ovos-skill-alerts.openvoiceos:DeleteListEntries,borra todos los elementos de la lista de la compra
es,ovos-skill-alerts.openvoiceos:DeleteList,elimina la lista de la compra
es,ovos-skill-alerts.openvoiceos:DeleteTodoEntries,borra la nota de pasear al perro
es,ovos-skill-alerts.openvoiceos:DeleteTodoEntries,elimina la tarea pendiente
es,ovos-skill-alerts.openvoiceos:DeleteTodoEntries,borra todas las notas
es,ovos-skill-alerts.openvoiceos:QueryListNames,qué listas están guardadas
es,ovos-skill-alerts.openvoiceos:QueryListEntries,qué artículos hay en la lista de la compra
es,ovos-skill-alerts.openvoiceos:QueryTodoEntries,tengo algo pendiente
es,ovos-skill-alerts.openvoiceos:CalendarList,qué calendarios hay disponibles
es,ovos-skill-alerts.openvoiceos:DAVSync,sincroniza los calendarios
pt,ovos-skill-alerts.openvoiceos:CreateList,cria uma lista de compras
pt,ovos-skill-alerts.openvoiceos:CreateList,faz uma lista de compras
pt,ovos-skill-alerts.openvoiceos:AddListSubitems,adiciona itens à lista de compras
pt,ovos-skill-alerts.openvoiceos:AddListSubitems,coloca itens na lista de compras
pt,ovos-skill-alerts.openvoiceos:DeleteListEntries,apaga a entrada de leite da lista de compras
pt,ovos-skill-alerts.openvoiceos:DeleteListEntries,remove itens da lista de compras
pt,ovos-skill-alerts.openvoiceos:DeleteListEntries,remove todos os itens da lista de compras
pt,ovos-skill-alerts.openvoiceos:DeleteList,remove a lista de compras
pt,ovos-skill-alerts.openvoiceos:DeleteTodoEntries,remove a nota de passear com o cão
pt,ovos-skill-alerts.openvoiceos:DeleteTodoEntries,remove a tarefa pendente
pt,ovos-skill-alerts.openvoiceos:DeleteTodoEntries,remove todos os recados
pt,ovos-skill-alerts.openvoiceos:QueryListNames,quais listas estão salvas
pt,ovos-skill-alerts.openvoiceos:QueryListEntries,quais itens estão na lista de compras
pt,ovos-skill-alerts.openvoiceos:QueryTodoEntries,tem algo para fazer
pt,ovos-skill-alerts.openvoiceos:CalendarList,quais calendários estão disponíveis
pt,ovos-skill-alerts.openvoiceos:DAVSync,sincroniza calendários
fr,ovos-skill-alerts.openvoiceos:CreateList,crée une liste de courses
fr,ovos-skill-alerts.openvoiceos:CreateList,fais une liste d'achats
fr,ovos-skill-alerts.openvoiceos:AddListSubitems,ajoute des articles à la liste de courses
fr,ovos-skill-alerts.openvoiceos:AddListSubitems,inclus des éléments dans la liste d'achats
fr,ovos-skill-alerts.openvoiceos:DeleteListEntries,supprime l'entrée du lait de la liste de courses
fr,ovos-skill-alerts.openvoiceos:DeleteListEntries,enlève des articles de la liste de courses
fr,ovos-skill-alerts.openvoiceos:DeleteListEntries,efface tous les éléments de la liste de courses
fr,ovos-skill-alerts.openvoiceos:DeleteList,supprime la liste de courses
fr,ovos-skill-alerts.openvoiceos:DeleteTodoEntries,supprime la note pour promener le chien
fr,ovos-skill-alerts.openvoiceos:DeleteTodoEntries,supprime la tâche à faire
fr,ovos-skill-alerts.openvoiceos:DeleteTodoEntries,efface toutes les notes
fr,ovos-skill-alerts.openvoiceos:QueryListNames,quelles listes sont enregistrées
fr,ovos-skill-alerts.openvoiceos:QueryListEntries,quels articles sont dans la liste de courses
fr,ovos-skill-alerts.openvoiceos:QueryTodoEntries,ai-je quelque chose à faire
fr,ovos-skill-alerts.openvoiceos:CalendarList,quels calendriers sont disponibles
fr,ovos-skill-alerts.openvoiceos:DAVSync,synchronise les calendriers
it,ovos-skill-alerts.openvoiceos:CreateList,crea una lista della spesa
it,ovos-skill-alerts.openvoiceos:CreateList,fai una lista della spesa
it,ovos-skill-alerts.openvoiceos:AddListSubitems,aggiungi articoli alla lista della spesa
it,ovos-skill-alerts.openvoiceos:AddListSubitems,inserisci elementi nella lista della spesa
it,ovos-skill-alerts.openvoiceos:DeleteListEntries,cancella la voce latte dalla lista della spesa
it,ovos-skill-alerts.openvoiceos:DeleteListEntries,rimuovi articoli dalla lista della spesa
it,ovos-skill-alerts.openvoiceos:DeleteListEntries,elimina tutti gli elementi dalla lista della spesa
it,ovos-skill-alerts.openvoiceos:DeleteList,rimuovi la lista della spesa
it,ovos-skill-alerts.openvoiceos:DeleteTodoEntries,cancella la nota porta fuori il cane
it,ovos-skill-alerts.openvoiceos:DeleteTodoEntries,rimuovi la voce delle cose da fare
it,ovos-skill-alerts.openvoiceos:DeleteTodoEntries,elimina tutti i promemoria
it,ovos-skill-alerts.openvoiceos:QueryListNames,quali liste sono salvate
it,ovos-skill-alerts.openvoiceos:QueryListEntries,quali articoli ci sono nella lista della spesa
it,ovos-skill-alerts.openvoiceos:QueryTodoEntries,c'è qualcosa da fare
it,ovos-skill-alerts.openvoiceos:CalendarList,quali calendari sono disponibili
it,ovos-skill-alerts.openvoiceos:DAVSync,sincronizza i calendari
de,ovos-skill-alerts.openvoiceos:CreateList,erstelle eine einkaufsliste
de,ovos-skill-alerts.openvoiceos:CreateList,mach eine einkaufsliste
de,ovos-skill-alerts.openvoiceos:AddListSubitems,füge artikel zur einkaufsliste hinzu
de,ovos-skill-alerts.openvoiceos:AddListSubitems,füge elemente zur einkaufsliste hinzu
de,ovos-skill-alerts.openvoiceos:DeleteListEntries,streiche den milcheintrag aus der einkaufsliste
de,ovos-skill-alerts.openvoiceos:DeleteListEntries,entferne artikel aus der einkaufsliste
en,ovos-skill-alerts.openvoiceos:CreateList,start a new shopping list
en,ovos-skill-alerts.openvoiceos:CreateList,make a grocery list
en,ovos-skill-alerts.openvoiceos:AddListSubitems,put more items on the shopping list
en,ovos-skill-alerts.openvoiceos:AddListSubitems,include additional things in the shopping list
en,ovos-skill-alerts.openvoiceos:DeleteListEntries,delete milk from the shopping list
en,ovos-skill-alerts.openvoiceos:DeleteListEntries,clear items from the shopping list
en,ovos-skill-alerts.openvoiceos:DeleteListEntries,clear all items on the shopping list
en,ovos-skill-alerts.openvoiceos:DeleteList,discard the shopping list
en,ovos-skill-alerts.openvoiceos:DeleteTodoEntries,remove the walk dog reminder
en,ovos-skill-alerts.openvoiceos:DeleteTodoEntries,remove the todo task
en,ovos-skill-alerts.openvoiceos:DeleteTodoEntries,delete all reminders
en,ovos-skill-alerts.openvoiceos:QueryListNames,what lists do i have saved
en,ovos-skill-alerts.openvoiceos:QueryListEntries,what's on my shopping list
en,ovos-skill-alerts.openvoiceos:QueryTodoEntries,do i have any tasks left
en,ovos-skill-alerts.openvoiceos:CalendarList,show me the available calendars
en,ovos-skill-alerts.openvoiceos:DAVSync,sync my calendars
ca,ovos-skill-alerts.openvoiceos:CreateList,inicia una nova llista de compres
ca,ovos-skill-alerts.openvoiceos:CreateList,fes una nova llista de la compra
ca,ovos-skill-alerts.openvoiceos:AddListSubitems,afegeix més articles a la llista de compres
ca,ovos-skill-alerts.openvoiceos:AddListSubitems,inclou coses addicionals a la llista de compres
ca,ovos-skill-alerts.openvoiceos:DeleteListEntries,esborra la llet de la llista de compres
ca,ovos-skill-alerts.openvoiceos:DeleteListEntries,neteja articles de la llista de compres
ca,ovos-skill-alerts.openvoiceos:DeleteListEntries,neteja tots els elements de la llista de compres
ca,ovos-skill-alerts.openvoiceos:DeleteList,descarta la llista de compres
ca,ovos-skill-alerts.openvoiceos:DeleteTodoEntries,treu el recordatori de treure el gos
ca,ovos-skill-alerts.openvoiceos:DeleteTodoEntries,elimina la tasca pendent
ca,ovos-skill-alerts.openvoiceos:DeleteTodoEntries,esborra tots els recordatoris
ca,ovos-skill-alerts.openvoiceos:QueryListNames,quines llistes tinc guardades
ca,ovos-skill-alerts.openvoiceos:QueryListEntries,què hi ha a la meva llista de compres
ca,ovos-skill-alerts.openvoiceos:CalendarList,m mostra els calendaris disponibles
ca,ovos-skill-alerts.openvoiceos:DAVSync,sincronitza els meus calendaris
es,ovos-skill-alerts.openvoiceos:CreateList,inicia una nueva lista de compras
es,ovos-skill-alerts.openvoiceos:CreateList,haz una nueva lista de la compra
es,ovos-skill-alerts.openvoiceos:AddListSubitems,añade más artículos a la lista de la compra
es,ovos-skill-alerts.openvoiceos:AddListSubitems,inserta cosas adicionales en la lista de compras
es,ovos-skill-alerts.openvoiceos:DeleteListEntries,borra la leche de la lista de la compra
es,ovos-skill-alerts.openvoiceos:DeleteListEntries,limpia artículos de la lista de compras
es,ovos-skill-alerts.openvoiceos:DeleteListEntries,limpia todos los elementos de la lista de la compra
es,ovos-skill-alerts.openvoiceos:DeleteList,descarta la lista de la compra
es,ovos-skill-alerts.openvoiceos:DeleteTodoEntries,quita el recordatorio de pasear al perro
es,ovos-skill-alerts.openvoiceos:DeleteTodoEntries,borrar todos los recordatorios
es,ovos-skill-alerts.openvoiceos:QueryListNames,qué listas tengo guardadas
es,ovos-skill-alerts.openvoiceos:QueryListEntries,qué hay en mi lista de la compra
es,ovos-skill-alerts.openvoiceos:CalendarList,muestra los calendarios disponibles
es,ovos-skill-alerts.openvoiceos:DAVSync,sincroniza mis calendarios
pt,ovos-skill-alerts.openvoiceos:CreateList,inicia uma nova lista de compras
pt,ovos-skill-alerts.openvoiceos:CreateList,faz uma nova lista de compras
pt,ovos-skill-alerts.openvoiceos:AddListSubitems,acrescenta mais itens à lista de compras
pt,ovos-skill-alerts.openvoiceos:AddListSubitems,inclui itens adicionais na lista de compras
pt,ovos-skill-alerts.openvoiceos:DeleteListEntries,apaga o leite da lista de compras
pt,ovos-skill-alerts.openvoiceos:DeleteListEntries,limpa itens da lista de compras
pt,ovos-skill-alerts.openvoiceos:DeleteListEntries,limpa todos os itens da lista de compras
pt,ovos-skill-alerts.openvoiceos:DeleteList,descarta a lista de compras
pt,ovos-skill-alerts.openvoiceos:DeleteTodoEntries,tira o lembrete de passear com o cão
pt,ovos-skill-alerts.openvoiceos:DeleteTodoEntries,apaga todos os lembretes
pt,ovos-skill-alerts.openvoiceos:QueryListNames,quais listas tenho guardadas
pt,ovos-skill-alerts.openvoiceos:QueryListEntries,o que tem na minha lista de compras
pt,ovos-skill-alerts.openvoiceos:QueryTodoEntries,tenho algo pendente
pt,ovos-skill-alerts.openvoiceos:CalendarList,mostra os calendários disponíveis
pt,ovos-skill-alerts.openvoiceos:DAVSync,sincroniza meus calendários
fr,ovos-skill-alerts.openvoiceos:CreateList,démarre une nouvelle liste de courses
fr,ovos-skill-alerts.openvoiceos:CreateList,crée une nouvelle liste d'achats
fr,ovos-skill-alerts.openvoiceos:AddListSubitems,ajoute plus d'articles à la liste de courses
fr,ovos-skill-alerts.openvoiceos:AddListSubitems,inclus des éléments supplémentaires dans la liste d'achats
fr,ovos-skill-alerts.openvoiceos:DeleteListEntries,supprime le lait de la liste de courses
fr,ovos-skill-alerts.openvoiceos:DeleteListEntries,efface des articles de la liste de courses
fr,ovos-skill-alerts.openvoiceos:DeleteList,met fin à la liste de courses
fr,ovos-skill-alerts.openvoiceos:DeleteTodoEntries,supprime le rappel pour promener le chien
fr,ovos-skill-alerts.openvoiceos:DeleteTodoEntries,efface tous les rappels
fr,ovos-skill-alerts.openvoiceos:QueryListNames,quelles listes ai-je sauvegardées
fr,ovos-skill-alerts.openvoiceos:QueryListEntries,que contient ma liste de courses
fr,ovos-skill-alerts.openvoiceos:QueryTodoEntries,ai-je des tâches en attente
fr,ovos-skill-alerts.openvoiceos:CalendarList,affiche les calendriers disponibles
fr,ovos-skill-alerts.openvoiceos:DAVSync,synchronise mes calendriers
it,ovos-skill-alerts.openvoiceos:CreateList,inizia una nuova lista della spesa
it,ovos-skill-alerts.openvoiceos:CreateList,fai una nuova lista della spesa
it,ovos-skill-alerts.openvoiceos:AddListSubitems,aggiungi altri articoli alla lista della spesa
it,ovos-skill-alerts.openvoiceos:AddListSubitems,inserisci elementi aggiuntivi nella lista della spesa
it,ovos-skill-alerts.openvoiceos:DeleteListEntries,cancella il latte dalla lista della spesa
it,ovos-skill-alerts.openvoiceos:DeleteListEntries,elimina tutti gli elementi della lista della spesa
it,ovos-skill-alerts.openvoiceos:DeleteList,abbandona la lista della spesa
it,ovos-skill-alerts.openvoiceos:DeleteTodoEntries,cancella il promemoria porta fuori il cane
it,ovos-skill-alerts.openvoiceos:QueryListNames,quali liste ho salvato
it,ovos-skill-alerts.openvoiceos:QueryListEntries,quali articoli sono nella mia lista della spesa
it,ovos-skill-alerts.openvoiceos:QueryTodoEntries,ho qualcosa da fare
it,ovos-skill-alerts.openvoiceos:CalendarList,mostra i calendari disponibili
it,ovos-skill-alerts.openvoiceos:DAVSync,sincronizza i miei calendari
de,ovos-skill-alerts.openvoiceos:CreateList,starte eine neue einkaufsliste
de,ovos-skill-alerts.openvoiceos:CreateList,lege eine einkaufsliste an
de,ovos-skill-alerts.openvoiceos:AddListSubitems,füge weitere artikel zur einkaufsliste hinzu
de,ovos-skill-alerts.openvoiceos:AddListSubitems,ergänze die einkaufsliste um mehr artikel
de,ovos-skill-alerts.openvoiceos:DeleteListEntries,lösche milch von der einkaufsliste
de,ovos-skill-alerts.openvoiceos:DeleteListEntries,entferne alle artikel aus der einkaufsliste
de,ovos-skill-alerts.openvoiceos:DeleteTodoEntries,entferne die erinnerung den hund auszuführen
de,ovos-skill-alerts.openvoiceos:DeleteTodoEntries,lösche die to-do-einträge
en,ovos-skill-alerts.openvoiceos:AddListSubitems,put more things on the shopping list
en,ovos-skill-alerts.openvoiceos:AddListSubitems,append groceries to my shopping list
en,ovos-skill-alerts.openvoiceos:AddListSubitems,include new items in the shopping list
en,ovos-skill-alerts.openvoiceos:AddListSubitems,can you add these items to my shopping list
ca,ovos-skill-alerts.openvoiceos:AddListSubitems,afegeix articles a la llista de la compra
ca,ovos-skill-alerts.openvoiceos:AddListSubitems,posa més coses a la llista de la compra
ca,ovos-skill-alerts.openvoiceos:AddListSubitems,afegeix productes a la meva llista de la compra
ca,ovos-skill-alerts.openvoiceos:AddListSubitems,inclou nous articles a la llista de la compra
ca,ovos-skill-alerts.openvoiceos:AddListSubitems,pots afegir aquests articles a la meva llista de la compra
es,ovos-skill-alerts.openvoiceos:AddListSubitems,pon más cosas en la lista de la compra
es,ovos-skill-alerts.openvoiceos:AddListSubitems,incorpora productos a mi lista de la compra
es,ovos-skill-alerts.openvoiceos:AddListSubitems,incluye nuevos artículos en la lista de la compra
es,ovos-skill-alerts.openvoiceos:AddListSubitems,puedes añadir estos artículos a mi lista de la compra
pt,ovos-skill-alerts.openvoiceos:AddListSubitems,coloca mais coisas na lista de compras
pt,ovos-skill-alerts.openvoiceos:AddListSubitems,acrescenta produtos à minha lista de compras
pt,ovos-skill-alerts.openvoiceos:AddListSubitems,inclua novos itens na lista de compras
pt,ovos-skill-alerts.openvoiceos:AddListSubitems,podes adicionar estes itens à minha lista de compras
fr,ovos-skill-alerts.openvoiceos:AddListSubitems,met plus de choses sur la liste de courses
fr,ovos-skill-alerts.openvoiceos:AddListSubitems,ajoute des produits à ma liste de courses
fr,ovos-skill-alerts.openvoiceos:AddListSubitems,inclus de nouveaux articles dans la liste de courses
fr,ovos-skill-alerts.openvoiceos:AddListSubitems,peux-tu ajouter ces articles à ma liste de courses
it,ovos-skill-alerts.openvoiceos:AddListSubitems,metti più cose sulla lista della spesa
it,ovos-skill-alerts.openvoiceos:AddListSubitems,includi prodotti nella mia lista della spesa
it,ovos-skill-alerts.openvoiceos:AddListSubitems,puoi aggiungere questi articoli alla mia lista della spesa
de,ovos-skill-alerts.openvoiceos:AddListSubitems,setze mehr dinge auf die einkaufsliste
de,ovos-skill-alerts.openvoiceos:AddListSubitems,ergänze meine einkaufsliste um produkte
de,ovos-skill-alerts.openvoiceos:AddListSubitems,kannst du diese artikel zu meiner einkaufsliste hinzufügen
nl,ovos-skill-alerts.openvoiceos:AddListSubitems,voeg items toe aan de boodschappenlijst
nl,ovos-skill-alerts.openvoiceos:AddListSubitems,zet meer dingen op de boodschappenlijst
nl,ovos-skill-alerts.openvoiceos:AddListSubitems,voeg producten toe aan mijn boodschappenlijst
nl,ovos-skill-alerts.openvoiceos:AddListSubitems,kunt u deze items aan mijn boodschappenlijst toevoegen
en,ovos-skill-alerts.openvoiceos:CreateAlarm,set an alarm for 7 am
en,ovos-skill-alerts.openvoiceos:CreateAlarm,create an alarm at seven in the morning
en,ovos-skill-alerts.openvoiceos:CreateAlarm,alarm me at 7 am
en,ovos-skill-alerts.openvoiceos:CreateAlarm,wake me up at seven o'clock
ca,ovos-skill-alerts.openvoiceos:CreateAlarm,posa una alarma per les 7 del matí
ca,ovos-skill-alerts.openvoiceos:CreateAlarm,crea una alarma a les set del matí
ca,ovos-skill-alerts.openvoiceos:CreateAlarm,desperta'm a les 7
es,ovos-skill-alerts.openvoiceos:CreateAlarm,pon una alarma para las 7 de la mañana
es,ovos-skill-alerts.openvoiceos:CreateAlarm,crea una alarma a las siete de la mañana
es,ovos-skill-alerts.openvoiceos:CreateAlarm,despiértame a las 7
pt,ovos-skill-alerts.openvoiceos:CreateAlarm,define um alarme para as 7 da manhã
pt,ovos-skill-alerts.openvoiceos:CreateAlarm,cria um alarme às sete da manhã
pt,ovos-skill-alerts.openvoiceos:CreateAlarm,acorda-me às 7 horas
fr,ovos-skill-alerts.openvoiceos:CreateAlarm,règle une alarme à 7 heures du matin
fr,ovos-skill-alerts.openvoiceos:CreateAlarm,crée une alarme à sept heures
fr,ovos-skill-alerts.openvoiceos:CreateAlarm,réveille-moi à 7 heures
it,ovos-skill-alerts.openvoiceos:CreateAlarm,imposta una sveglia per le 7 del mattino
it,ovos-skill-alerts.openvoiceos:CreateAlarm,crea una sveglia alle sette di mattina
it,ovos-skill-alerts.openvoiceos:CreateAlarm,svegliami alle sette
de,ovos-skill-alerts.openvoiceos:CreateAlarm,stell einen wecker auf 7 uhr morgens
de,ovos-skill-alerts.openvoiceos:CreateAlarm,erstelle einen wecker für sieben uhr
de,ovos-skill-alerts.openvoiceos:CreateAlarm,weck mich um sieben uhr
nl,ovos-skill-alerts.openvoiceos:CreateAlarm,zet een wekker voor 7 uur 's ochtends
nl,ovos-skill-alerts.openvoiceos:CreateAlarm,maak een alarm om zeven uur
nl,ovos-skill-alerts.openvoiceos:CreateAlarm,wek me om zeven uur
en,ovos-skill-alerts.openvoiceos:CreateReminder,set a reminder to call mom
en,ovos-skill-alerts.openvoiceos:CreateReminder,remind me to call mom
en,ovos-skill-alerts.openvoiceos:CreateReminder,create a reminder for calling mom
en,ovos-skill-alerts.openvoiceos:CreateReminder,don't let me forget to call mom
ca,ovos-skill-alerts.openvoiceos:CreateReminder,posa un recordatori per trucar a la mare
ca,ovos-skill-alerts.openvoiceos:CreateReminder,recorda'm que truqui a la mare
ca,ovos-skill-alerts.openvoiceos:CreateReminder,crea un recordatori per trucar a la mare
es,ovos-skill-alerts.openvoiceos:CreateReminder,pon un recordatorio para llamar a mamá
es,ovos-skill-alerts.openvoiceos:CreateReminder,recuerda que tengo que llamar a mamá
es,ovos-skill-alerts.openvoiceos:CreateReminder,crea un recordatorio para llamar a mamá
pt,ovos-skill-alerts.openvoiceos:CreateReminder,define um lembrete para ligar para a mãe
pt,ovos-skill-alerts.openvoiceos:CreateReminder,lembra-me de ligar para a mãe
pt,ovos-skill-alerts.openvoiceos:CreateReminder,cria um lembrete para ligar para a mãe
fr,ovos-skill-alerts.openvoiceos:CreateReminder,mets un rappel pour appeler maman
fr,ovos-skill-alerts.openvoiceos:CreateReminder,rappelle-moi d'appeler maman
fr,ovos-skill-alerts.openvoiceos:CreateReminder,crée un rappel pour appeler maman
it,ovos-skill-alerts.openvoiceos:CreateReminder,imposta un promemoria per chiamare la mamma
it,ovos-skill-alerts.openvoiceos:CreateReminder,ricordami di chiamare la mamma
it,ovos-skill-alerts.openvoiceos:CreateReminder,crea un promemoria per chiamare la mamma
de,ovos-skill-alerts.openvoiceos:CreateReminder,stelle eine erinnerung ein um mama anzurufen
de,ovos-skill-alerts.openvoiceos:CreateReminder,erinnere mich daran mama anzurufen
de,ovos-skill-alerts.openvoiceos:CreateReminder,erstelle eine erinnerung für den anruf bei mama
nl,ovos-skill-alerts.openvoiceos:CreateReminder,zet een herinnering om mama te bellen
nl,ovos-skill-alerts.openvoiceos:CreateReminder,herinner me eraan mama te bellen
nl,ovos-skill-alerts.openvoiceos:CreateReminder,maak een herinnering om mama te bellen
en,ovos-skill-alerts.openvoiceos:CreateTimer,set a timer for 10 minutes
en,ovos-skill-alerts.openvoiceos:CreateTimer,start a countdown for 45 minutes
en,ovos-skill-alerts.openvoiceos:CreateTimer,remind me in 20 minutes
en,ovos-skill-alerts.openvoiceos:CreateTimer,set a timer called pasta for 15 minutes
en,ovos-skill-alerts.openvoiceos:CreateEvent,add meeting with alice at 3 pm tomorrow
en,ovos-skill-alerts.openvoiceos:CreateEvent,remind me to call mom on wednesday
en,ovos-skill-alerts.openvoiceos:CreateEvent,create a birthday event on july 4th
en,ovos-skill-alerts.openvoiceos:CreateEvent,put lunch with bob on my calendar for noon
en,ovos-skill-alerts.openvoiceos:TimerStatus,what's left on the kitchen timer
en,ovos-skill-alerts.openvoiceos:TimerStatus,how long until my timer goes off
en,ovos-skill-alerts.openvoiceos:TimerStatus,check the timer
en,ovos-skill-alerts.openvoiceos:TimerStatus,remaining time on my countdown
en,ovos-skill-alerts.openvoiceos:CreateList,start a new grocery list
en,ovos-skill-alerts.openvoiceos:CreateList,make a task list
en,ovos-skill-alerts.openvoiceos:CreateList,new list called books
en,ovos-skill-alerts.openvoiceos:CreateList,open a fresh list for gifts
en,ovos-skill-alerts.openvoiceos:AddListSubitems,put apples and milk on my list
en,ovos-skill-alerts.openvoiceos:AddListSubitems,include bananas to groceries
en,ovos-skill-alerts.openvoiceos:AddListSubitems,add eggs and flour
en,ovos-skill-alerts.openvoiceos:AddListSubitems,update list with sugar
en,ovos-skill-alerts.openvoiceos:DeleteList,delete the grocery list
en,ovos-skill-alerts.openvoiceos:DeleteList,clear my tasks list
en,ovos-skill-alerts.openvoiceos:DeleteList,erase all lists
en,ovos-skill-alerts.openvoiceos:DeleteList,drop the birthday list
en,ovos-skill-alerts.openvoiceos:QueryListNames,which lists are stored
en,ovos-skill-alerts.openvoiceos:QueryListNames,what lists do i have
en,ovos-skill-alerts.openvoiceos:QueryListNames,show all my lists
en,ovos-skill-alerts.openvoiceos:QueryListNames,list my saved lists
en,ovos-skill-alerts.openvoiceos:QueryListNames,what's in my to-do lists
en,ovos-skill-alerts.openvoiceos:QueryListEntries,which items are on the shopping list
en,ovos-skill-alerts.openvoiceos:QueryListEntries,what's on my grocery list
en,ovos-skill-alerts.openvoiceos:QueryListEntries,read the items on the task list
en,ovos-skill-alerts.openvoiceos:QueryListEntries,show what's in my birthday list
en,ovos-skill-alerts.openvoiceos:QueryListEntries,what have i added to groceries
en,ovos-skill-alerts.openvoiceos:QueryTodoEntries,anything todo
en,ovos-skill-alerts.openvoiceos:QueryTodoEntries,do i have tasks today
en,ovos-skill-alerts.openvoiceos:QueryTodoEntries,check my to-dos
en,ovos-skill-alerts.openvoiceos:QueryTodoEntries,what's left to do
en,ovos-skill-alerts.openvoiceos:QueryTodoEntries,any pending tasks
en,ovos-skill-alerts.openvoiceos:CalendarList,which calendars are available
en,ovos-skill-alerts.openvoiceos:CalendarList,list all my calendars
en,ovos-skill-alerts.openvoiceos:CalendarList,show calendars connected
en,ovos-skill-alerts.openvoiceos:CalendarList,what calendars do i have
en,ovos-skill-alerts.openvoiceos:CalendarList,give me a list of calendars
en,ovos-skill-alerts.openvoiceos:DAVSync,sync all events
en,ovos-skill-alerts.openvoiceos:DAVSync,update my calendar
en,ovos-skill-alerts.openvoiceos:DAVSync,refresh the calendar
en,ovos-skill-alerts.openvoiceos:DAVSync,pull latest events
en,ovos-skill-confucius-quotes.openvoiceos:ConfuciusQuote,tell me a confucius quote
en,ovos-skill-confucius-quotes.openvoiceos:ConfuciusQuote,say something wise from confucius
en,ovos-skill-confucius-quotes.openvoiceos:ConfuciusQuote,give me confucian wisdom
en,ovos-skill-confucius-quotes.openvoiceos:ConfuciusQuote,inspire me with confucius
en,ovos-skill-confucius-quotes.openvoiceos:ConfuciusBirth,tell me confucius' birth date
en,ovos-skill-confucius-quotes.openvoiceos:ConfuciusBirth,what year was confucius born
en,ovos-skill-confucius-quotes.openvoiceos:ConfuciusBirth,confucius date of birth
en,ovos-skill-confucius-quotes.openvoiceos:ConfuciusBirth,when did confucius live
en,ovos-skill-confucius-quotes.openvoiceos:ConfuciusDeath,tell me confucius' death date
en,ovos-skill-confucius-quotes.openvoiceos:ConfuciusDeath,what year did confucius pass away
en,ovos-skill-confucius-quotes.openvoiceos:ConfuciusDeath,when was confucius' death
en,ovos-skill-confucius-quotes.openvoiceos:ConfuciusDeath,how long ago did confucius die
en,ovos-skill-boot-finished.openvoiceos:enable_ready_notification.intent,turn on ready notifications
en,ovos-skill-boot-finished.openvoiceos:enable_ready_notification.intent,notify me when the system is ready
en,ovos-skill-hello-world.openvoiceos:ThankYouIntent,thanks
en,ovos-skill-hello-world.openvoiceos:ThankYouIntent,thanks a lot
en,ovos-skill-wallpapers.openvoiceos:picture.random.intent,show a random picture
en,ovos-skill-wallpapers.openvoiceos:picture.random.intent,give me a random photo
en,ovos-skill-moviemaster.openvoiceos:movie.popular.intent,what are the trending movies now
en,ovos-skill-moviemaster.openvoiceos:movie.popular.intent,which movies are people watching these days
en,ovos-skill-wallpapers.openvoiceos:wallpaper.about.intent,set a wallpaper with mountains
en,ovos-skill-wallpapers.openvoiceos:wallpaper.about.intent,change background to something natural
en,ovos-skill-color-picker.krisgesling.openvoiceos:request-color-by-name.intent,display the color blue
en,ovos-skill-color-picker.krisgesling.openvoiceos:request-color-by-name.intent,what does red look like
en,ovos-skill-date-time.openvoiceos:current_date.intent,tell me today’s date
en,ovos-skill-date-time.openvoiceos:current_date.intent,what is today’s date
en,ovos-skill-boot-finished.openvoiceos:disable_ready_notification.intent,turn off ready notification
en,ovos-skill-boot-finished.openvoiceos:disable_ready_notification.intent,stop telling me when it's ready
en,ovos-skill-moviemaster.openvoiceos:movie.top.intent,what are the top rated movies now
en,ovos-skill-moviemaster.openvoiceos:movie.top.intent,tell me the best movies out there
en,ovos-skill-hello-world.openvoiceos:Greetings.intent,what's up
en,ovos-skill-hello-world.openvoiceos:Greetings.intent,how’s it going
en,ovos-skill-wallpapers.openvoiceos:wallpaper.random.intent,switch to a random wallpaper
en,ovos-skill-wallpapers.openvoiceos:wallpaper.random.intent,new random background please
en,ovos-skill-hello-world.openvoiceos:HelloWorldIntent,hi there
en,ovos-skill-hello-world.openvoiceos:HelloWorldIntent,hello assistant
en,ovos-skill-wallpapers.openvoiceos:picture.about.intent,find a picture with cats
en,ovos-skill-wallpapers.openvoiceos:picture.about.intent,show me an image of birds
en,ovos-skill-boot-finished.openvoiceos:are_you_ready.intent,are you up and running
en,ovos-skill-boot-finished.openvoiceos:are_you_ready.intent,is everything ready
en,ovos-skill-iss-location.openvoiceos:NumberISSIntent,how many crew members are in space
en,ovos-skill-iss-location.openvoiceos:NumberISSIntent,how many astronauts are on the station
en,ovos-skill-date-time.openvoiceos:time.until.intent,how long until halloween
en,ovos-skill-date-time.openvoiceos:time.until.intent,how many days until thanksgiving
en,ovos-skill-date-time.openvoiceos:what.weekday.is.it.intent,what day is it today
en,ovos-skill-date-time.openvoiceos:what.weekday.is.it.intent,which day of the week is it
en,ovos-skill-naptime.openvoiceos:WakeUp,naptime is over
en,ovos-skill-naptime.openvoiceos:WakeUp,end naptime
en,ovos-skill-naptime.openvoiceos:WakeUp,it’s time to wake up
en,ovos-skill-wallpapers.openvoiceos:MakeWallpaperIntent,make that the background
en,ovos-skill-wallpapers.openvoiceos:MakeWallpaperIntent,set that image as wallpaper
en,ovos-skill-volume.openvoiceos:increase_volume,increase the volume now
en,ovos-skill-volume.openvoiceos:increase_volume,crank up the sound
en,ovos-skill-volume.openvoiceos:increase_volume,bump the volume
en,ovos-skill-volume.openvoiceos:increase_volume,make it louder please
en,ovos-skill-volume.openvoiceos:increase_volume,i can't hear make it louder
en,ovos-skill-volume.openvoiceos:less_volume,lower the volume
en,ovos-skill-volume.openvoiceos:less_volume,sound is too high reduce it
en,ovos-skill-volume.openvoiceos:less_volume,please talk softer
en,ovos-skill-volume.openvoiceos:less_volume,your voice is too loud
en,ovos-skill-volume.openvoiceos:less_volume,can you bring the volume down
en,ovos-skill-volume.openvoiceos:volume.mute.intent,mute everything
en,ovos-skill-volume.openvoiceos:volume.mute.intent,turn the sound off
en,ovos-skill-volume.openvoiceos:volume.mute.intent,i want silence
en,ovos-skill-volume.openvoiceos:volume.mute.intent,shut off the audio
en,ovos-skill-volume.openvoiceos:volume.mute.intent,stop all sounds
en,ovos-skill-alerts.openvoiceos:CreateAlarm,alarm for 7 in the morning
en,ovos-skill-alerts.openvoiceos:CreateAlarm,wake me at 6 am
en,ovos-skill-alerts.openvoiceos:CreateAlarm,make sure i’m up at 9
en,ovos-skill-alerts.openvoiceos:CreateAlarm,set a weekday alarm for 7 am
en,ovos-skill-alerts.openvoiceos:CreateTimer,start a 5-minute timer
en,ovos-skill-alerts.openvoiceos:CreateTimer,set a timer for 20 seconds
en,ovos-skill-alerts.openvoiceos:CreateTimer,countdown 45 minutes
en,ovos-skill-alerts.openvoiceos:CreateTimer,timer for cooking rice - 15 minutes
en,ovos-skill-alerts.openvoiceos:CreateEvent,put a lunch meeting on friday at noon
en,ovos-skill-alerts.openvoiceos:CreateEvent,add dentist appointment at 10 on monday
en,ovos-skill-alerts.openvoiceos:CreateReminder,don’t let me forget to buy bread at 6 pm
en,ovos-skill-alerts.openvoiceos:CreateOcpAlarm,wake me with jazz music at 7
en,ovos-skill-alerts.openvoiceos:CreateOcpAlarm,play some music to wake me up
en,ovos-skill-alerts.openvoiceos:RescheduleAlert,move my alarm from 6 to 7
en,ovos-skill-alerts.openvoiceos:RescheduleAlert,reschedule my dentist event to 3 pm
en,ovos-skill-alerts.openvoiceos:ChangeProperties,make my wake up alarm repeat daily
en,ovos-skill-alerts.openvoiceos:ChangeProperties,change timer to 25 minutes instead
en,ovos-skill-alerts.openvoiceos:TimerStatus,how much time is left on that timer
en,ovos-skill-alerts.openvoiceos:CreateList,make a new grocery list
en,ovos-skill-alerts.openvoiceos:AddListSubitems,put eggs and butter on the shopping list
en,ovos-skill-alerts.openvoiceos:DeleteListEntries,delete bananas from the list
en,ovos-skill-alerts.openvoiceos:DeleteList,clear the shopping list
en,ovos-skill-alerts.openvoiceos:DeleteTodoEntries,delete my walk the dog reminder
en,ovos-skill-alerts.openvoiceos:QueryListEntries,what’s inside my grocery list
en,ovos-skill-alerts.openvoiceos:QueryTodoEntries,what tasks do i still need to do
en,ovos-skill-alerts.openvoiceos:CalendarList,show me all my calendars
en,ovos-skill-alerts.openvoiceos:DAVSync,sync my calendar accounts
en,ovos-skill-alerts.openvoiceos:CreateReminder,remind me to call mom at 5
en,ovos-skill-alerts.openvoiceos:CreateReminder,remind me to water the plants tomorrow morning
en,ovos-skill-alerts.openvoiceos:CreateReminder,remind me every friday to clean the fridge
en,ovos-skill-alerts.openvoiceos:CreateReminder,add a reminder for trash day on monday
en,ovos-skill-alerts.openvoiceos:CreateOcpAlarm,set an alarm for 6 am and play jazz
en,ovos-skill-alerts.openvoiceos:CreateOcpAlarm,wake me up with nature sounds at 7
en,ovos-skill-alerts.openvoiceos:CreateOcpAlarm,set music alarm for 9 am tomorrow
en,ovos-skill-alerts.openvoiceos:RescheduleAlert,move my alarm to 9:30 am
en,ovos-skill-alerts.openvoiceos:RescheduleAlert,change dentist reminder to 3 pm
en,ovos-skill-alerts.openvoiceos:RescheduleAlert,postpone lunch reminder to 2
en,ovos-skill-alerts.openvoiceos:RescheduleAlert,delay my 5 pm alert by half an hour
en,ovos-skill-alerts.openvoiceos:DeleteListEntries,delete eggs from grocery list
en,ovos-skill-alerts.openvoiceos:DeleteListEntries,remove butter and cheese from shopping
en,ovos-skill-alerts.openvoiceos:DeleteListEntries,clear all entries in the shopping list
en,ovos-skill-alerts.openvoiceos:DeleteTodoEntries,remove birthday reminder
en,ovos-skill-alerts.openvoiceos:DeleteTodoEntries,clear note to fix bike
en,ovos-skill-alerts.openvoiceos:DeleteTodoEntries,delete all notes
en,ovos-skill-alerts.openvoiceos:QueryListNames,which lists are currently saved
en,ovos-skill-volume.openvoiceos:volume.max.intent,turn the volume all the way up
en,ovos-skill-volume.openvoiceos:volume.max.intent,max out the volume
en,ovos-skill-volume.openvoiceos:volume.max.intent,full volume now
en,ovos-skill-ip.openvoiceos:IPIntent,what's your ip
en,ovos-skill-ip.openvoiceos:IPIntent,give me your ip
en,ovos-skill-ip.openvoiceos:IPIntent,network address please
en,ovos-skill-confucius-quotes.openvoiceos:ConfuciusQuote,give me a confucius quote
en,ovos-skill-confucius-quotes.openvoiceos:ConfuciusQuote,say something confucius said
en,ovos-skill-confucius-quotes.openvoiceos:ConfuciusDeath,what year did confucius die
en,ovos-skill-icanhazdadjokes.openvoiceos:joke.intent,say something funny
en,ovos-skill-icanhazdadjokes.openvoiceos:joke.intent,got a joke
en,ovos-skill-icanhazdadjokes.openvoiceos:search_joke.intent,tell me a joke about teachers
en,ovos-skill-icanhazdadjokes.openvoiceos:search_joke.intent,any jokes with dogs
en,ovos-skill-volume.openvoiceos:volume.low.intent,set volume to the lowest setting
en,ovos-skill-volume.openvoiceos:volume.low.intent,minimum volume
en,ovos-skill-volume.openvoiceos:volume.low.intent,quiet mode
en,ovos-skill-volume.openvoiceos:volume.unmute.intent,restore audio
en,ovos-skill-volume.openvoiceos:volume.unmute.intent,sound back on
en,ovos-skill-volume.openvoiceos:volume.mute.intent,silence
en,ovos-skill-volume.openvoiceos:volume.mute.toggle.intent,flip mute
en,ovos-skill-audio-recording.openvoiceos:start_recording.intent,start capturing audio
en,ovos-skill-audio-recording.openvoiceos:start_recording.intent,record now
en,ovos-skill-date-time.openvoiceos:what.time.is.it.intent,tell me the time
en,ovos-skill-date-time.openvoiceos:current_date.intent,what's today's date
en,ovos-skill-naptime.openvoiceos:naptime.intent,go take a nap
en,ovos-skill-naptime.openvoiceos:WakeUp,time to wake up
en,ovos-skill-wallpapers.openvoiceos:picture.random.intent,show me something nice
en,ovos-skill-wallpapers.openvoiceos:wallpaper.random.intent,new wallpaper please
en,ovos-skill-wallpapers.openvoiceos:wallpaper.about.intent,set wallpaper to mountains
en,ovos-skill-wallpapers.openvoiceos:MakeWallpaperIntent,use that as wallpaper
en,ovos-skill-color-picker.krisgesling.openvoiceos:request-color-by-name.intent,show the color red
en,ovos-skill-iss-location.openvoiceos:NumberISSIntent,how many astronauts in space now
en,ovos-skill-boot-finished.openvoiceos:disable_ready_notification.intent,turn off startup alert
en,ovos-skill-boot-finished.openvoiceos:enable_ready_notification.intent,enable ready status
en,ovos-skill-boot-finished.openvoiceos:are_you_ready.intent,are you operational
en,ovos-skill-moviemaster.openvoiceos:movie.year.intent,what year did the movie titanic come out
en,ovos-skill-moviemaster.openvoiceos:movie.year.intent,when was inception released
en,ovos-skill-moviemaster.openvoiceos:movie.genres.intent,what category is the movie the godfather
en,ovos-skill-moviemaster.openvoiceos:movie.genres.intent,what kind of movie is the matrix
en,ovos-skill-moviemaster.openvoiceos:movie.runtime.intent,what’s the runtime of avatar
en,ovos-skill-moviemaster.openvoiceos:movie.runtime.intent,how long does the lord of the rings the return of the king last
en,ovos-skill-moviemaster.openvoiceos:movie.cast.intent,who acted in pulp fiction
en,ovos-skill-moviemaster.openvoiceos:movie.cast.intent,name the cast of the movie fight club
en,ovos-skill-moviemaster.openvoiceos:movie.recommendations.intent,recommend movies like interstellar
en,ovos-skill-moviemaster.openvoiceos:movie.recommendations.intent,any suggestions similar to the dark knight
en,ovos-skill-moviemaster.openvoiceos:movie.year.intent,what year was forrest gump released
en,ovos-skill-moviemaster.openvoiceos:movie.description.intent,describe the movie the shawshank redemption
en,ovos-skill-moviemaster.openvoiceos:movie.information.intent,tell me about parasite
en,ovos-skill-moviemaster.openvoiceos:movie.runtime.intent,how long does schindler's list run
en,ovos-skill-moviemaster.openvoiceos:movie.cast.intent,who's in black panther
en,ovos-skill-moviemaster.openvoiceos:movie.recommendations.intent,recommend movies like gladiator
en,ovos-skill-personal.openvoiceos:WhatAreYou.intent,tell me about yourself
en,ovos-skill-personal.openvoiceos:WhatAreYou.intent,can you explain what you do
en,ovos-skill-personal.openvoiceos:WhatAreYou.intent,what is openvoiceos
en,ovos-skill-personal.openvoiceos:WhatAreYou.intent,are you an ai
en,ovos-skill-personal.openvoiceos:WhatAreYou.intent,can you tell me about yourself
en,ovos-skill-personal.openvoiceos:WhoAreYou.intent,who are you
en,ovos-skill-personal.openvoiceos:WhoAreYou.intent,what is your name
en,ovos-skill-personal.openvoiceos:WhoAreYou.intent,state your name
en,ovos-skill-personal.openvoiceos:WhoAreYou.intent,say your name
en,ovos-skill-volume.openvoiceos:volume.high.intent,increase the volume
en,ovos-skill-volume.openvoiceos:volume.high.intent,turn the volume up
en,ovos-skill-alerts.openvoiceos:CreateAlarm,create an alarm for me
en,ovos-skill-alerts.openvoiceos:RescheduleAlert,move my alarm to 8 am
en,ovos-skill-alerts.openvoiceos:RescheduleAlert,change the alarm time to 9 am
en,ovos-skill-alerts.openvoiceos:DeleteList,remove the list
en,ovos-skill-alerts.openvoiceos:DeleteList,delete my list
en,ovos-skill-alerts.openvoiceos:ChangeProperties,change my alert properties
en,ovos-skill-alerts.openvoiceos:CreateEvent,create an event for tomorrow
en,ovos-skill-alerts.openvoiceos:CreateList,create a new to-do list
en,ovos-skill-alerts.openvoiceos:CreateReminder,set a reminder for the meeting
en,ovos-skill-alerts.openvoiceos:DeleteTodoEntries,remove the to-do entries
en,ovos-skill-alerts.openvoiceos:QueryListEntries,show me my list entries
en,ovos-skill-audio-recording.openvoiceos:start_recording.intent,begin recording now
en,ovos-skill-icanhazdadjokes.openvoiceos:joke.intent,can you make me laugh
en,ovos-skill-volume.openvoiceos:volume.default.intent,set the volume to default
en,ovos-skill-volume.openvoiceos:volume.default.intent,restore the default volume
en,stop:stop,stop
en,stop:stop,please stop
en,stop:stop,that's enough
en,stop:stop,cancel
en,stop:stop,stop that
en,stop:stop,quit
en,stop:stop,end it
en,stop:stop,turn it off
en,stop:stop,make it stop
en,stop:stop,shut up
en,stop:stop,can you stop
en,stop:stop,cut it out
en,stop:stop,stop playing
en,stop:stop,stop the music
en,stop:stop,stop reading
en,stop:stop,stop speaking
en,stop:stop,enough already
en,ovos-skill-randomness.openvoiceos:roll-single-die.intent,roll one die
en,ovos-skill-randomness.openvoiceos:roll-single-die.intent,throw a die
en,ovos-skill-randomness.openvoiceos:roll-single-die.intent,can you roll a die
en,ovos-skill-randomness.openvoiceos:roll-single-die.intent,roll me a die
en,ovos-skill-randomness.openvoiceos:roll-single-die.intent,roll a dice for me
en,ovos-skill-randomness.openvoiceos:roll-single-die.intent,throw a {faces} sided die
en,ovos-skill-randomness.openvoiceos:roll-single-die.intent,roll a die with {faces} sides
en,ovos-skill-randomness.openvoiceos:flip-a-coin.intent,toss a coin
en,ovos-skill-randomness.openvoiceos:flip-a-coin.intent,flip me a coin
en,ovos-skill-randomness.openvoiceos:flip-a-coin.intent,can you flip a coin
en,ovos-skill-randomness.openvoiceos:flip-a-coin.intent,throw a coin
en,ovos-skill-randomness.openvoiceos:flip-a-coin.intent,let's flip a coin
en,ovos-skill-randomness.openvoiceos:flip-a-coin.intent,coin toss please
en,ovos-skill-randomness.openvoiceos:roll-multiple-dice.intent,throw {number} dice
en,ovos-skill-randomness.openvoiceos:roll-multiple-dice.intent,roll {number} d{faces}
en,ovos-skill-randomness.openvoiceos:roll-multiple-dice.intent,roll {number} dice with {faces} sides
en,ovos-skill-randomness.openvoiceos:roll-multiple-dice.intent,can you roll {number} dice
en,ovos-skill-randomness.openvoiceos:roll-multiple-dice.intent,roll me {number} dice
en,ovos-skill-randomness.openvoiceos:roll-multiple-dice.intent,roll {number} dice of {faces} sides
en,ovos-skill-randomness.openvoiceos:pick-a-number.intent,give me a number from {lower} to {upper}
en,ovos-skill-randomness.openvoiceos:pick-a-number.intent,pick a number from {lower} to {upper}
en,ovos-skill-randomness.openvoiceos:pick-a-number.intent,choose a number in the range {lower} to {upper}
en,ovos-skill-randomness.openvoiceos:pick-a-number.intent,can you pick a number between {lower} and {upper}
en,ovos-skill-randomness.openvoiceos:pick-a-number.intent,select a number from {lower} to {upper}
en,ovos-skill-randomness.openvoiceos:fortune-teller.intent,what's my fortune
en,ovos-skill-randomness.openvoiceos:fortune-teller.intent,predict my future
en,ovos-skill-randomness.openvoiceos:fortune-teller.intent,give me a fortune
en,ovos-skill-randomness.openvoiceos:fortune-teller.intent,read my future
en,ovos-skill-randomness.openvoiceos:fortune-teller.intent,what does the future hold
en,ovos-skill-randomness.openvoiceos:fortune-teller.intent,tell me what will happen
en,ovos-skill-randomness.openvoiceos:fortune-teller.intent,read my fortune
en,ovos-skill-randomness.openvoiceos:make-a-choice.intent,i need help choosing
en,ovos-skill-randomness.openvoiceos:make-a-choice.intent,can you help me decide
en,ovos-skill-randomness.openvoiceos:make-a-choice.intent,make a decision for me
en,ovos-skill-randomness.openvoiceos:make-a-choice.intent,choose for me
en,ovos-skill-randomness.openvoiceos:make-a-choice.intent,i can’t decide help me
ca,ovos-skill-volume.openvoiceos:increase_volume,pots parlar una mica més fort
ca,ovos-skill-volume.openvoiceos:increase_volume,parla més alt si us plau
ca,ovos-skill-volume.openvoiceos:increase_volume,puja una mica el volum
ca,ovos-skill-volume.openvoiceos:increase_volume,fes-ho més fort sisplau
es,ovos-skill-volume.openvoiceos:increase_volume,habla más fuerte por favor
es,ovos-skill-volume.openvoiceos:increase_volume,sube el volumen
es,ovos-skill-volume.openvoiceos:increase_volume,aumenta el volumen por favor
gl,ovos-skill-volume.openvoiceos:increase_volume,fala máis alto por favor
gl,ovos-skill-volume.openvoiceos:increase_volume,sobe o volume
gl,ovos-skill-volume.openvoiceos:increase_volume,axusta o volume para que se escoite máis
eu,ovos-skill-volume.openvoiceos:increase_volume,pixka bat zaratatsuago hitz egin al dezakezu
eu,ovos-skill-volume.openvoiceos:increase_volume,mesedez hitz egin bolumen handiagoz
eu,ovos-skill-volume.openvoiceos:increase_volume,handitu bolumena mesedez
eu,ovos-skill-volume.openvoiceos:increase_volume,bolumena igo dezakezu
fr,ovos-skill-volume.openvoiceos:increase_volume,peux-tu parler un peu plus fort
fr,ovos-skill-volume.openvoiceos:increase_volume,parle plus fort s'il te plaît
fr,ovos-skill-volume.openvoiceos:increase_volume,augmente le son
fr,ovos-skill-volume.openvoiceos:increase_volume,mets le volume plus fort
fr,ovos-skill-volume.openvoiceos:increase_volume,monte le volume s'il te plaît
it,ovos-skill-volume.openvoiceos:increase_volume,puo parlare un po' più forte
it,ovos-skill-volume.openvoiceos:increase_volume,per favore parla più forte
it,ovos-skill-volume.openvoiceos:increase_volume,aumenta il volume
it,ovos-skill-volume.openvoiceos:increase_volume,alza il volume
it,ovos-skill-volume.openvoiceos:increase_volume,fallo sentire di più per favore
de,ovos-skill-volume.openvoiceos:increase_volume,kannst du ein bisschen lauter sprechen
de,ovos-skill-volume.openvoiceos:increase_volume,bitte sprich lauter
de,ovos-skill-volume.openvoiceos:increase_volume,dreh die lautstärke höher
de,ovos-skill-volume.openvoiceos:increase_volume,erhöhe die lautstärke
de,ovos-skill-volume.openvoiceos:increase_volume,mach es bitte lauter
nl,ovos-skill-volume.openvoiceos:increase_volume,kunt u wat harder praten
nl,ovos-skill-volume.openvoiceos:increase_volume,praten alsjeblieft luider
nl,ovos-skill-volume.openvoiceos:increase_volume,draai het volume omhoog
nl,ovos-skill-volume.openvoiceos:increase_volume,volume harder zetten
nl,ovos-skill-volume.openvoiceos:increase_volume,maak het wat luider alsjeblieft
ca,ovos-skill-volume.openvoiceos:less_volume,parla més baixet
ca,ovos-skill-volume.openvoiceos:less_volume,estàs molt fort
ca,ovos-skill-volume.openvoiceos:less_volume,si us plau baixa el volum
ca,ovos-skill-volume.openvoiceos:less_volume,vols baixar el volum
es,ovos-skill-volume.openvoiceos:less_volume,habla más bajito
es,ovos-skill-volume.openvoiceos:less_volume,estás muy alto
es,ovos-skill-volume.openvoiceos:less_volume,puedes bajar el volumen
gl,ovos-skill-volume.openvoiceos:less_volume,fala máis baixo por favor
gl,ovos-skill-volume.openvoiceos:less_volume,estás demasiado alto
gl,ovos-skill-volume.openvoiceos:less_volume,por favor baixa o volume
eu,ovos-skill-volume.openvoiceos:less_volume,bolumena jaisten al dezakezu
eu,ovos-skill-volume.openvoiceos:less_volume,hitza apaldu mesedez
eu,ovos-skill-volume.openvoiceos:less_volume,zarata handiegia da
eu,ovos-skill-volume.openvoiceos:less_volume,bolumena jaitsi mesedez
eu,ovos-skill-volume.openvoiceos:less_volume,bolumena txikitu dezakezu
fr,ovos-skill-volume.openvoiceos:less_volume,baisse le volume
fr,ovos-skill-volume.openvoiceos:less_volume,parle plus doucement
fr,ovos-skill-volume.openvoiceos:less_volume,tu es trop fort
fr,ovos-skill-volume.openvoiceos:less_volume,diminue le volume s'il te plaît
fr,ovos-skill-volume.openvoiceos:less_volume,peux-tu baisser le volume
it,ovos-skill-volume.openvoiceos:less_volume,abbassa il volume
it,ovos-skill-volume.openvoiceos:less_volume,parla più piano
it,ovos-skill-volume.openvoiceos:less_volume,sei troppo alto
it,ovos-skill-volume.openvoiceos:less_volume,per favore abbassa il volume
it,ovos-skill-volume.openvoiceos:less_volume,puoi abbassare il volume
de,ovos-skill-volume.openvoiceos:less_volume,leiser drehen
de,ovos-skill-volume.openvoiceos:less_volume,sprich bitte leiser
de,ovos-skill-volume.openvoiceos:less_volume,du bist zu laut
de,ovos-skill-volume.openvoiceos:less_volume,bitte lautstärke reduzieren
de,ovos-skill-volume.openvoiceos:less_volume,kannst du die lautstärke runter machen
nl,ovos-skill-volume.openvoiceos:less_volume,draai het volume omlaag
nl,ovos-skill-volume.openvoiceos:less_volume,spreek zachter alsjeblieft
nl,ovos-skill-volume.openvoiceos:less_volume,je bent te hard
nl,ovos-skill-volume.openvoiceos:less_volume,geluid zachter maken alsjeblieft
nl,ovos-skill-volume.openvoiceos:less_volume,kunt u het volume lager zetten
ca,ovos-skill-alerts.openvoiceos:CreateOcpAlarm,desperta'm amb música
ca,ovos-skill-alerts.openvoiceos:CreateOcpAlarm,fixa una alarma a les 7 amb jazz
ca,ovos-skill-alerts.openvoiceos:CreateOcpAlarm,posa un despertador amb sons de natura a les 7
es,ovos-skill-alerts.openvoiceos:CreateOcpAlarm,despiértame con música
es,ovos-skill-alerts.openvoiceos:CreateOcpAlarm,configura una alarma para las 7 con jazz
es,ovos-skill-alerts.openvoiceos:CreateOcpAlarm,pon una alarma con sonidos de la naturaleza a las 7
gl,ovos-skill-alerts.openvoiceos:CreateOcpAlarm,despértame ás 8 con música
gl,ovos-skill-alerts.openvoiceos:CreateOcpAlarm,despértame con música
gl,ovos-skill-alerts.openvoiceos:CreateOcpAlarm,programa unha alarma ás 7 con jazz
gl,ovos-skill-alerts.openvoiceos:CreateOcpAlarm,pón unha alarma con sons da natureza ás 7
eu,ovos-skill-alerts.openvoiceos:CreateOcpAlarm,eguneko 8etan musika entzuten esnatu nazazu
en,ovos-skill-hello-world.openvoiceos:ThankYouIntent,many thanks
en,ovos-skill-hello-world.openvoiceos:ThankYouIntent,i appreciate it
eu,ovos-skill-hello-world.openvoiceos:ThankYouIntent,eskerrik asko
it,ovos-skill-hello-world.openvoiceos:ThankYouIntent,grazie mille
nl,ovos-skill-hello-world.openvoiceos:ThankYouIntent,bedankt
en,ovos-skill-wallpapers.openvoiceos:picture.about.intent,show me a picture of nature
en,ovos-skill-wallpapers.openvoiceos:picture.about.intent,can i see an image of mountains
ca,ovos-skill-wallpapers.openvoiceos:picture.about.intent,ensenya'm una imatge amb gats
es,ovos-skill-wallpapers.openvoiceos:picture.about.intent,muéstrame una imagen de perros
gl,ovos-skill-wallpapers.openvoiceos:picture.about.intent,ensíname unha imaxe de paxaros
eu,ovos-skill-wallpapers.openvoiceos:picture.about.intent,erakuts iezadazu txakurrekin argazki bat
fr,ovos-skill-wallpapers.openvoiceos:picture.about.intent,affiche-moi une image avec des oiseaux
it,ovos-skill-wallpapers.openvoiceos:picture.about.intent,mostrami un'immagine di gatti
de,ovos-skill-wallpapers.openvoiceos:picture.about.intent,zeige mir ein bild mit vögeln
nl,ovos-skill-wallpapers.openvoiceos:picture.about.intent,laat me een afbeelding met katten zien
en,ovos-skill-wordnet.openvoiceos:synonym.intent,can you find similar words to 'happy' using wordnet
en,ovos-skill-wordnet.openvoiceos:synonym.intent,look up synonyms for 'fast' in wordnet
ca,ovos-skill-wordnet.openvoiceos:synonym.intent,mostra sinònims de 'feliç' amb wordnet
es,ovos-skill-wordnet.openvoiceos:synonym.intent,busca sinónimos de 'feliz' en wordnet
gl,ovos-skill-wordnet.openvoiceos:synonym.intent,atopa sinónimos de 'rápido' usando wordnet
eu,ovos-skill-wordnet.openvoiceos:synonym.intent,bilatu 'zoriontsu' hitzaren sinonimoak wordnet-en
fr,ovos-skill-wordnet.openvoiceos:synonym.intent,cherche les synonymes de 'heureux' avec wordnet
it,ovos-skill-wordnet.openvoiceos:synonym.intent,trova sinonimi di 'felice' su wordnet
nl,ovos-skill-wordnet.openvoiceos:synonym.intent,zoek synoniemen van 'blij' met wordnet
en,ovos-skill-weather.openvoiceos:current_weather.intent,what's the weather like?
en,ovos-skill-weather.openvoiceos:current_weather.intent,how's the weather in lisbon?
en,ovos-skill-weather.openvoiceos:current_weather.intent,what's the weather now?
en,ovos-skill-weather.openvoiceos:current_weather.intent,can you tell me the current weather?
en,ovos-skill-weather.openvoiceos:current_weather.intent,is it nice outside right now?
en,ovos-skill-weather.openvoiceos:current_weather.intent,what's it like outside?
en,ovos-skill-weather.openvoiceos:current_weather.intent,is it nice outside?
en,ovos-skill-weather.openvoiceos:current_weather.intent,how's the weather outside?
en,ovos-skill-weather.openvoiceos:current_weather.intent,can i go out without a jacket?
en,ovos-skill-weather.openvoiceos:current_weather.intent,what's the weather like outside right now?
en,ovos-skill-weather.openvoiceos:daily_forecast.intent,what's the weather going to be like on tuesday?
en,ovos-skill-weather.openvoiceos:daily_forecast.intent,how's the weather tomorrow?
en,ovos-skill-weather.openvoiceos:daily_forecast.intent,what's tomorrow's forecast in seattle?
en,ovos-skill-weather.openvoiceos:daily_forecast.intent,what's the weather on thursday?
en,ovos-skill-weather.openvoiceos:daily_forecast.intent,how will the weather be on monday?
en,ovos-skill-weather.openvoiceos:daily_forecast.intent,will it rain tomorrow?
en,ovos-skill-weather.openvoiceos:hourly_forecast.intent,what's the forecast for friday 9 pm?
en,ovos-skill-weather.openvoiceos:hourly_forecast.intent,tell me the weather at 6 am tomorrow
en,ovos-skill-weather.openvoiceos:hourly_forecast.intent,how's the weather tonight?
en,ovos-skill-weather.openvoiceos:hourly_forecast.intent,what’s it like this evening?
en,ovos-skill-weather.openvoiceos:hourly_forecast.intent,will it rain around noon?
en,ovos-skill-weather.openvoiceos:N_days_forecast.intent,what is the 3 day forecast?
en,ovos-skill-weather.openvoiceos:N_days_forecast.intent,what is the weather forecast?
en,ovos-skill-weather.openvoiceos:N_days_forecast.intent,tell me the forecast for the next 5 days
en,ovos-skill-weather.openvoiceos:N_days_forecast.intent,what’s the outlook for the next few days?
en,ovos-skill-weather.openvoiceos:N_days_forecast.intent,how does the weather look this week?
en,ovos-skill-weather.openvoiceos:weekend_forecast.intent,what’s the weather this weekend?
en,ovos-skill-weather.openvoiceos:weekend_forecast.intent,will it rain over the weekend?
en,ovos-skill-weather.openvoiceos:weekend_forecast.intent,forecast for saturday and sunday?
en,ovos-skill-weather.openvoiceos:weekend_forecast.intent,is the weekend going to be sunny?
en,ovos-skill-weather.openvoiceos:weekend_forecast.intent,what’s the weekend weather like?
en,ovos-skill-weather.openvoiceos:N_days_forecast.intent,what's the weather like this week?
en,ovos-skill-weather.openvoiceos:N_days_forecast.intent,can i get the weekly forecast?
en,ovos-skill-weather.openvoiceos:N_days_forecast.intent,how will the weather be over the week?
en,ovos-skill-weather.openvoiceos:N_days_forecast.intent,seven day forecast please
en,ovos-skill-weather.openvoiceos:N_days_forecast.intent,give me the weather for the entire week
en,ovos-skill-weather.openvoiceos:current_temperature.intent,what is the temperature in celsius?
en,ovos-skill-weather.openvoiceos:current_temperature.intent,what is the temperature in baltimore now?
en,ovos-skill-weather.openvoiceos:current_temperature.intent,tell me the current temperature
en,ovos-skill-weather.openvoiceos:current_temperature.intent,how hot is it outside?
en,ovos-skill-weather.openvoiceos:current_temperature.intent,what's the temp right now?
en,ovos-skill-weather.openvoiceos:hourly_temperature.intent,what is the temperature tonight?
en,ovos-skill-weather.openvoiceos:hourly_temperature.intent,what is the temperature tomorrow morning?
en,ovos-skill-weather.openvoiceos:hourly_temperature.intent,how cold will it be this evening?
en,ovos-skill-weather.openvoiceos:hourly_temperature.intent,temperature at 7 am?
en,ovos-skill-weather.openvoiceos:hourly_temperature.intent,is it going to be warm this afternoon?
en,ovos-skill-weather.openvoiceos:high_temperature.intent,what is the high temperature tomorrow?
en,ovos-skill-weather.openvoiceos:high_temperature.intent,what is the high temperature in london on tuesday?
en,ovos-skill-weather.openvoiceos:high_temperature.intent,how hot will it get tomorrow?
en,ovos-skill-weather.openvoiceos:high_temperature.intent,what’s the maximum temperature today?
en,ovos-skill-weather.openvoiceos:high_temperature.intent,tell me the high temp for saturday
en,ovos-skill-weather.openvoiceos:low_temperature.intent,what is the low temperature tomorrow?
en,ovos-skill-weather.openvoiceos:low_temperature.intent,what is the lowest temperature in lisbon next monday?
en,ovos-skill-weather.openvoiceos:low_temperature.intent,how cold will it get tonight?
en,ovos-skill-weather.openvoiceos:low_temperature.intent,tell me the minimum temperature
en,ovos-skill-weather.openvoiceos:low_temperature.intent,what's the expected low temperature today?
en,ovos-skill-weather.openvoiceos:hourly_temperature.intent,is it going to be hot today?
en,ovos-skill-weather.openvoiceos:hourly_temperature.intent,will it be cold this evening?
en,ovos-skill-weather.openvoiceos:current_temperature.intent,is it chilly outside?
en,ovos-skill-weather.openvoiceos:hourly_temperature.intent,is today going to be warm?
en,ovos-skill-weather.openvoiceos:hourly_temperature.intent,will i need a coat today?
en,ovos-skill-weather.openvoiceos:hourly_temperature.intent,how cold will it be today?
en,ovos-skill-weather.openvoiceos:hourly_temperature.intent,how hot will it get tomorrow?
en,ovos-skill-weather.openvoiceos:hourly_temperature.intent,tell me how warm it's going to be
en,ovos-skill-weather.openvoiceos:hourly_temperature.intent,how chilly is it going to be?
en,ovos-skill-weather.openvoiceos:hourly_temperature.intent,what's the temperature range for today?
en,ovos-skill-weather.openvoiceos:is_wind.intent,is it windy today?
en,ovos-skill-weather.openvoiceos:is_wind.intent,will it be breezy this afternoon?
en,ovos-skill-weather.openvoiceos:is_wind.intent,should i expect strong winds today?
en,ovos-skill-weather.openvoiceos:is_wind.intent,is it gusty right now?
en,ovos-skill-weather.openvoiceos:is_wind.intent,is there wind outside today?
en,ovos-skill-weather.openvoiceos:is_snow.intent,is it snowing today?
en,ovos-skill-weather.openvoiceos:is_snow.intent,will it snow tonight?
en,ovos-skill-weather.openvoiceos:is_snow.intent,are there snow showers expected?
en,ovos-skill-weather.openvoiceos:is_snow.intent,is there snow in the forecast?
en,ovos-skill-weather.openvoiceos:is_snow.intent,will we see snow this week?
en,ovos-skill-weather.openvoiceos:is_clear.intent,is the sky clear today?
en,ovos-skill-weather.openvoiceos:is_clear.intent,will it be clear this afternoon?
en,ovos-skill-weather.openvoiceos:is_clear.intent,is it sunny right now?
en,ovos-skill-weather.openvoiceos:is_clear.intent,are there any clouds today?
en,ovos-skill-weather.openvoiceos:is_clear.intent,is it going to be a clear day?
en,ovos-skill-weather.openvoiceos:is_clear.intent,is it cloudy today?
en,ovos-skill-weather.openvoiceos:is_clear.intent,are there clouds in the sky?
en,ovos-skill-weather.openvoiceos:is_clear.intent,will it be overcast today?
en,ovos-skill-weather.openvoiceos:is_clear.intent,is there cloud cover now?
en,ovos-skill-weather.openvoiceos:is_clear.intent,what’s the cloud situation today?
en,ovos-skill-weather.openvoiceos:is_fog.intent,is it foggy today?
en,ovos-skill-weather.openvoiceos:is_fog.intent,will there be fog in the morning?
en,ovos-skill-weather.openvoiceos:is_fog.intent,is fog expected tonight?
en,ovos-skill-weather.openvoiceos:is_fog.intent,are we getting fog today?
en,ovos-skill-weather.openvoiceos:is_fog.intent,will there be low visibility?
en,ovos-skill-weather.openvoiceos:is_rain.intent,is it raining today?
en,ovos-skill-weather.openvoiceos:is_rain.intent,will it rain soon?
en,ovos-skill-weather.openvoiceos:is_rain.intent,do i need an umbrella?
en,ovos-skill-weather.openvoiceos:is_rain.intent,is there a chance of rain?
en,ovos-skill-weather.openvoiceos:is_rain.intent,will i need an umbrella today?
en,ovos-skill-weather.openvoiceos:is_rain.intent,should i take an umbrella?
en,ovos-skill-weather.openvoiceos:is_rain.intent,do i need to carry an umbrella?
en,ovos-skill-weather.openvoiceos:is_rain.intent,is it umbrella weather?
en,ovos-skill-weather.openvoiceos:is_rain.intent,is it a good idea to bring an umbrella?
en,ovos-skill-weather.openvoiceos:is_rain.intent,what's the rain forecast for today?
en,ovos-skill-weather.openvoiceos:is_stormy.intent,is it storming today?
en,ovos-skill-weather.openvoiceos:is_stormy.intent,are there storms expected?
en,ovos-skill-weather.openvoiceos:is_stormy.intent,will there be thunder and lightning?
en,ovos-skill-weather.openvoiceos:is_stormy.intent,is there a storm in the forecast?
en,ovos-skill-weather.openvoiceos:is_stormy.intent,should i prepare for a storm today?
en,ovos-skill-weather.openvoiceos:next_rain.intent,when will it rain next?
en,ovos-skill-weather.openvoiceos:next_rain.intent,next time it's going to rain?
en,ovos-skill-weather.openvoiceos:next_rain.intent,when should i expect rain?
en,ovos-skill-weather.openvoiceos:next_rain.intent,what’s the next day with rain?
en,ovos-skill-weather.openvoiceos:next_rain.intent,next rain forecast?
en,ovos-skill-weather.openvoiceos:next_rain.intent,tell me when it's going to rain again.
en,ovos-skill-weather.openvoiceos:next_rain.intent,when is the next rainfall?
en,ovos-skill-weather.openvoiceos:next_rain.intent,when will it start raining?
en,ovos-skill-weather.openvoiceos:humidity.intent,what's the humidity today?
en,ovos-skill-weather.openvoiceos:humidity.intent,humidity update please.
en,ovos-skill-weather.openvoiceos:next_rain.intent,forecast for next rainfall?
en,ovos-skill-weather.openvoiceos:humidity.intent,how humid is it?
en,ovos-skill-weather.openvoiceos:humidity.intent,what's the humidity like today?
en,ovos-skill-weather.openvoiceos:humidity.intent,tell me the humidity levels
en,ovos-skill-weather.openvoiceos:humidity.intent,is it humid outside?
en,ovos-skill-weather.openvoiceos:humidity.intent,what’s the percentage of humidity?
en,ovos-skill-weather.openvoiceos:sunrise.intent,when is the sunrise?
en,ovos-skill-weather.openvoiceos:sunrise.intent,what time does the sun come up?
en,ovos-skill-weather.openvoiceos:sunrise.intent,tell me the sunrise time
en,ovos-skill-weather.openvoiceos:sunrise.intent,when will the sun rise tomorrow?
en,ovos-skill-weather.openvoiceos:sunrise.intent,when is the sun coming up
en,ovos-skill-weather.openvoiceos:sunrise.intent,what time is sunrise today?
en,ovos-skill-weather.openvoiceos:sunrise.intent,tell me today's sunrise time.
en,ovos-skill-weather.openvoiceos:sunrise.intent,when will the sun rise
en,ovos-skill-weather.openvoiceos:sunrise.intent,is the sun up yet?
en,ovos-skill-weather.openvoiceos:sunrise.intent,what’s the morning sunrise time?
en,ovos-skill-weather.openvoiceos:sunset.intent,when is the sunset?
en,ovos-skill-weather.openvoiceos:sunset.intent,what time does the sun go down?
en,ovos-skill-weather.openvoiceos:sunset.intent,tell me when sunset is today
en,ovos-skill-weather.openvoiceos:sunset.intent,when will the sun set tonight?
en,ovos-skill-weather.openvoiceos:sunset.intent,what’s the evening sunset time?
en,ovos-skill-weather.openvoiceos:sunset.intent,when is the sun going down
en,ovos-skill-weather.openvoiceos:sunset.intent,what time is sunset today?
en,ovos-skill-weather.openvoiceos:sunset.intent,tell me today's sunset time.
en,ovos-skill-weather.openvoiceos:sunset.intent,when will the sun go down?
en,ovos-skill-weather.openvoiceos:sunset.intent,is the sun setting soon?
en,ovos-skill-weather.openvoiceos:N_days_forecast.intent,give me a 5 day weather forecast.
en,ovos-skill-weather.openvoiceos:N_days_forecast.intent,what does the weather look like for the next 7 days?
en,ovos-skill-weather.openvoiceos:N_days_forecast.intent,tell me the forecast for the next few days.
en,ovos-skill-weather.openvoiceos:weekend_forecast.intent,what's the weekend forecast?
en,ovos-skill-weather.openvoiceos:weekend_forecast.intent,how's the weather this weekend?
en,ovos-skill-weather.openvoiceos:weekend_forecast.intent,what's the weather like on saturday and sunday?
en,ovos-skill-weather.openvoiceos:weekend_forecast.intent,give me the weekend weather update.
en,ovos-skill-weather.openvoiceos:N_days_forecast.intent,how's the weather this week?
en,ovos-skill-weather.openvoiceos:N_days_forecast.intent,what's the weekly forecast?
en,ovos-skill-weather.openvoiceos:N_days_forecast.intent,tell me the weather for the week.
en,ovos-skill-weather.openvoiceos:N_days_forecast.intent,can i get the week's forecast?
en,ovos-skill-weather.openvoiceos:N_days_forecast.intent,what's the weather like all week?
en,ovos-skill-weather.openvoiceos:current_temperature.intent,what's the temperature currently?
en,ovos-skill-weather.openvoiceos:current_temperature.intent,how hot is it right now?
en,ovos-skill-weather.openvoiceos:current_temperature.intent,current temperature please.
en,ovos-skill-weather.openvoiceos:current_temperature.intent,what is the temperature?
en,ovos-skill-weather.openvoiceos:current_temperature.intent,tell me today's temperature.
en,ovos-skill-weather.openvoiceos:current_temperature.intent,how warm is it today?
en,ovos-skill-weather.openvoiceos:current_temperature.intent,temperature update for today.
en,ovos-skill-weather.openvoiceos:current_temperature.intent,how hot is it outside today?
en,ovos-skill-weather.openvoiceos:hourly_temperature.intent,temperature forecast for tonight?
en,ovos-skill-weather.openvoiceos:hourly_temperature.intent,what's it like tomorrow evening?
en,ovos-skill-weather.openvoiceos:high_temperature.intent,tell me the high for today.
en,ovos-skill-weather.openvoiceos:high_temperature.intent,what's the maximum temperature today?
en,ovos-skill-weather.openvoiceos:low_temperature.intent,tell me the low for tonight.
en,ovos-skill-weather.openvoiceos:low_temperature.intent,how cold will it get today?
en,ovos-skill-weather.openvoiceos:low_temperature.intent,what's the minimum temperature tomorrow?
en,ovos-skill-weather.openvoiceos:current_temperature.intent,is it cold right now?
en,ovos-skill-weather.openvoiceos:hourly_temperature.intent,will it be warm this afternoon?
en,ovos-skill-weather.openvoiceos:current_temperature.intent,is today a hot day?
en,ovos-skill-weather.openvoiceos:hourly_temperature.intent,how hot is it going to be?
en,ovos-skill-weather.openvoiceos:hourly_temperature.intent,tell me how chilly it will get.
en,ovos-skill-weather.openvoiceos:hourly_temperature.intent,how warm is it expected to be?
en,ovos-skill-weather.openvoiceos:current_temperature.intent,how freezing is it outside?
en,ovos-skill-weather.openvoiceos:is_wind.intent,will it be windy outside?
en,ovos-skill-weather.openvoiceos:is_wind.intent,is the wind strong today?
en,ovos-skill-weather.openvoiceos:is_wind.intent,will there be wind later?
en,ovos-skill-weather.openvoiceos:is_wind.intent,is it breezy today?
en,ovos-skill-weather.openvoiceos:is_wind.intent,how windy is it?
en,ovos-skill-weather.openvoiceos:is_wind.intent,what’s the wind speed?
en,ovos-skill-weather.openvoiceos:is_wind.intent,tell me the wind conditions.
en,ovos-skill-weather.openvoiceos:is_wind.intent,is it very windy now?
en,ovos-skill-weather.openvoiceos:is_wind.intent,current wind speed?
en,ovos-skill-weather.openvoiceos:is_snow.intent,are we getting snow today?
en,ovos-skill-weather.openvoiceos:is_snow.intent,will it snow this week?
en,ovos-skill-weather.openvoiceos:is_clear.intent,will it be sunny today?
en,ovos-skill-weather.openvoiceos:is_clear.intent,is it going to be clear outside?
en,ovos-skill-weather.openvoiceos:is_clear.intent,are there no clouds today?
en,ovos-skill-weather.openvoiceos:is_clear.intent,is it bright and clear?
en,ovos-skill-weather.openvoiceos:is_clear.intent,is it going to be cloudy outside?
en,ovos-skill-weather.openvoiceos:is_clear.intent,is the sky full of clouds?
en,ovos-skill-weather.openvoiceos:is_fog.intent,will there be fog this morning?
en,ovos-skill-weather.openvoiceos:is_fog.intent,are there foggy conditions now?
en,ovos-skill-weather.openvoiceos:is_fog.intent,is it misty outside?
en,ovos-skill-weather.openvoiceos:is_rain.intent,will it rain this afternoon?
en,ovos-skill-weather.openvoiceos:is_rain.intent,is there rain in the forecast?
en,ovos-skill-weather.openvoiceos:is_rain.intent,will it drizzle today?
en,ovos-skill-weather.openvoiceos:is_rain.intent,is rain expected today?
en,ovos-skill-weather.openvoiceos:is_stormy.intent,will there be a storm?
en,ovos-skill-weather.openvoiceos:is_stormy.intent,are there storms coming?
en,ovos-skill-weather.openvoiceos:is_stormy.intent,is there thunder expected?
en,ovos-skill-weather.openvoiceos:is_stormy.intent,will it be stormy outside?
en,ovos-skill-weather.openvoiceos:current_weather.intent,what's the outside condition right now?
en,ovos-skill-weather.openvoiceos:current_weather.intent,how's it looking outside weather-wise?
en,ovos-skill-weather.openvoiceos:current_weather.intent,would you say the weather is good now?
en,ovos-skill-weather.openvoiceos:daily_forecast.intent,can you give me tomorrow's weather update?
en,ovos-skill-weather.openvoiceos:daily_forecast.intent,what should i expect from the weather on sunday?
en,ovos-skill-weather.openvoiceos:daily_forecast.intent,is it going to rain the day after tomorrow?
en,ovos-skill-weather.openvoiceos:daily_forecast.intent,what's the forecast for two days from now?
en,ovos-skill-weather.openvoiceos:daily_forecast.intent,will it be sunny on wednesday?
en,ovos-skill-weather.openvoiceos:hourly_forecast.intent,could you tell me the weather at 3pm?
en,ovos-skill-weather.openvoiceos:hourly_forecast.intent,what's it going to be like in a couple of hours?
en,ovos-skill-weather.openvoiceos:hourly_forecast.intent,how will the weather change throughout the evening?
en,ovos-skill-weather.openvoiceos:hourly_forecast.intent,is there any rain expected tonight?
en,ovos-skill-weather.openvoiceos:hourly_forecast.intent,will it be cloudy around 10am?
en,ovos-skill-weather.openvoiceos:N_days_forecast.intent,how’s the weather shaping up over the next few days?
en,ovos-skill-weather.openvoiceos:N_days_forecast.intent,can i get a weekly outlook?
en,ovos-skill-weather.openvoiceos:N_days_forecast.intent,give me the 10-day forecast.
en,ovos-skill-weather.openvoiceos:N_days_forecast.intent,what's coming up in the weather for the next week?
en,ovos-skill-weather.openvoiceos:N_days_forecast.intent,any storms expected in the next few days?
en,ovos-skill-weather.openvoiceos:weekend_forecast.intent,should i expect rain this weekend?
en,ovos-skill-weather.openvoiceos:weekend_forecast.intent,is the weekend looking dry?
en,ovos-skill-weather.openvoiceos:weekend_forecast.intent,will sunday be sunny?
en,ovos-skill-weather.openvoiceos:weekend_forecast.intent,do i need to cancel plans this weekend due to weather?
en,ovos-skill-weather.openvoiceos:weekend_forecast.intent,what's saturday's forecast?
en,ovos-skill-weather.openvoiceos:N_days_forecast.intent,is it going to be a wet week?
en,ovos-skill-weather.openvoiceos:N_days_forecast.intent,will it stay dry all week?
en,ovos-skill-weather.openvoiceos:N_days_forecast.intent,give me a heads up for this week's weather.
en,ovos-skill-weather.openvoiceos:N_days_forecast.intent,will the whole week be sunny?
en,ovos-skill-weather.openvoiceos:N_days_forecast.intent,how's the weather for the upcoming week?
en,ovos-skill-weather.openvoiceos:current_temperature.intent,do you know the temperature right now?
en,ovos-skill-weather.openvoiceos:current_temperature.intent,is it warm outside at the moment?
en,ovos-skill-weather.openvoiceos:current_temperature.intent,can you give me the current temp?
en,ovos-skill-weather.openvoiceos:current_temperature.intent,what's the outside temperature currently?
en,ovos-skill-weather.openvoiceos:current_temperature.intent,what's the temperature like outside now?
en,ovos-skill-weather.openvoiceos:hourly_temperature.intent,is it going to be cold tonight?
en,ovos-skill-weather.openvoiceos:hourly_temperature.intent,temperature around midnight?
en,ovos-skill-weather.openvoiceos:hourly_temperature.intent,how warm will it be at 8 am?
en,ovos-skill-weather.openvoiceos:hourly_temperature.intent,what's the expected temperature this evening?
en,ovos-skill-weather.openvoiceos:hourly_temperature.intent,is it dropping tonight?
en,ovos-skill-weather.openvoiceos:high_temperature.intent,what's the hottest it will get today?
en,ovos-skill-weather.openvoiceos:high_temperature.intent,is tomorrow going to be really hot?
en,ovos-skill-weather.openvoiceos:high_temperature.intent,can you tell me the peak temperature?
en,ovos-skill-weather.openvoiceos:high_temperature.intent,what’s the temperature high for sunday?
en,ovos-skill-weather.openvoiceos:high_temperature.intent,how high will the temperature climb today?
en,ovos-skill-weather.openvoiceos:low_temperature.intent,is it going to be chilly tonight?
en,ovos-skill-weather.openvoiceos:low_temperature.intent,how low will the temperature get overnight?
en,ovos-skill-weather.openvoiceos:low_temperature.intent,what’s the coldest time expected today?
en,ovos-skill-weather.openvoiceos:low_temperature.intent,is it freezing tonight?
en,ovos-skill-weather.openvoiceos:low_temperature.intent,minimum temperature for this evening?
en,ovos-skill-weather.openvoiceos:hourly_temperature.intent,should i wear a jacket today?
en,ovos-skill-weather.openvoiceos:current_temperature.intent,do i need a coat right now?
en,ovos-skill-weather.openvoiceos:current_temperature.intent,is the weather too cold for shorts?
en,ovos-skill-weather.openvoiceos:current_temperature.intent,is it too hot to wear a sweater?
en,ovos-skill-weather.openvoiceos:hourly_temperature.intent,will it feel warm all day?
en,ovos-skill-weather.openvoiceos:hourly_temperature.intent,is it going to be mild or extreme today?
en,ovos-skill-weather.openvoiceos:hourly_temperature.intent,give me a sense of the temperature range.
en,ovos-skill-weather.openvoiceos:hourly_temperature.intent,how warm will the afternoon get?
en,ovos-skill-weather.openvoiceos:hourly_temperature.intent,how cold should i expect it to be this morning?
en,ovos-skill-weather.openvoiceos:hourly_temperature.intent,is it going to get chilly later?
en,ovos-skill-weather.openvoiceos:is_wind.intent,will it be blustery today?
en,ovos-skill-weather.openvoiceos:is_wind.intent,how strong is the wind expected to be?
en,ovos-skill-weather.openvoiceos:is_wind.intent,is it going to be calm or windy?
en,ovos-skill-weather.openvoiceos:is_wind.intent,will it feel breezy today?
en,ovos-skill-weather.openvoiceos:is_wind.intent,should i worry about strong gusts?
en,ovos-skill-weather.openvoiceos:is_snow.intent,any snowfall today?
en,ovos-skill-weather.openvoiceos:is_snow.intent,will we get any snow in the next 24 hours?
en,ovos-skill-weather.openvoiceos:is_snow.intent,is there a snow warning?
en,ovos-skill-weather.openvoiceos:is_snow.intent,should i prepare for snow today?
en,ovos-skill-weather.openvoiceos:is_snow.intent,could it snow later?
en,ovos-skill-weather.openvoiceos:is_clear.intent,do we have clear skies now?
en,ovos-skill-weather.openvoiceos:is_clear.intent,is it completely sunny out?
en,ovos-skill-weather.openvoiceos:is_clear.intent,will it be bright all day?
en,ovos-skill-weather.openvoiceos:is_clear.intent,is it a clear-sky day?
en,ovos-skill-weather.openvoiceos:is_clear.intent,are the skies cloud-free?
en,ovos-skill-weather.openvoiceos:is_clear.intent,do we have overcast skies?
en,ovos-skill-weather.openvoiceos:is_clear.intent,how cloudy is it outside?
en,ovos-skill-weather.openvoiceos:is_clear.intent,will clouds be around this afternoon?
en,ovos-skill-weather.openvoiceos:is_clear.intent,are the skies gray today?
en,ovos-skill-weather.openvoiceos:is_clear.intent,is the day looking gloomy?
en,ovos-skill-weather.openvoiceos:is_fog.intent,is there thick fog right now?
en,ovos-skill-weather.openvoiceos:is_fog.intent,will fog cause delays this morning?
en,ovos-skill-weather.openvoiceos:is_fog.intent,are the roads foggy today?
en,ovos-skill-weather.openvoiceos:is_fog.intent,do i need fog lights today?
en,ovos-skill-weather.openvoiceos:is_fog.intent,how bad is the fog expected to be?
en,ovos-skill-weather.openvoiceos:is_rain.intent,any chance of rain soon?
en,ovos-skill-weather.openvoiceos:is_rain.intent,should i grab an umbrella just in case?
en,ovos-skill-weather.openvoiceos:is_rain.intent,what's the rain situation today?
en,ovos-skill-weather.openvoiceos:is_rain.intent,is rain on the way?
en,ovos-skill-weather.openvoiceos:is_rain.intent,how likely is it to rain today?
en,ovos-skill-weather.openvoiceos:is_rain.intent,do i need to dress for rain today?
en,ovos-skill-weather.openvoiceos:is_rain.intent,is it raining or sunny outside right now?
en,ovos-skill-weather.openvoiceos:is_stormy.intent,are thunderstorms predicted?
en,ovos-skill-weather.openvoiceos:is_stormy.intent,is there lightning in the forecast?
en,ovos-skill-weather.openvoiceos:is_stormy.intent,could we get storms today?
en,ovos-skill-weather.openvoiceos:is_stormy.intent,is today a stormy day?
en,ovos-skill-weather.openvoiceos:is_stormy.intent,should i expect severe weather today?
en,ovos-skill-weather.openvoiceos:next_rain.intent,can you tell me the next rainy day?
en,ovos-skill-weather.openvoiceos:next_rain.intent,when should i pack an umbrella next?
en,ovos-skill-weather.openvoiceos:next_rain.intent,is there rain coming up this week?
en,ovos-skill-weather.openvoiceos:next_rain.intent,what’s the next rainy forecast?
en,ovos-skill-weather.openvoiceos:next_rain.intent,when’s it going to rain again?
en,ovos-skill-weather.openvoiceos:humidity.intent,give me today’s humidity reading.
en,ovos-skill-weather.openvoiceos:humidity.intent,how sticky is it outside?
en,ovos-skill-weather.openvoiceos:humidity.intent,do i need to worry about humidity today?
en,ovos-skill-weather.openvoiceos:humidity.intent,is it very humid right now?
en,ovos-skill-weather.openvoiceos:humidity.intent,will the humidity be high today?
en,ovos-skill-weather.openvoiceos:sunrise.intent,what time is sunrise tomorrow?
en,ovos-skill-weather.openvoiceos:sunrise.intent,will the sun rise before 7 am?
en,ovos-skill-weather.openvoiceos:sunrise.intent,when does the day start tomorrow?
en,ovos-skill-weather.openvoiceos:sunrise.intent,is sunrise early today?
en,ovos-skill-weather.openvoiceos:sunrise.intent,what's the morning sun time?
en,ovos-skill-weather.openvoiceos:sunset.intent,when does it get dark today?
en,ovos-skill-weather.openvoiceos:sunset.intent,will sunset be after 6 pm?
en,ovos-skill-weather.openvoiceos:sunset.intent,when's dusk today?
en,ovos-skill-weather.openvoiceos:sunset.intent,what's the sunset hour?
en,ovos-skill-weather.openvoiceos:sunset.intent,how late is sunset today?
en,ovos-skill-weather.openvoiceos:current_weather.intent,can you check the weather in rome for me?
en,ovos-skill-weather.openvoiceos:current_weather.intent,what's the weather like right now in tokyo?
en,ovos-skill-weather.openvoiceos:current_weather.intent,give me the current weather in são paulo.
en,ovos-skill-weather.openvoiceos:current_weather.intent,how’s it looking in vancouver weather-wise?
en,ovos-skill-weather.openvoiceos:is_rain.intent,could you tell me if it's raining in amsterdam?
en,ovos-skill-weather.openvoiceos:daily_forecast.intent,what’s the forecast in madrid for thursday?
en,ovos-skill-weather.openvoiceos:daily_forecast.intent,can i get tomorrow's weather in cape town?
en,ovos-skill-weather.openvoiceos:daily_forecast.intent,how will the weather be in oslo on monday?
en,ovos-skill-weather.openvoiceos:daily_forecast.intent,forecast for wednesday in istanbul?
en,ovos-skill-weather.openvoiceos:daily_forecast.intent,is it going to rain in dublin tomorrow?
en,ovos-skill-weather.openvoiceos:hourly_forecast.intent,what's the weather at 10pm in toronto?
en,ovos-skill-weather.openvoiceos:hourly_forecast.intent,can i get the hourly forecast for chicago this evening?
en,ovos-skill-weather.openvoiceos:hourly_forecast.intent,how’s it looking around 8am in paris?
en,ovos-skill-weather.openvoiceos:hourly_forecast.intent,will it rain at 3pm in prague?
en,ovos-skill-weather.openvoiceos:hourly_forecast.intent,what’s the forecast like at midnight in melbourne?
en,ovos-skill-weather.openvoiceos:N_days_forecast.intent,can you give me a 5-day forecast for berlin?
en,ovos-skill-weather.openvoiceos:N_days_forecast.intent,what’s the weather for the next 3 days in barcelona?
en,ovos-skill-weather.openvoiceos:N_days_forecast.intent,what’s the forecast over the next few days in tokyo?
en,ovos-skill-weather.openvoiceos:weekend_forecast.intent,will it be sunny in florence this weekend?
en,ovos-skill-weather.openvoiceos:weekend_forecast.intent,weekend forecast for johannesburg?
en,ovos-skill-weather.openvoiceos:weekend_forecast.intent,how’s the weather on saturday and sunday in warsaw?
en,ovos-skill-weather.openvoiceos:weekend_forecast.intent,will it rain in athens this weekend?
en,ovos-skill-weather.openvoiceos:weekend_forecast.intent,what’s the weekend outlook for edinburgh?
en,ovos-skill-weather.openvoiceos:N_days_forecast.intent,can i get the weekly weather in sydney?
en,ovos-skill-weather.openvoiceos:N_days_forecast.intent,what’s the weather like this week in lima?
en,ovos-skill-weather.openvoiceos:N_days_forecast.intent,give me the week’s forecast in brussels.
en,ovos-skill-weather.openvoiceos:N_days_forecast.intent,how does the week look in mumbai?
en,ovos-skill-weather.openvoiceos:N_days_forecast.intent,tell me the forecast for this week in vienna.
en,ovos-skill-weather.openvoiceos:N_days_forecast.intent,tell me what to expect this week in buenos aires.
en,ovos-skill-weather.openvoiceos:N_days_forecast.intent,give me the weekly outlook for copenhagen.
en,ovos-skill-weather.openvoiceos:current_weather.intent,what's the weather like in porto?
en,ovos-skill-weather.openvoiceos:current_weather.intent,how's the weather in new york right now?
en,ovos-skill-weather.openvoiceos:current_weather.intent,can you tell me the current weather in tokyo?
en,ovos-skill-weather.openvoiceos:current_weather.intent,is it nice outside in paris today?
en,ovos-skill-weather.openvoiceos:current_weather.intent,what's the weather like outside in madrid?
en,ovos-skill-weather.openvoiceos:daily_forecast.intent,what's the weather going to be like on tuesday in berlin?
en,ovos-skill-weather.openvoiceos:daily_forecast.intent,how's the weather tomorrow in rome?
en,ovos-skill-weather.openvoiceos:daily_forecast.intent,what should i expect from the weather on sunday in amsterdam?
en,ovos-skill-weather.openvoiceos:daily_forecast.intent,will it be sunny on wednesday in barcelona?
en,ovos-skill-weather.openvoiceos:hourly_forecast.intent,what's the forecast for friday 9 pm in london?
en,ovos-skill-weather.openvoiceos:hourly_forecast.intent,tell me the weather at 6 am tomorrow in chicago
en,ovos-skill-weather.openvoiceos:hourly_forecast.intent,how's the weather tonight in dublin?
en,ovos-skill-weather.openvoiceos:hourly_forecast.intent,what’s it like this evening in sydney?
en,ovos-skill-weather.openvoiceos:hourly_forecast.intent,will it rain around noon in toronto?
en,ovos-skill-weather.openvoiceos:N_days_forecast.intent,what is the 3 day forecast for lisbon?
en,ovos-skill-weather.openvoiceos:N_days_forecast.intent,tell me the forecast for the next 5 days in munich
en,ovos-skill-weather.openvoiceos:N_days_forecast.intent,what’s the outlook for the next few days in vienna?
en,ovos-skill-weather.openvoiceos:N_days_forecast.intent,give me the 10-day forecast for copenhagen
en,ovos-skill-weather.openvoiceos:weekend_forecast.intent,what’s the weather this weekend in oslo?
en,ovos-skill-weather.openvoiceos:weekend_forecast.intent,will it rain over the weekend in stockholm?
en,ovos-skill-weather.openvoiceos:weekend_forecast.intent,forecast for saturday and sunday in helsinki?
en,ovos-skill-weather.openvoiceos:weekend_forecast.intent,is the weekend going to be sunny in zurich?
en,ovos-skill-weather.openvoiceos:weekend_forecast.intent,what's the weekend weather like in brussels?
en,ovos-skill-weather.openvoiceos:N_days_forecast.intent,what's the weather like this week in edinburgh?
en,ovos-skill-weather.openvoiceos:N_days_forecast.intent,can i get the weekly forecast for budapest?
en,ovos-skill-weather.openvoiceos:N_days_forecast.intent,how will the weather be over the week in warsaw?
en,ovos-skill-weather.openvoiceos:N_days_forecast.intent,seven day forecast please for athens
en,ovos-skill-weather.openvoiceos:N_days_forecast.intent,give me the weather for the entire week in istanbul
en,ovos-skill-weather.openvoiceos:N_days_forecast.intent,how does the weather look this week in prague?
en,ovos-skill-weather.openvoiceos:current_temperature.intent,what is the temperature in celsius in porto?
en,ovos-skill-weather.openvoiceos:current_temperature.intent,tell me the current temperature in tokyo
en,ovos-skill-weather.openvoiceos:current_temperature.intent,how hot is it outside in paris?
en,ovos-skill-weather.openvoiceos:current_temperature.intent,what's the temp right now in madrid?
en,ovos-skill-weather.openvoiceos:hourly_temperature.intent,what is the temperature tonight in london?
en,ovos-skill-weather.openvoiceos:hourly_temperature.intent,what is the temperature tomorrow morning in chicago?
en,ovos-skill-weather.openvoiceos:hourly_temperature.intent,how cold will it be this evening in dublin?
en,ovos-skill-weather.openvoiceos:hourly_temperature.intent,temperature at 7 am in sydney?
en,ovos-skill-weather.openvoiceos:hourly_temperature.intent,is it going to be warm this afternoon in toronto?
en,ovos-skill-weather.openvoiceos:high_temperature.intent,what is the high temperature tomorrow in lisbon?
en,ovos-skill-weather.openvoiceos:high_temperature.intent,how hot will it get tomorrow in berlin?
en,ovos-skill-weather.openvoiceos:high_temperature.intent,what’s the maximum temperature today in rome?
en,ovos-skill-weather.openvoiceos:high_temperature.intent,tell me the high temp for saturday in amsterdam
en,ovos-skill-weather.openvoiceos:low_temperature.intent,what is the low temperature tomorrow in porto?
en,ovos-skill-weather.openvoiceos:low_temperature.intent,how cold will it get tonight in paris?
en,ovos-skill-weather.openvoiceos:low_temperature.intent,tell me the minimum temperature in madrid
en,ovos-skill-weather.openvoiceos:low_temperature.intent,what's the expected low temperature today in barcelona?
en,ovos-skill-weather.openvoiceos:hourly_temperature.intent,is it going to be hot today in berlin?
en,ovos-skill-weather.openvoiceos:hourly_temperature.intent,will it be cold this evening in rome?
en,ovos-skill-weather.openvoiceos:current_temperature.intent,is it chilly outside in amsterdam?
en,ovos-skill-weather.openvoiceos:hourly_temperature.intent,is today going to be warm in barcelona?
en,ovos-skill-weather.openvoiceos:current_temperature.intent,will i need a coat today in dublin?
en,ovos-skill-weather.openvoiceos:hourly_temperature.intent,how cold will it be today in porto?
en,ovos-skill-weather.openvoiceos:hourly_temperature.intent,how hot will it get tomorrow in lisbon?
en,ovos-skill-weather.openvoiceos:hourly_temperature.intent,tell me how warm it's going to be in paris
en,ovos-skill-weather.openvoiceos:hourly_temperature.intent,how chilly is it going to be in madrid?
en,ovos-skill-weather.openvoiceos:hourly_temperature.intent,what's the temperature range for today in barcelona?
en,ovos-skill-weather.openvoiceos:is_wind.intent,is it windy today in london?
en,ovos-skill-weather.openvoiceos:is_wind.intent,will it be breezy this afternoon in chicago?
en,ovos-skill-weather.openvoiceos:is_wind.intent,should i expect strong winds today in dublin?
en,ovos-skill-weather.openvoiceos:is_wind.intent,is it gusty right now in sydney?
en,ovos-skill-weather.openvoiceos:is_wind.intent,is there wind outside today in toronto?
en,ovos-skill-weather.openvoiceos:is_snow.intent,is it snowing today in oslo?
en,ovos-skill-weather.openvoiceos:is_snow.intent,will it snow tonight in stockholm?
en,ovos-skill-weather.openvoiceos:is_snow.intent,are there snow showers expected in helsinki?
en,ovos-skill-weather.openvoiceos:is_snow.intent,is there snow in the forecast for zurich?
en,ovos-skill-weather.openvoiceos:is_snow.intent,will we see snow this week in brussels?
en,ovos-skill-weather.openvoiceos:is_clear.intent,is the sky clear today in edinburgh?
en,ovos-skill-weather.openvoiceos:is_clear.intent,will it be clear this afternoon in budapest?
en,ovos-skill-weather.openvoiceos:is_clear.intent,is it sunny right now in warsaw?
en,ovos-skill-weather.openvoiceos:is_clear.intent,are there any clouds today in athens?
en,ovos-skill-weather.openvoiceos:is_clear.intent,is it going to be a clear day in istanbul?
en,ovos-skill-weather.openvoiceos:is_clear.intent,is it cloudy today in porto?
en,ovos-skill-weather.openvoiceos:is_clear.intent,are there clouds in the sky in lisbon?
en,ovos-skill-weather.openvoiceos:is_clear.intent,will it be overcast today in paris?
en,ovos-skill-weather.openvoiceos:is_clear.intent,is there cloud cover now in madrid?
en,ovos-skill-weather.openvoiceos:is_clear.intent,what’s the cloud situation today in barcelona?
en,ovos-skill-weather.openvoiceos:is_fog.intent,is it foggy today in london?
en,ovos-skill-weather.openvoiceos:is_fog.intent,will there be fog in the morning in chicago?
en,ovos-skill-weather.openvoiceos:is_fog.intent,is fog expected tonight in dublin?
en,ovos-skill-weather.openvoiceos:is_fog.intent,are we getting fog today in sydney?
en,ovos-skill-weather.openvoiceos:is_fog.intent,will there be low visibility in toronto?
en,ovos-skill-weather.openvoiceos:is_rain.intent,is it raining today in porto?
en,ovos-skill-weather.openvoiceos:is_rain.intent,will it rain soon in lisbon?
en,ovos-skill-weather.openvoiceos:is_rain.intent,do i need an umbrella in paris?
en,ovos-skill-weather.openvoiceos:is_rain.intent,is there a chance of rain in madrid?
en,ovos-skill-weather.openvoiceos:is_rain.intent,will i need an umbrella today in barcelona?
en,ovos-skill-weather.openvoiceos:is_stormy.intent,is it storming today in london?
en,ovos-skill-weather.openvoiceos:is_stormy.intent,are there storms expected in chicago?
en,ovos-skill-weather.openvoiceos:is_stormy.intent,will there be thunder and lightning in dublin?
en,ovos-skill-weather.openvoiceos:is_stormy.intent,is there a storm in the forecast for sydney?
en,ovos-skill-weather.openvoiceos:is_stormy.intent,should i prepare for a storm today in toronto?
en,ovos-skill-weather.openvoiceos:next_rain.intent,when will it rain next in porto?
en,ovos-skill-weather.openvoiceos:next_rain.intent,next time it's going to rain in lisbon?
en,ovos-skill-weather.openvoiceos:next_rain.intent,when should i expect rain in paris?
en,ovos-skill-weather.openvoiceos:next_rain.intent,what’s the next day with rain in madrid?
en,ovos-skill-weather.openvoiceos:next_rain.intent,next rain forecast for barcelona?
en,ovos-skill-weather.openvoiceos:humidity.intent,what's the humidity today in london?
en,ovos-skill-weather.openvoiceos:humidity.intent,humidity update please for chicago.
en,ovos-skill-weather.openvoiceos:humidity.intent,how humid is it in dublin?
en,ovos-skill-weather.openvoiceos:humidity.intent,what's the humidity like today in sydney?
en,ovos-skill-weather.openvoiceos:humidity.intent,tell me the humidity levels in toronto
en,ovos-skill-weather.openvoiceos:sunrise.intent,when is the sunrise in porto?
en,ovos-skill-weather.openvoiceos:sunrise.intent,what time does the sun come up in lisbon?
en,ovos-skill-weather.openvoiceos:sunrise.intent,tell me the sunrise time in paris
en,ovos-skill-weather.openvoiceos:sunrise.intent,when will the sun rise tomorrow in madrid?
en,ovos-skill-weather.openvoiceos:sunrise.intent,when is the sun coming up in barcelona
en,ovos-skill-weather.openvoiceos:sunset.intent,when is the sunset in london?
en,ovos-skill-weather.openvoiceos:sunset.intent,what time does the sun go down in chicago?
en,ovos-skill-weather.openvoiceos:sunset.intent,tell me when sunset is today in dublin
en,ovos-skill-weather.openvoiceos:sunset.intent,when will the sun set tonight in sydney?
en,ovos-skill-weather.openvoiceos:sunset.intent,what’s the evening sunset time in toronto?
en,stop:stop,can you cancel it please
en,stop:stop,can you cancel please
en,stop:stop,can you just cancel it
en,stop:stop,can you just cancel please
en,stop:stop,can you just stop
en,stop:stop,can you just stop it please
en,stop:stop,can you please shut down
en,stop:stop,can you please shut off
en,stop:stop,can you please shut up
en,stop:stop,can you shut down
en,stop:stop,can you shut down please
en,stop:stop,can you shut off
en,stop:stop,can you shut off please
en,stop:stop,can you shut up
en,stop:stop,can you shut up please
en,stop:stop,can you stop it
en,stop:stop,can you stop it please
en,stop:stop,can you stop please
en,stop:stop,cancel please
en,stop:stop,could you just cancel
en,stop:stop,could you just cancel it please
en,stop:stop,could you just cancel please
en,stop:stop,could you just stop it please
en,stop:stop,could you just stop please
en,stop:stop,could you please shut down
en,stop:stop,could you please shut off
en,stop:stop,could you please shut up
en,stop:stop,could you shut down
en,stop:stop,could you shut down please
en,stop:stop,could you shut off
en,stop:stop,could you shut off please
en,stop:stop,could you shut up
en,stop:stop,could you shut up please
en,stop:stop,could you stop
en,stop:stop,could you stop please
en,stop:stop,i like you cancel
en,stop:stop,i like you cancel it
en,stop:stop,i like you just cancel
en,stop:stop,i like you just cancel it
en,stop:stop,i like you just stop
en,stop:stop,i like you stop
en,stop:stop,i like you stop it
en,stop:stop,i want you cancel
en,stop:stop,i want you cancel it
en,stop:stop,i want you just cancel it
en,stop:stop,i want you just stop
en,stop:stop,i want you just stop it
en,stop:stop,i want you stop
en,stop:stop,i will talk to you later
en,stop:stop,i will talk to you later on
en,stop:stop,i would like you cancel
en,stop:stop,i would like you cancel it
en,stop:stop,i would like you just cancel
en,stop:stop,i would like you just cancel it
en,stop:stop,i would like you just stop
en,stop:stop,i would like you just stop it
en,stop:stop,i would like you stop
en,stop:stop,i would talk to you later
en,stop:stop,i would talk to you later on
en,stop:stop,i'd like you cancel it
en,stop:stop,i'd like you just cancel
en,stop:stop,i'd like you just cancel it
en,stop:stop,i'd like you just stop
en,stop:stop,i'd like you just stop it
en,stop:stop,i'd like you stop
en,stop:stop,just cancel
en,stop:stop,just cancel please
en,stop:stop,just stop
en,stop:stop,just stop please
en,stop:stop,please can you cancel
en,stop:stop,please can you cancel it
en,stop:stop,please can you just stop
en,stop:stop,please can you just stop it
en,stop:stop,please can you shut down
en,stop:stop,please can you shut off
en,stop:stop,please can you shut up
en,stop:stop,please can you stop
en,stop:stop,please can you stop it
en,stop:stop,please cancel
en,stop:stop,please could you cancel
en,stop:stop,please could you just cancel
en,stop:stop,please could you shut down
en,stop:stop,please could you shut off
en,stop:stop,please could you shut up
en,stop:stop,please just cancel
en,stop:stop,please just stop
en,stop:stop,please shut down
en,stop:stop,please shut off
en,stop:stop,please shut up
en,stop:stop,please will you cancel
en,stop:stop,please will you just cancel
en,stop:stop,please will you just stop
en,stop:stop,please will you just stop it
en,stop:stop,please will you shut down
en,stop:stop,please will you shut off
en,stop:stop,please will you shut up
en,stop:stop,please will you stop
en,stop:stop,please would you cancel
en,stop:stop,please would you cancel it
en,stop:stop,please would you just cancel it
en,stop:stop,please would you just stop it
en,stop:stop,please would you shut down
en,stop:stop,please would you shut off
en,stop:stop,please would you shut up
en,stop:stop,please would you stop
en,stop:stop,shut down
en,stop:stop,shut down please
en,stop:stop,shut off
en,stop:stop,shut off please
en,stop:stop,shut up please
en,stop:stop,stop please
en,stop:stop,talk to you later
en,stop:stop,talk to you later on
en,stop:stop,that is all
en,stop:stop,that is all cancel
en,stop:stop,that is all cancel it
en,stop:stop,that is all just cancel
en,stop:stop,that is all just cancel it
en,stop:stop,that is all just stop
en,stop:stop,that is all just stop it
en,stop:stop,that is all stop
en,stop:stop,that is all stop it
en,stop:stop,that is enough
en,stop:stop,that is enough cancel
en,stop:stop,that is enough cancel it
en,stop:stop,that is enough just cancel
en,stop:stop,that is enough just cancel it
en,stop:stop,that is enough just stop
en,stop:stop,that is enough just stop it
en,stop:stop,that is enough stop
en,stop:stop,that is enough stop it
en,stop:stop,that will be all
en,stop:stop,that would be all
en,stop:stop,that's all
en,stop:stop,that's all cancel
en,stop:stop,that's all cancel it
en,stop:stop,that's all just cancel
en,stop:stop,that's all just cancel it
en,stop:stop,that's all just stop
en,stop:stop,that's all just stop it
en,stop:stop,that's all stop
en,stop:stop,that's all stop it
en,stop:stop,that's enough cancel
en,stop:stop,that's enough cancel it
en,stop:stop,that's enough just cancel
en,stop:stop,that's enough just cancel it
en,stop:stop,that's enough just stop
en,stop:stop,that's enough just stop it
en,stop:stop,that's enough stop
en,stop:stop,that's enough stop it
en,stop:stop,will you cancel
en,stop:stop,will you cancel it
en,stop:stop,will you cancel it please
en,stop:stop,will you cancel please
en,stop:stop,will you just cancel it
en,stop:stop,will you just cancel please
en,stop:stop,will you just stop it please
en,stop:stop,will you just stop please
en,stop:stop,will you please shut down
en,stop:stop,will you please shut off
en,stop:stop,will you please shut up
en,stop:stop,will you shut down
en,stop:stop,will you shut down please
en,stop:stop,will you shut off
en,stop:stop,will you shut off please
en,stop:stop,will you shut up
en,stop:stop,will you shut up please
en,stop:stop,will you stop
en,stop:stop,will you stop it
en,stop:stop,will you stop please
en,stop:stop,would you cancel it please
en,stop:stop,would you just cancel
en,stop:stop,would you just cancel it please
en,stop:stop,would you just stop
en,stop:stop,would you just stop it
en,stop:stop,would you just stop it please
en,stop:stop,would you just stop please
en,stop:stop,would you please shut down
en,stop:stop,would you please shut off
en,stop:stop,would you please shut up
en,stop:stop,would you shut down
en,stop:stop,would you shut down please
en,stop:stop,would you shut off
en,stop:stop,would you shut off please
en,stop:stop,would you shut up
en,stop:stop,would you shut up please
en,stop:stop,would you stop
en,stop:stop,would you stop it
en,stop:stop,would you stop please
en,ovos-skill-days-in-history.openvoiceos:today_in_history.intent,tell me about happened on {date}
en,ovos-skill-days-in-history.openvoiceos:today_in_history.intent,tell me about happened on {date} in history
en,ovos-skill-days-in-history.openvoiceos:today_in_history.intent,tell me about happened this date
en,ovos-skill-days-in-history.openvoiceos:today_in_history.intent,tell me about happened this date in history
en,ovos-skill-days-in-history.openvoiceos:today_in_history.intent,tell me about happened this day
en,ovos-skill-days-in-history.openvoiceos:today_in_history.intent,tell me about happened this day in history
en,ovos-skill-days-in-history.openvoiceos:today_in_history.intent,tell me about happened today
en,ovos-skill-days-in-history.openvoiceos:today_in_history.intent,tell me about happened today in history
en,ovos-skill-days-in-history.openvoiceos:today_in_history.intent,tell me about historical events happened on {date}
en,ovos-skill-days-in-history.openvoiceos:today_in_history.intent,tell me about historical events happened on {date} in history
en,ovos-skill-days-in-history.openvoiceos:today_in_history.intent,tell me about historical events happened this date
en,ovos-skill-days-in-history.openvoiceos:today_in_history.intent,tell me about historical events happened this date in history
en,ovos-skill-days-in-history.openvoiceos:today_in_history.intent,tell me about historical events happened this day
en,ovos-skill-days-in-history.openvoiceos:today_in_history.intent,tell me about historical events happened this day in history
en,ovos-skill-days-in-history.openvoiceos:today_in_history.intent,tell me about historical events happened today
en,ovos-skill-days-in-history.openvoiceos:today_in_history.intent,tell me about historical events happened today in history
en,ovos-skill-days-in-history.openvoiceos:today_in_history.intent,this date in history
en,ovos-skill-days-in-history.openvoiceos:today_in_history.intent,this day in history
en,ovos-skill-days-in-history.openvoiceos:today_in_history.intent,today in history
en,ovos-skill-days-in-history.openvoiceos:today_in_history.intent,what happened on {date}
en,ovos-skill-days-in-history.openvoiceos:today_in_history.intent,what happened on {date} in history
en,ovos-skill-days-in-history.openvoiceos:today_in_history.intent,what happened this date
en,ovos-skill-days-in-history.openvoiceos:today_in_history.intent,what happened this date in history
en,ovos-skill-days-in-history.openvoiceos:today_in_history.intent,what happened this day
en,ovos-skill-days-in-history.openvoiceos:today_in_history.intent,what happened this day in history
en,ovos-skill-days-in-history.openvoiceos:today_in_history.intent,what happened today
en,ovos-skill-days-in-history.openvoiceos:today_in_history.intent,what historical events happened on {date}
en,ovos-skill-days-in-history.openvoiceos:today_in_history.intent,what historical events happened on {date} in history
en,ovos-skill-days-in-history.openvoiceos:today_in_history.intent,what historical events happened this date
en,ovos-skill-days-in-history.openvoiceos:today_in_history.intent,what historical events happened this date in history
en,ovos-skill-days-in-history.openvoiceos:today_in_history.intent,what historical events happened this day
en,ovos-skill-days-in-history.openvoiceos:today_in_history.intent,what historical events happened this day in history
en,ovos-skill-days-in-history.openvoiceos:today_in_history.intent,what historical events happened today
en,ovos-skill-days-in-history.openvoiceos:today_in_history.intent,what historical events happened today in history
en,common_query:common_query,what is {query} field of expertise
en,common_query:common_query,how many children did {query} have
en,common_query:common_query,how many children does {query} have
en,common_query:common_query,what is {query} thesis subject
en,common_query:common_query,what is {query} birth date
en,common_query:common_query,what is {query} birthday
en,common_query:common_query,when was born {query}
en,common_query:common_query,when was {query} born
en,common_query:common_query,when is {query} birth
en,common_query:common_query,when is {query} birthday
en,common_query:common_query,when is {query} day of birth
en,common_query:common_query,{query} date of birth
en,common_query:common_query,{query} day of birth
en,common_query:common_query,who is {query}
en,ovos-skill-ddg.openvoiceos:search_duck.intent,ask the duck duck about {query}
en,ovos-skill-ddg.openvoiceos:search_duck.intent,ask the duck duck go about {query}
en,ovos-skill-ddg.openvoiceos:search_duck.intent,search duck duck for {query}
en,ovos-skill-ddg.openvoiceos:search_duck.intent,search duck duck go for {query}
en,ovos-skill-ddg.openvoiceos:search_duck.intent,search the duck for {query}
en,ovos-skill-ddg.openvoiceos:search_duck.intent,what does duck duck go say about {query}
en,ovos-skill-ddg.openvoiceos:search_duck.intent,what does duck duck say about {query}
en,ovos-skill-ddg.openvoiceos:search_duck.intent,what does the duck say about {query}
en,common_query:common_query,where did {query} get her education
en,common_query:common_query,where did {query} get his education
en,common_query:common_query,where did {query} study
en,common_query:common_query,when did {query} die
en,common_query:common_query,when was {query} death
en,common_query:common_query,{query} date of death
en,common_query:common_query,{query} day of death
en,common_query:common_query,where is {query} resting buried
en,common_query:common_query,where is {query} resting place
en,common_query:common_query,what is {query} alma mater
en,common_query:common_query,how old was {query} on his death
en,common_query:common_query,how old was {query} on the day he died
en,common_query:common_query,how old was {query} on the day she died
en,common_query:common_query,how old was {query} when he died
en,common_query:common_query,how old was {query} when she died
en,common_query:common_query,what is {query} official website
en,common_query:common_query,what is {query} famous for
en,common_query:common_query,what is {query} known for
en,ovos-skill-fuster-quotes.openvoiceos:fuster_quotes.intent,any fusterian thoughts
en,ovos-skill-fuster-quotes.openvoiceos:fuster_quotes.intent,do you have a quote from joan fuster
en,ovos-skill-fuster-quotes.openvoiceos:fuster_quotes.intent,do you have any fuster aphorisms
en,ovos-skill-fuster-quotes.openvoiceos:fuster_quotes.intent,do you have any fusterian ideas
en,ovos-skill-fuster-quotes.openvoiceos:fuster_quotes.intent,fuster's quote of the day
en,ovos-skill-fuster-quotes.openvoiceos:fuster_quotes.intent,give me a fusterian thought
en,ovos-skill-fuster-quotes.openvoiceos:fuster_quotes.intent,give me a quote from fuster
en,ovos-skill-fuster-quotes.openvoiceos:fuster_quotes.intent,i need a fusterian idea
en,ovos-skill-fuster-quotes.openvoiceos:fuster_quotes.intent,i want to hear a fuster aphorism
en,ovos-skill-fuster-quotes.openvoiceos:fuster_quotes.intent,tell me a fuster aphorism
en,ovos-skill-fuster-quotes.openvoiceos:fuster_quotes.intent,tell me a quote from joan fuster
en,ovos-skill-fuster-quotes.openvoiceos:fuster_quotes.intent,tell me something fusterian
en,ovos-skill-fuster-quotes.openvoiceos:fuster_quotes.intent,the fuster quote of the day
en,ovos-skill-fuster-quotes.openvoiceos:fuster_quotes.intent,what do fusterians think
en,ovos-skill-fuster-quotes.openvoiceos:fuster_quotes.intent,what does fuster say
en,ovos-skill-fuster-quotes.openvoiceos:fuster_quotes.intent,what does joan fuster say
en,ovos-skill-fuster-quotes.openvoiceos:fuster_quotes.intent,what would fuster say
en,ovos-skill-fuster-quotes.openvoiceos:fuster_quotes.intent,what would joan fuster say here
en,ovos-skill-wikihow.openvoiceos:wikihow.intent,explain step by step {query}
en,ovos-skill-wikihow.openvoiceos:wikihow.intent,step by step {query}
en,ovos-skill-wikihow.openvoiceos:wikihow.intent,how can i {query}
en,ovos-skill-wikihow.openvoiceos:wikihow.intent,how do i {query}
en,ovos-skill-wikihow.openvoiceos:wikihow.intent,how to {query}
en,ovos-skill-wikihow.openvoiceos:wikihow.intent,steps for {query}
en,ovos-skill-wikihow.openvoiceos:wikihow.intent,search wiki how {query}
en,ovos-skill-wikihow.openvoiceos:wikihow.intent,search wiki how for {query}
en,ovos-skill-wikihow.openvoiceos:wikihow.intent,search wikihow {query}
en,ovos-skill-wikihow.openvoiceos:wikihow.intent,search wikihow for {query}
en,ovos-skill-wikihow.openvoiceos:wikihow.intent,what does wiki how say about {query}
en,ovos-skill-wikihow.openvoiceos:wikihow.intent,what does wiki how think about {query}
en,ovos-skill-wikihow.openvoiceos:wikihow.intent,what does wikihow say about {query}
en,ovos-skill-wikihow.openvoiceos:wikihow.intent,what does wikihow think about {query}
en,ovos-skill-wikipedia.openvoiceos:wiki.intent,can you find {query} on wiki
en,ovos-skill-wikipedia.openvoiceos:wiki.intent,can you find {query} on wikipedia
en,ovos-skill-wikipedia.openvoiceos:wiki.intent,check wiki for {query}
en,ovos-skill-wikipedia.openvoiceos:wiki.intent,check wikipedia for {query}
en,ovos-skill-wikipedia.openvoiceos:wiki.intent,find details about {query} on wiki
en,ovos-skill-wikipedia.openvoiceos:wiki.intent,find details about {query} on wikipedia
en,ovos-skill-wikipedia.openvoiceos:wiki.intent,give me information on {query} from wiki
en,ovos-skill-wikipedia.openvoiceos:wiki.intent,give me information on {query} from wikipedia
en,ovos-skill-wikipedia.openvoiceos:wiki.intent,look up {query} on wiki
en,ovos-skill-wikipedia.openvoiceos:wiki.intent,look up {query} on wikipedia
en,ovos-skill-wikipedia.openvoiceos:wiki.intent,search wiki for details about {query}
en,ovos-skill-wikipedia.openvoiceos:wiki.intent,search wiki for {query}
en,ovos-skill-wikipedia.openvoiceos:wiki.intent,search wikipedia for details about {query}
en,ovos-skill-wikipedia.openvoiceos:wiki.intent,search wikipedia for {query}
en,ovos-skill-wikipedia.openvoiceos:wiki.intent,tell me about {query} on wiki
en,ovos-skill-wikipedia.openvoiceos:wiki.intent,tell me about {query} on wikipedia
en,ovos-skill-wikipedia.openvoiceos:wiki.intent,what does the wiki say regarding {query}
en,ovos-skill-wikipedia.openvoiceos:wiki.intent,what does the wikipedia say regarding {query}
en,ovos-skill-wikipedia.openvoiceos:wiki.intent,what does wiki say about {query}
en,ovos-skill-wikipedia.openvoiceos:wiki.intent,what does wikipedia say about {query}
en,ovos-skill-wikipedia.openvoiceos:wiki.intent,what is known about {query} on wiki
en,ovos-skill-wikipedia.openvoiceos:wiki.intent,what is known about {query} on wikipedia
en,ovos-skill-wikipedia.openvoiceos:wiki.intent,what is the wiki entry for {query}
en,ovos-skill-wikipedia.openvoiceos:wiki.intent,what is the wikipedia entry for {query}
en,ovos-skill-wikipedia.openvoiceos:wiki.intent,what's on wiki about {query}
en,ovos-skill-wikipedia.openvoiceos:wiki.intent,what's on wikipedia about {query}
en,ovos-skill-wikipedia.openvoiceos:wiki.intent,wiki {query}
en,ovos-skill-wikipedia.openvoiceos:wiki.intent,wikipedia {query}
en,ovos-skill-wikipedia.openvoiceos:wikiroulette.intent,display random wiki
en,ovos-skill-wikipedia.openvoiceos:wikiroulette.intent,display random wikipedia
en,ovos-skill-wikipedia.openvoiceos:wikiroulette.intent,open random wiki
en,ovos-skill-wikipedia.openvoiceos:wikiroulette.intent,open random wikipedia
en,ovos-skill-wikipedia.openvoiceos:wikiroulette.intent,play the wiki roulette
en,ovos-skill-wikipedia.openvoiceos:wikiroulette.intent,play the wikipedia roulette
en,ovos-skill-wikipedia.openvoiceos:wikiroulette.intent,play wiki roulette
en,ovos-skill-wikipedia.openvoiceos:wikiroulette.intent,play wikipedia roulette
en,ovos-skill-wikipedia.openvoiceos:wikiroulette.intent,random wiki
en,ovos-skill-wikipedia.openvoiceos:wikiroulette.intent,random wiki page
en,ovos-skill-wikipedia.openvoiceos:wikiroulette.intent,random wikipedia
en,ovos-skill-wikipedia.openvoiceos:wikiroulette.intent,random wikipedia page
en,ovos-skill-wikipedia.openvoiceos:wikiroulette.intent,show random wiki
en,ovos-skill-wikipedia.openvoiceos:wikiroulette.intent,show random wikipedia
en,ovos-skill-wikipedia.openvoiceos:wikiroulette.intent,wiki roulette
en,ovos-skill-wikipedia.openvoiceos:wikiroulette.intent,wikipedia roulette
en,ovos-skill-wordnet.openvoiceos:antonym.intent,what are the antonyms of {query}
en,ovos-skill-wordnet.openvoiceos:antonym.intent,what is a antonym of {query}
en,ovos-skill-wordnet.openvoiceos:antonym.intent,what is the antonym of {query}
en,ovos-skill-wordnet.openvoiceos:hypernym.intent,what are the hypernyms of {query}
en,ovos-skill-wordnet.openvoiceos:hypernym.intent,what is a hypernym of {query}
en,ovos-skill-wordnet.openvoiceos:hypernym.intent,what is the hypernym of {query}
en,ovos-skill-wordnet.openvoiceos:hyponym.intent,what are the hyponyms of {query}
en,ovos-skill-wordnet.openvoiceos:hyponym.intent,what is a hyponym of {query}
en,ovos-skill-wordnet.openvoiceos:hyponym.intent,what is the hyponym of {query}
en,ovos-skill-wordnet.openvoiceos:lemma.intent,what are the lemmas of {query}
en,ovos-skill-wordnet.openvoiceos:lemma.intent,what is a lemma of {query}
en,ovos-skill-wordnet.openvoiceos:lemma.intent,what is the lemma of {query}
pt,ovos-skill-days-in-history.openvoiceos:today_in_history.intent,conta-me eventos históricos em esta data
pt,ovos-skill-days-in-history.openvoiceos:today_in_history.intent,conta-me eventos históricos em esta data da história
pt,ovos-skill-days-in-history.openvoiceos:today_in_history.intent,conta-me eventos históricos em esta data na história
pt,ovos-skill-days-in-history.openvoiceos:today_in_history.intent,conta-me eventos históricos em {date}
pt,ovos-skill-days-in-history.openvoiceos:today_in_history.intent,conta-me eventos históricos em {date} da história
pt,ovos-skill-days-in-history.openvoiceos:today_in_history.intent,conta-me eventos históricos em {date} na história
pt,ovos-skill-days-in-history.openvoiceos:today_in_history.intent,conta-me eventos históricos esta data
pt,ovos-skill-days-in-history.openvoiceos:today_in_history.intent,conta-me eventos históricos esta data da história
pt,ovos-skill-days-in-history.openvoiceos:today_in_history.intent,conta-me eventos históricos esta data na história
pt,ovos-skill-days-in-history.openvoiceos:today_in_history.intent,conta-me eventos históricos hoje
pt,ovos-skill-days-in-history.openvoiceos:today_in_history.intent,conta-me eventos históricos hoje da história
pt,ovos-skill-days-in-history.openvoiceos:today_in_history.intent,conta-me eventos históricos hoje na história
pt,ovos-skill-days-in-history.openvoiceos:today_in_history.intent,conta-me eventos históricos nesta data
pt,ovos-skill-days-in-history.openvoiceos:today_in_history.intent,conta-me eventos históricos nesta data da história
pt,ovos-skill-days-in-history.openvoiceos:today_in_history.intent,conta-me eventos históricos nesta data na história
pt,ovos-skill-days-in-history.openvoiceos:today_in_history.intent,conta-me o que aconteceu em esta data
pt,ovos-skill-days-in-history.openvoiceos:today_in_history.intent,conta-me o que aconteceu em esta data da história
pt,ovos-skill-days-in-history.openvoiceos:today_in_history.intent,conta-me o que aconteceu em esta data na história
pt,ovos-skill-days-in-history.openvoiceos:today_in_history.intent,conta-me o que aconteceu em {date}
pt,ovos-skill-days-in-history.openvoiceos:today_in_history.intent,conta-me o que aconteceu em {date} da história
pt,ovos-skill-days-in-history.openvoiceos:today_in_history.intent,conta-me o que aconteceu em {date} na história
pt,ovos-skill-days-in-history.openvoiceos:today_in_history.intent,conta-me o que aconteceu esta data
pt,ovos-skill-days-in-history.openvoiceos:today_in_history.intent,conta-me o que aconteceu esta data da história
pt,ovos-skill-days-in-history.openvoiceos:today_in_history.intent,conta-me o que aconteceu esta data na história
pt,ovos-skill-days-in-history.openvoiceos:today_in_history.intent,conta-me o que aconteceu hoje
pt,ovos-skill-days-in-history.openvoiceos:today_in_history.intent,conta-me o que aconteceu hoje da história
pt,ovos-skill-days-in-history.openvoiceos:today_in_history.intent,conta-me o que aconteceu hoje na história
pt,ovos-skill-days-in-history.openvoiceos:today_in_history.intent,conta-me o que aconteceu nesta data
pt,ovos-skill-days-in-history.openvoiceos:today_in_history.intent,conta-me o que aconteceu nesta data da história
pt,ovos-skill-days-in-history.openvoiceos:today_in_history.intent,conta-me o que aconteceu nesta data na história
pt,ovos-skill-days-in-history.openvoiceos:today_in_history.intent,conta-me sobre eventos históricos em esta data
pt,ovos-skill-days-in-history.openvoiceos:today_in_history.intent,conta-me sobre eventos históricos em esta data da história
pt,ovos-skill-days-in-history.openvoiceos:today_in_history.intent,conta-me sobre eventos históricos em esta data na história
pt,ovos-skill-days-in-history.openvoiceos:today_in_history.intent,conta-me sobre eventos históricos em {date}
pt,ovos-skill-days-in-history.openvoiceos:today_in_history.intent,conta-me sobre eventos históricos em {date} da história
pt,ovos-skill-days-in-history.openvoiceos:today_in_history.intent,conta-me sobre eventos históricos em {date} na história
pt,ovos-skill-days-in-history.openvoiceos:today_in_history.intent,conta-me sobre eventos históricos esta data
pt,ovos-skill-days-in-history.openvoiceos:today_in_history.intent,conta-me sobre eventos históricos esta data da história
pt,ovos-skill-days-in-history.openvoiceos:today_in_history.intent,conta-me sobre eventos históricos esta data na história
pt,ovos-skill-days-in-history.openvoiceos:today_in_history.intent,conta-me sobre eventos históricos hoje
pt,ovos-skill-days-in-history.openvoiceos:today_in_history.intent,conta-me sobre eventos históricos hoje da história
pt,ovos-skill-days-in-history.openvoiceos:today_in_history.intent,conta-me sobre eventos históricos hoje na história
pt,ovos-skill-days-in-history.openvoiceos:today_in_history.intent,conta-me sobre eventos históricos nesta data
pt,ovos-skill-days-in-history.openvoiceos:today_in_history.intent,conta-me sobre eventos históricos nesta data da história
pt,ovos-skill-days-in-history.openvoiceos:today_in_history.intent,conta-me sobre eventos históricos nesta data na história
pt,ovos-skill-days-in-history.openvoiceos:today_in_history.intent,conta-me sobre o que aconteceu em esta data
pt,ovos-skill-days-in-history.openvoiceos:today_in_history.intent,conta-me sobre o que aconteceu em esta data da história
pt,ovos-skill-days-in-history.openvoiceos:today_in_history.intent,conta-me sobre o que aconteceu em esta data na história
pt,ovos-skill-days-in-history.openvoiceos:today_in_history.intent,conta-me sobre o que aconteceu em {date}
pt,ovos-skill-days-in-history.openvoiceos:today_in_history.intent,conta-me sobre o que aconteceu em {date} da história
pt,ovos-skill-days-in-history.openvoiceos:today_in_history.intent,conta-me sobre o que aconteceu em {date} na história
pt,ovos-skill-days-in-history.openvoiceos:today_in_history.intent,conta-me sobre o que aconteceu esta data
pt,ovos-skill-days-in-history.openvoiceos:today_in_history.intent,conta-me sobre o que aconteceu esta data da história
pt,ovos-skill-days-in-history.openvoiceos:today_in_history.intent,conta-me sobre o que aconteceu esta data na história
pt,ovos-skill-days-in-history.openvoiceos:today_in_history.intent,conta-me sobre o que aconteceu hoje
pt,ovos-skill-days-in-history.openvoiceos:today_in_history.intent,conta-me sobre o que aconteceu hoje da história
pt,ovos-skill-days-in-history.openvoiceos:today_in_history.intent,conta-me sobre o que aconteceu hoje na história
pt,ovos-skill-days-in-history.openvoiceos:today_in_history.intent,conta-me sobre o que aconteceu nesta data
pt,ovos-skill-days-in-history.openvoiceos:today_in_history.intent,conta-me sobre o que aconteceu nesta data da história
pt,ovos-skill-days-in-history.openvoiceos:today_in_history.intent,conta-me sobre o que aconteceu nesta data na história
pt,ovos-skill-days-in-history.openvoiceos:today_in_history.intent,conte-me eventos históricos em esta data
pt,ovos-skill-days-in-history.openvoiceos:today_in_history.intent,conte-me eventos históricos em esta data da história
pt,ovos-skill-days-in-history.openvoiceos:today_in_history.intent,conte-me eventos históricos em esta data na história
pt,ovos-skill-days-in-history.openvoiceos:today_in_history.intent,conte-me eventos históricos em {date}
pt,ovos-skill-days-in-history.openvoiceos:today_in_history.intent,conte-me eventos históricos em {date} da história
pt,ovos-skill-days-in-history.openvoiceos:today_in_history.intent,conte-me eventos históricos em {date} na história
pt,ovos-skill-days-in-history.openvoiceos:today_in_history.intent,conte-me eventos históricos esta data
pt,ovos-skill-days-in-history.openvoiceos:today_in_history.intent,conte-me eventos históricos esta data da história
pt,ovos-skill-days-in-history.openvoiceos:today_in_history.intent,conte-me eventos históricos esta data na história
pt,ovos-skill-days-in-history.openvoiceos:today_in_history.intent,conte-me eventos históricos hoje
pt,ovos-skill-days-in-history.openvoiceos:today_in_history.intent,conte-me eventos históricos hoje da história
pt,ovos-skill-days-in-history.openvoiceos:today_in_history.intent,conte-me eventos históricos hoje na história
pt,ovos-skill-days-in-history.openvoiceos:today_in_history.intent,conte-me eventos históricos nesta data
pt,ovos-skill-days-in-history.openvoiceos:today_in_history.intent,conte-me eventos históricos nesta data da história
pt,ovos-skill-days-in-history.openvoiceos:today_in_history.intent,conte-me eventos históricos nesta data na história
pt,ovos-skill-days-in-history.openvoiceos:today_in_history.intent,conte-me o que aconteceu em esta data
pt,ovos-skill-days-in-history.openvoiceos:today_in_history.intent,conte-me o que aconteceu em esta data da história
pt,ovos-skill-days-in-history.openvoiceos:today_in_history.intent,conte-me o que aconteceu em esta data na história
pt,ovos-skill-days-in-history.openvoiceos:today_in_history.intent,conte-me o que aconteceu em {date}
pt,ovos-skill-days-in-history.openvoiceos:today_in_history.intent,conte-me o que aconteceu em {date} da história
pt,ovos-skill-days-in-history.openvoiceos:today_in_history.intent,conte-me o que aconteceu em {date} na história
pt,ovos-skill-days-in-history.openvoiceos:today_in_history.intent,conte-me o que aconteceu esta data
pt,ovos-skill-days-in-history.openvoiceos:today_in_history.intent,conte-me o que aconteceu esta data da história
pt,ovos-skill-days-in-history.openvoiceos:today_in_history.intent,conte-me o que aconteceu esta data na história
pt,ovos-skill-days-in-history.openvoiceos:today_in_history.intent,conte-me o que aconteceu hoje
pt,ovos-skill-days-in-history.openvoiceos:today_in_history.intent,conte-me o que aconteceu hoje da história
pt,ovos-skill-days-in-history.openvoiceos:today_in_history.intent,conte-me o que aconteceu hoje na história
pt,ovos-skill-days-in-history.openvoiceos:today_in_history.intent,conte-me o que aconteceu nesta data
pt,ovos-skill-days-in-history.openvoiceos:today_in_history.intent,conte-me o que aconteceu nesta data da história
pt,ovos-skill-days-in-history.openvoiceos:today_in_history.intent,conte-me o que aconteceu nesta data na história
pt,ovos-skill-days-in-history.openvoiceos:today_in_history.intent,conte-me sobre eventos históricos em esta data
pt,ovos-skill-days-in-history.openvoiceos:today_in_history.intent,conte-me sobre eventos históricos em esta data da história
pt,ovos-skill-days-in-history.openvoiceos:today_in_history.intent,conte-me sobre eventos históricos em esta data na história
pt,ovos-skill-days-in-history.openvoiceos:today_in_history.intent,conte-me sobre eventos históricos em {date}
pt,ovos-skill-days-in-history.openvoiceos:today_in_history.intent,conte-me sobre eventos históricos em {date} da história
pt,ovos-skill-days-in-history.openvoiceos:today_in_history.intent,conte-me sobre eventos históricos em {date} na história
pt,ovos-skill-days-in-history.openvoiceos:today_in_history.intent,conte-me sobre eventos históricos esta data
pt,ovos-skill-days-in-history.openvoiceos:today_in_history.intent,conte-me sobre eventos históricos esta data da história
pt,ovos-skill-days-in-history.openvoiceos:today_in_history.intent,conte-me sobre eventos históricos esta data na história
pt,ovos-skill-days-in-history.openvoiceos:today_in_history.intent,conte-me sobre eventos históricos hoje
pt,ovos-skill-days-in-history.openvoiceos:today_in_history.intent,conte-me sobre eventos históricos hoje da história
pt,ovos-skill-days-in-history.openvoiceos:today_in_history.intent,conte-me sobre eventos históricos hoje na história
pt,ovos-skill-days-in-history.openvoiceos:today_in_history.intent,conte-me sobre eventos históricos nesta data
pt,ovos-skill-days-in-history.openvoiceos:today_in_history.intent,conte-me sobre eventos históricos nesta data da história
pt,ovos-skill-days-in-history.openvoiceos:today_in_history.intent,conte-me sobre eventos históricos nesta data na história
pt,ovos-skill-days-in-history.openvoiceos:today_in_history.intent,conte-me sobre o que aconteceu em esta data
pt,ovos-skill-days-in-history.openvoiceos:today_in_history.intent,conte-me sobre o que aconteceu em esta data da história
pt,ovos-skill-days-in-history.openvoiceos:today_in_history.intent,conte-me sobre o que aconteceu em esta data na história
pt,ovos-skill-days-in-history.openvoiceos:today_in_history.intent,conte-me sobre o que aconteceu em {date}
pt,ovos-skill-days-in-history.openvoiceos:today_in_history.intent,conte-me sobre o que aconteceu em {date} da história
pt,ovos-skill-days-in-history.openvoiceos:today_in_history.intent,conte-me sobre o que aconteceu em {date} na história
pt,ovos-skill-days-in-history.openvoiceos:today_in_history.intent,conte-me sobre o que aconteceu esta data
pt,ovos-skill-days-in-history.openvoiceos:today_in_history.intent,conte-me sobre o que aconteceu esta data da história
pt,ovos-skill-days-in-history.openvoiceos:today_in_history.intent,conte-me sobre o que aconteceu esta data na história
pt,ovos-skill-days-in-history.openvoiceos:today_in_history.intent,conte-me sobre o que aconteceu hoje
pt,ovos-skill-days-in-history.openvoiceos:today_in_history.intent,conte-me sobre o que aconteceu hoje da história
pt,ovos-skill-days-in-history.openvoiceos:today_in_history.intent,conte-me sobre o que aconteceu hoje na história
pt,ovos-skill-days-in-history.openvoiceos:today_in_history.intent,conte-me sobre o que aconteceu nesta data
pt,ovos-skill-days-in-history.openvoiceos:today_in_history.intent,conte-me sobre o que aconteceu nesta data da história
pt,ovos-skill-days-in-history.openvoiceos:today_in_history.intent,conte-me sobre o que aconteceu nesta data na história
pt,ovos-skill-days-in-history.openvoiceos:today_in_history.intent,diz-me eventos históricos em esta data
pt,ovos-skill-days-in-history.openvoiceos:today_in_history.intent,diz-me eventos históricos em esta data da história
pt,ovos-skill-days-in-history.openvoiceos:today_in_history.intent,diz-me eventos históricos em esta data na história
pt,ovos-skill-days-in-history.openvoiceos:today_in_history.intent,diz-me eventos históricos em {date}
pt,ovos-skill-days-in-history.openvoiceos:today_in_history.intent,diz-me eventos históricos em {date} da história
pt,ovos-skill-days-in-history.openvoiceos:today_in_history.intent,diz-me eventos históricos em {date} na história
pt,ovos-skill-days-in-history.openvoiceos:today_in_history.intent,diz-me eventos históricos esta data
pt,ovos-skill-days-in-history.openvoiceos:today_in_history.intent,diz-me eventos históricos esta data da história
pt,ovos-skill-days-in-history.openvoiceos:today_in_history.intent,diz-me eventos históricos esta data na história
pt,ovos-skill-days-in-history.openvoiceos:today_in_history.intent,diz-me eventos históricos hoje
pt,ovos-skill-days-in-history.openvoiceos:today_in_history.intent,diz-me eventos históricos hoje da história
pt,ovos-skill-days-in-history.openvoiceos:today_in_history.intent,diz-me eventos históricos hoje na história
pt,ovos-skill-days-in-history.openvoiceos:today_in_history.intent,diz-me eventos históricos nesta data
pt,ovos-skill-days-in-history.openvoiceos:today_in_history.intent,diz-me eventos históricos nesta data da história
pt,ovos-skill-days-in-history.openvoiceos:today_in_history.intent,diz-me eventos históricos nesta data na história
pt,ovos-skill-days-in-history.openvoiceos:today_in_history.intent,diz-me o que aconteceu em esta data
pt,ovos-skill-days-in-history.openvoiceos:today_in_history.intent,diz-me o que aconteceu em esta data da história
pt,ovos-skill-days-in-history.openvoiceos:today_in_history.intent,diz-me o que aconteceu em esta data na história
pt,ovos-skill-days-in-history.openvoiceos:today_in_history.intent,diz-me o que aconteceu em {date}
pt,ovos-skill-days-in-history.openvoiceos:today_in_history.intent,diz-me o que aconteceu em {date} da história
pt,ovos-skill-days-in-history.openvoiceos:today_in_history.intent,diz-me o que aconteceu em {date} na história
pt,ovos-skill-days-in-history.openvoiceos:today_in_history.intent,diz-me o que aconteceu esta data
pt,ovos-skill-days-in-history.openvoiceos:today_in_history.intent,diz-me o que aconteceu esta data da história
pt,ovos-skill-days-in-history.openvoiceos:today_in_history.intent,diz-me o que aconteceu esta data na história
pt,ovos-skill-days-in-history.openvoiceos:today_in_history.intent,diz-me o que aconteceu hoje
pt,ovos-skill-days-in-history.openvoiceos:today_in_history.intent,diz-me o que aconteceu hoje da história
pt,ovos-skill-days-in-history.openvoiceos:today_in_history.intent,diz-me o que aconteceu hoje na história
pt,ovos-skill-days-in-history.openvoiceos:today_in_history.intent,diz-me o que aconteceu nesta data
pt,ovos-skill-days-in-history.openvoiceos:today_in_history.intent,diz-me o que aconteceu nesta data da história
pt,ovos-skill-days-in-history.openvoiceos:today_in_history.intent,diz-me o que aconteceu nesta data na história
pt,ovos-skill-days-in-history.openvoiceos:today_in_history.intent,diz-me sobre eventos históricos em esta data
pt,ovos-skill-days-in-history.openvoiceos:today_in_history.intent,diz-me sobre eventos históricos em esta data da história
pt,ovos-skill-days-in-history.openvoiceos:today_in_history.intent,diz-me sobre eventos históricos em esta data na história
pt,ovos-skill-days-in-history.openvoiceos:today_in_history.intent,diz-me sobre eventos históricos em {date}
pt,ovos-skill-days-in-history.openvoiceos:today_in_history.intent,diz-me sobre eventos históricos em {date} da história
pt,ovos-skill-days-in-history.openvoiceos:today_in_history.intent,diz-me sobre eventos históricos em {date} na história
pt,ovos-skill-days-in-history.openvoiceos:today_in_history.intent,diz-me sobre eventos históricos esta data
pt,ovos-skill-days-in-history.openvoiceos:today_in_history.intent,diz-me sobre eventos históricos esta data da história
pt,ovos-skill-days-in-history.openvoiceos:today_in_history.intent,diz-me sobre eventos históricos esta data na história
pt,ovos-skill-days-in-history.openvoiceos:today_in_history.intent,diz-me sobre eventos históricos hoje
pt,ovos-skill-days-in-history.openvoiceos:today_in_history.intent,diz-me sobre eventos históricos hoje da história
pt,ovos-skill-days-in-history.openvoiceos:today_in_history.intent,diz-me sobre eventos históricos hoje na história
pt,ovos-skill-days-in-history.openvoiceos:today_in_history.intent,diz-me sobre eventos históricos nesta data
pt,ovos-skill-days-in-history.openvoiceos:today_in_history.intent,diz-me sobre eventos históricos nesta data da história
pt,ovos-skill-days-in-history.openvoiceos:today_in_history.intent,diz-me sobre eventos históricos nesta data na história
pt,ovos-skill-days-in-history.openvoiceos:today_in_history.intent,diz-me sobre o que aconteceu em esta data
pt,ovos-skill-days-in-history.openvoiceos:today_in_history.intent,diz-me sobre o que aconteceu em esta data da história
pt,ovos-skill-days-in-history.openvoiceos:today_in_history.intent,diz-me sobre o que aconteceu em esta data na história
pt,ovos-skill-days-in-history.openvoiceos:today_in_history.intent,diz-me sobre o que aconteceu em {date}
pt,ovos-skill-days-in-history.openvoiceos:today_in_history.intent,diz-me sobre o que aconteceu em {date} da história
pt,ovos-skill-days-in-history.openvoiceos:today_in_history.intent,diz-me sobre o que aconteceu em {date} na história
pt,ovos-skill-days-in-history.openvoiceos:today_in_history.intent,diz-me sobre o que aconteceu esta data
pt,ovos-skill-days-in-history.openvoiceos:today_in_history.intent,diz-me sobre o que aconteceu esta data da história
pt,ovos-skill-days-in-history.openvoiceos:today_in_history.intent,diz-me sobre o que aconteceu esta data na história
pt,ovos-skill-days-in-history.openvoiceos:today_in_history.intent,diz-me sobre o que aconteceu hoje
pt,ovos-skill-days-in-history.openvoiceos:today_in_history.intent,diz-me sobre o que aconteceu hoje da história
pt,ovos-skill-days-in-history.openvoiceos:today_in_history.intent,diz-me sobre o que aconteceu hoje na história
pt,ovos-skill-days-in-history.openvoiceos:today_in_history.intent,diz-me sobre o que aconteceu nesta data
pt,ovos-skill-days-in-history.openvoiceos:today_in_history.intent,diz-me sobre o que aconteceu nesta data da história
pt,ovos-skill-days-in-history.openvoiceos:today_in_history.intent,diz-me sobre o que aconteceu nesta data na história
pt,ovos-skill-days-in-history.openvoiceos:today_in_history.intent,esta data na história
pt,ovos-skill-days-in-history.openvoiceos:today_in_history.intent,este dia na história
pt,ovos-skill-days-in-history.openvoiceos:today_in_history.intent,hoje na história
pt,ovos-skill-days-in-history.openvoiceos:deaths_in_history.intent,quem morreu hoje na história
pt,common_query:common_query,quantos filhos tem {query}
pt,common_query:common_query,quantos filhos teve {query}
pt,common_query:common_query,quantos filhos tinha {query}
pt,common_query:common_query,quando nasceu {query}
pt,common_query:common_query,quando é o aniversário da {query}
pt,common_query:common_query,quando é o aniversário de {query}
pt,common_query:common_query,quando é o aniversário do {query}
pt,common_query:common_query,quando é que {query} faz anos
pt,common_query:common_query,quem é {query}
pt,common_query:common_query,quem é que é {query}
pt,ovos-skill-ddg.openvoiceos:search_duck.intent,pergunta ao duck duck go sobre {query}
pt,ovos-skill-ddg.openvoiceos:search_duck.intent,pergunta ao pato sobre {query}
pt,ovos-skill-ddg.openvoiceos:search_duck.intent,procura no duck duck go sobre {query}
pt,ovos-skill-ddg.openvoiceos:search_duck.intent,procura no pato sobre {query}
pt,ovos-skill-ddg.openvoiceos:search_duck.intent,pesquisa no duck duck go {query}
pt,ovos-skill-ddg.openvoiceos:search_duck.intent,procura no duck duck go {query}
pt,ovos-skill-ddg.openvoiceos:search_duck.intent,procura no pato {query}
pt,ovos-skill-ddg.openvoiceos:search_duck.intent,o que diz o duck duck go sobre {query}
pt,ovos-skill-ddg.openvoiceos:search_duck.intent,o que diz o pato sobre {query}
pt,ovos-skill-ddg.openvoiceos:search_duck.intent,pergunta ao pato {query}
pt,common_query:common_query,onde estudou {query}
pt,common_query:common_query,onde obteve {query} a educação
pt,common_query:common_query,onde obteve {query} a sua educação
pt,ovos-skill-wolfie.openvoiceos:search_wolfie.intent,pergunta ao pato {query}
pt,common_query:common_query,data da morte da {query}
pt,common_query:common_query,data da morte de {query}
pt,common_query:common_query,data da morte do {query}
pt,common_query:common_query,dia da morte da {query}
pt,common_query:common_query,dia da morte de {query}
pt,common_query:common_query,dia da morte do {query}
pt,common_query:common_query,quando foi a morte de {query}
pt,common_query:common_query,quando morreu {query}
pt,common_query:common_query,quando morreu a {query}
pt,common_query:common_query,quando morreu o {query}
pt,common_query:common_query,quantos anos tinha {query} a data da morte
pt,common_query:common_query,quantos anos tinha {query} na sua morte
pt,common_query:common_query,quantos anos tinha {query} quando morreu
pt,common_query:common_query,quantos anos tinha {query} no dia em que morreu
pt,common_query:common_query,pelo que é {query} conhecida
pt,common_query:common_query,pelo que é {query} conhecido
pt,ovos-skill-wikihow.openvoiceos:wikihow.intent,explica as como {query}
pt,ovos-skill-wikihow.openvoiceos:wikihow.intent,explica as como é que {query}
pt,ovos-skill-wikihow.openvoiceos:wikihow.intent,explica as etapas para {query}
pt,ovos-skill-wikihow.openvoiceos:wikihow.intent,explicar como {query}
pt,ovos-skill-wikihow.openvoiceos:wikihow.intent,explicar como é que {query}
pt,ovos-skill-wikihow.openvoiceos:wikihow.intent,explicar etapas para {query}
pt,ovos-skill-wikihow.openvoiceos:wikihow.intent,explicar passo a passo {query}
pt,ovos-skill-wikihow.openvoiceos:wikihow.intent,explicar passo a passo como é que {query}
pt,ovos-skill-wikihow.openvoiceos:wikihow.intent,passo a passo {query}
pt,ovos-skill-wikihow.openvoiceos:wikihow.intent,passo a passo como é que {query}
pt,ovos-skill-wikihow.openvoiceos:wikihow.intent,como  faço para {query}
pt,ovos-skill-wikihow.openvoiceos:wikihow.intent,como é que faço para {query}
pt,ovos-skill-wikihow.openvoiceos:wikihow.intent,como posso {query}
pt,ovos-skill-wikihow.openvoiceos:wikihow.intent,como é que posso {query}
pt,ovos-skill-wikihow.openvoiceos:wikihow.intent,como {query}
pt,ovos-skill-wikihow.openvoiceos:wikihow.intent,como é que {query}
pt,ovos-skill-wikihow.openvoiceos:wikihow.intent,o que wiki how pensa sobre {query}
pt,ovos-skill-wikihow.openvoiceos:wikihow.intent,o que wiki how diz sobre {query}
pt,ovos-skill-wikihow.openvoiceos:wikihow.intent,o que wikihow pensa sobre {query}
pt,ovos-skill-wikihow.openvoiceos:wikihow.intent,o que wikihow diz sobre {query}
pt,ovos-skill-wikihow.openvoiceos:wikihow.intent,pesquisar wiki how {query}
pt,ovos-skill-wikihow.openvoiceos:wikihow.intent,pesquisar wiki how como é que {query}
pt,ovos-skill-wikihow.openvoiceos:wikihow.intent,pesquisar wikihow {query}
pt,ovos-skill-wikihow.openvoiceos:wikihow.intent,pesquisar wikihow como é que {query}
pt,ovos-skill-wikipedia.openvoiceos:wiki.intent,o que diz wiki sobre {query}
pt,ovos-skill-wikipedia.openvoiceos:wiki.intent,o que diz wikipedia sobre {query}
pt,ovos-skill-wikipedia.openvoiceos:wiki.intent,o que diz a wiki sobre {query}
pt,ovos-skill-wikipedia.openvoiceos:wiki.intent,o que diz a wikipedia sobre {query}
pt,ovos-skill-wikipedia.openvoiceos:wiki.intent,procura wiki por {query}
pt,ovos-skill-wikipedia.openvoiceos:wiki.intent,procura wiki sobre {query}
pt,ovos-skill-wikipedia.openvoiceos:wiki.intent,procura wikipedia por {query}
pt,ovos-skill-wikipedia.openvoiceos:wiki.intent,procura wikipedia sobre {query}
pt,ovos-skill-wikipedia.openvoiceos:wiki.intent,procurar wiki por {query}
pt,ovos-skill-wikipedia.openvoiceos:wiki.intent,procurar wiki sobre {query}
pt,ovos-skill-wikipedia.openvoiceos:wiki.intent,procurar wikipedia por {query}
pt,ovos-skill-wikipedia.openvoiceos:wiki.intent,procurar wikipedia sobre {query}
pt,ovos-skill-wikipedia.openvoiceos:wiki.intent,wiki {query}
pt,ovos-skill-wikipedia.openvoiceos:wiki.intent,wikipedia {query}
pt,ovos-skill-wikipedia.openvoiceos:wikiroulette.intent,abrir wiki aleatória
pt,ovos-skill-wikipedia.openvoiceos:wikiroulette.intent,abrir wiki roleta
pt,ovos-skill-wikipedia.openvoiceos:wikiroulette.intent,abrir wikipedia aleatória
pt,ovos-skill-wikipedia.openvoiceos:wikiroulette.intent,abrir wikipedia roleta
pt,ovos-skill-wikipedia.openvoiceos:wikiroulette.intent,jogar wiki roleta
pt,ovos-skill-wikipedia.openvoiceos:wikiroulette.intent,jogar wikipedia roleta
pt,ovos-skill-wikipedia.openvoiceos:wikiroulette.intent,mostrar wiki aleatória
pt,ovos-skill-wikipedia.openvoiceos:wikiroulette.intent,mostrar wiki roleta
pt,ovos-skill-wikipedia.openvoiceos:wikiroulette.intent,mostrar wikipedia aleatória
pt,ovos-skill-wikipedia.openvoiceos:wikiroulette.intent,mostrar wikipedia roleta
pt,ovos-skill-wikipedia.openvoiceos:wikiroulette.intent,página wiki aleatória
pt,ovos-skill-wikipedia.openvoiceos:wikiroulette.intent,página wikipedia aleatória
pt,ovos-skill-wikipedia.openvoiceos:wikiroulette.intent,wiki aleatória
pt,ovos-skill-wikipedia.openvoiceos:wikiroulette.intent,wiki roleta
pt,ovos-skill-wikipedia.openvoiceos:wikiroulette.intent,wikipedia aleatória
pt,ovos-skill-wikipedia.openvoiceos:wikiroulette.intent,wikipedia roleta
pt,ovos-skill-wolfie.openvoiceos:search_wolfie.intent,pergunta ao lobo {query}
pt,ovos-skill-wordnet.openvoiceos:definition.intent,define {query}
pt,ovos-skill-wordnet.openvoiceos:definition.intent,qual é a definição de {query}
pt,ovos-skill-wordnet.openvoiceos:definition.intent,o que é {query}
pt,ovos-skill-wordnet.openvoiceos:definition.intent,o que é um {query}
pt,ovos-skill-wordnet.openvoiceos:definition.intent,o que é uma {query}
pt,ovos-skill-wordnet.openvoiceos:search_wordnet.intent,o que diz a wordnet sobre {query}
pt,ovos-skill-wordnet.openvoiceos:search_wordnet.intent,o que diz o wordnet sobre {query}
pt,ovos-skill-wordnet.openvoiceos:antonym.intent,qual é o antônimo de {query}
pt,ovos-skill-wordnet.openvoiceos:antonym.intent,qual é um antônimo de {query}
pt,ovos-skill-wordnet.openvoiceos:hypernym.intent,qual é o hiperônimo de {query}
pt,ovos-skill-wordnet.openvoiceos:hyponym.intent,qual é o hipônimo de {query}
pt,ovos-skill-wordnet.openvoiceos:holonym.intent,qual é o holônimo de {query}
pt,ovos-skill-wordnet.openvoiceos:lemma.intent,qual é o sinónimo de {query}
eu,ovos-skill-days-in-history.openvoiceos:births_in_history.intent,nor jaio zen gaur bezalako egun batean iraganean?
eu,ovos-skill-days-in-history.openvoiceos:today_in_history.intent,egun honetan iraganean
eu,ovos-skill-days-in-history.openvoiceos:today_in_history.intent,gaur bezalako egun batean iraganean
eu,ovos-skill-days-in-history.openvoiceos:today_in_history.intent,gaurko egunez iraganean
eu,ovos-skill-days-in-history.openvoiceos:today_in_history.intent,kontadazu zer gertatu zen egun honetan
eu,ovos-skill-days-in-history.openvoiceos:today_in_history.intent,kontadazu zer gertatu zen egun honetan iraganean
eu,ovos-skill-days-in-history.openvoiceos:today_in_history.intent,kontadazu zer gertatu zen gaur bezalako egun batean
eu,ovos-skill-days-in-history.openvoiceos:today_in_history.intent,kontadazu zer gertatu zen gaur bezalako egun batean iraganean
eu,ovos-skill-days-in-history.openvoiceos:today_in_history.intent,kontadazu zer gertatu zen gaurko egunez
eu,ovos-skill-days-in-history.openvoiceos:today_in_history.intent,kontadazu zer gertatu zen gaurko egunez iraganean
eu,ovos-skill-days-in-history.openvoiceos:today_in_history.intent,kontadazu zer gertatu zen {date} egunean
eu,ovos-skill-days-in-history.openvoiceos:today_in_history.intent,kontadazu zer gertatu zen {date} egunean iraganean
eu,ovos-skill-days-in-history.openvoiceos:today_in_history.intent,kontadazu zer gertakari historiko gertatu zen egun honetan
eu,ovos-skill-days-in-history.openvoiceos:today_in_history.intent,kontadazu zer gertakari historiko gertatu zen egun honetan iraganean
eu,ovos-skill-days-in-history.openvoiceos:today_in_history.intent,kontadazu zer gertakari historiko gertatu zen gaur bezalako egun batean
eu,ovos-skill-days-in-history.openvoiceos:today_in_history.intent,kontadazu zer gertakari historiko gertatu zen gaur bezalako egun batean iraganean
eu,ovos-skill-days-in-history.openvoiceos:today_in_history.intent,kontadazu zer gertakari historiko gertatu zen gaurko egunez
eu,ovos-skill-days-in-history.openvoiceos:today_in_history.intent,kontadazu zer gertakari historiko gertatu zen gaurko egunez iraganean
eu,ovos-skill-days-in-history.openvoiceos:today_in_history.intent,kontadazu zer gertakari historiko gertatu zen {date} egunean
eu,ovos-skill-days-in-history.openvoiceos:today_in_history.intent,kontadazu zer gertakari historiko gertatu zen {date} egunean iraganean
eu,ovos-skill-days-in-history.openvoiceos:today_in_history.intent,zer gertatu zen egun honetan
eu,ovos-skill-days-in-history.openvoiceos:today_in_history.intent,zer gertatu zen egun honetan iraganean
eu,ovos-skill-days-in-history.openvoiceos:today_in_history.intent,zer gertatu zen gaur bezalako egun batean
eu,ovos-skill-days-in-history.openvoiceos:today_in_history.intent,zer gertatu zen gaur bezalako egun batean iraganean
eu,ovos-skill-days-in-history.openvoiceos:today_in_history.intent,zer gertatu zen gaurko egunez
eu,ovos-skill-days-in-history.openvoiceos:today_in_history.intent,zer gertatu zen gaurko egunez iraganean
eu,ovos-skill-days-in-history.openvoiceos:today_in_history.intent,zer gertatu zen {date} egunean
eu,ovos-skill-days-in-history.openvoiceos:today_in_history.intent,zer gertatu zen {date} egunean iraganean
eu,ovos-skill-days-in-history.openvoiceos:today_in_history.intent,zer gertakari historiko gertatu zen egun honetan
eu,ovos-skill-days-in-history.openvoiceos:today_in_history.intent,zer gertakari historiko gertatu zen egun honetan iraganean
eu,ovos-skill-days-in-history.openvoiceos:today_in_history.intent,zer gertakari historiko gertatu zen gaur bezalako egun batean
eu,ovos-skill-days-in-history.openvoiceos:today_in_history.intent,zer gertakari historiko gertatu zen gaur bezalako egun batean iraganean
eu,ovos-skill-days-in-history.openvoiceos:today_in_history.intent,zer gertakari historiko gertatu zen gaurko egunez
eu,ovos-skill-days-in-history.openvoiceos:today_in_history.intent,zer gertakari historiko gertatu zen gaurko egunez iraganean
eu,ovos-skill-days-in-history.openvoiceos:today_in_history.intent,zer gertakari historiko gertatu zen {date} egunean
eu,ovos-skill-days-in-history.openvoiceos:today_in_history.intent,zer gertakari historiko gertatu zen {date} egunean iraganean
eu,ovos-skill-days-in-history.openvoiceos:deaths_in_history.intent,nor hil zen gaur bezalako egun batean iraganean?
eu,common_query:common_query,zein da {query} espezializaio-arloa
eu,common_query:common_query,zenbat haur ditu {query}
eu,common_query:common_query,zenbat haur izan ditu {query}
eu,common_query:common_query,zein da {query} tesiaren gaia
eu,common_query:common_query,noiz jaio zen {query}
eu,common_query:common_query,zein da {query} jaioteguna
eu,common_query:common_query,zein da {query} jaiotze-data
eu,common_query:common_query,{query} noiz jaio zen
eu,common_query:common_query,noiz da {query} jaioteguna
eu,common_query:common_query,noiz da {query} jaiotze-data
eu,common_query:common_query,{query} jaioteguna
eu,common_query:common_query,{query} jaiotze-data
eu,common_query:common_query,nor da {query}
eu,ovos-skill-ddg.openvoiceos:search_duck.intent,bilatu duck duck bilatzailean {query}
eu,ovos-skill-ddg.openvoiceos:search_duck.intent,bilatu duck duck go bilatzailean {query}
eu,ovos-skill-ddg.openvoiceos:search_duck.intent,bilatu the duck bilatzailean {query}
eu,ovos-skill-ddg.openvoiceos:search_duck.intent,zer dio duck duck bilatzaileak honi buruz {query}
eu,ovos-skill-ddg.openvoiceos:search_duck.intent,zer dio duck duck go bilatzaileak honi buruz {query}
eu,ovos-skill-ddg.openvoiceos:search_duck.intent,zer dio the duck bilatzaileak honi buruz {query}
eu,common_query:common_query,non egin zituen {query} ikasketak
eu,common_query:common_query,non ikasi zuen {query}
eu,common_query:common_query,noiz hil zen {query}
eu,common_query:common_query,noiz zendu zen {query}
eu,common_query:common_query,{query} heriotza-data
eu,common_query:common_query,{query} heriotza-eguna
eu,common_query:common_query,non dago lurperatuta {query}
eu,common_query:common_query,non datza {query}
eu,common_query:common_query,zer da {query} alma mater
eu,common_query:common_query,zenbat urte zituen {query} hil zen egunean
eu,common_query:common_query,zenbat urte zituen {query} hil zenean
eu,common_query:common_query,zein da {query} webgune ofiziala
eu,common_query:common_query,zergatik da ezagun {query}
eu,common_query:common_query,zergatik da ospetsu {query}
eu,ovos-skill-wikihow.openvoiceos:wikihow.intent,azaldu urratsez urrats {query}
eu,ovos-skill-wikihow.openvoiceos:wikihow.intent,urratsez urrats {query}
eu,ovos-skill-wikihow.openvoiceos:wikihow.intent,nola egin dezaket {query}?
eu,ovos-skill-wikihow.openvoiceos:wikihow.intent,nola egin {query}
eu,ovos-skill-wikihow.openvoiceos:wikihow.intent,nola egingo dut {query}?
eu,ovos-skill-wikihow.openvoiceos:wikihow.intent,{query} egiteko urratsak
eu,ovos-skill-wikihow.openvoiceos:wikihow.intent,bilatu wiki how {query}
eu,ovos-skill-wikihow.openvoiceos:wikihow.intent,bilatu wiki how honetarako: {query}
eu,ovos-skill-wikihow.openvoiceos:wikihow.intent,bilatu wikihow {query}
eu,ovos-skill-wikihow.openvoiceos:wikihow.intent,bilatu wikihow honetarako: {query}
eu,ovos-skill-wikihow.openvoiceos:wikihow.intent,zer dio wiki how-k honi buruz {query}?
eu,ovos-skill-wikihow.openvoiceos:wikihow.intent,zer dio wikihow-k honi buruz {query}?
eu,ovos-skill-wikihow.openvoiceos:wikihow.intent,zer pentsatzen du wiki how-k honi buruz {query}?
eu,ovos-skill-wikihow.openvoiceos:wikihow.intent,zer pentsatzen du wikihow-k honi buruz {query}?
eu,ovos-skill-wikipedia.openvoiceos:wiki.intent,bilatu wiki-n {query}
eu,ovos-skill-wikipedia.openvoiceos:wiki.intent,bilatu wikipedian {query}
eu,ovos-skill-wikipedia.openvoiceos:wiki.intent,egiaztatu wiki-n {query}
eu,ovos-skill-wikipedia.openvoiceos:wiki.intent,egiaztatu wikipedian {query}
eu,ovos-skill-wikipedia.openvoiceos:wiki.intent,wiki {query}
eu,ovos-skill-wikipedia.openvoiceos:wiki.intent,wikipedia {query}
eu,ovos-skill-wikipedia.openvoiceos:wiki.intent,zer dio wiki-k honi buruz: {query}?
eu,ovos-skill-wikipedia.openvoiceos:wiki.intent,zer dio wikipediak honi buruz: {query}?
eu,ovos-skill-wikipedia.openvoiceos:wikiroulette.intent,(erakutsi|bistaratu|ireki wiki ausaz
eu,ovos-skill-wikipedia.openvoiceos:wikiroulette.intent,(erakutsi|bistaratu|ireki wikipedia ausaz
eu,ovos-skill-wikipedia.openvoiceos:wikiroulette.intent,erreproduzitu wiki erruleta
eu,ovos-skill-wikipedia.openvoiceos:wikiroulette.intent,erreproduzitu wikipedia erruleta
eu,ovos-skill-wikipedia.openvoiceos:wikiroulette.intent,wiki ausaz
eu,ovos-skill-wikipedia.openvoiceos:wikiroulette.intent,wiki ausazko orria
eu,ovos-skill-wikipedia.openvoiceos:wikiroulette.intent,wiki erruleta
eu,ovos-skill-wikipedia.openvoiceos:wikiroulette.intent,wikipedia ausaz
eu,ovos-skill-wikipedia.openvoiceos:wikiroulette.intent,wikipedia ausazko orria
eu,ovos-skill-wikipedia.openvoiceos:wikiroulette.intent,wikipedia erruleta
eu,ovos-skill-wolfie.openvoiceos:search_wolfie.intent,bilatu the wolf bilatzailean {query}
eu,ovos-skill-wolfie.openvoiceos:search_wolfie.intent,bilatu the wolfram alpha bilatzailean {query}
eu,ovos-skill-wolfie.openvoiceos:search_wolfie.intent,bilatu the wolfram bilatzailean {query}
eu,ovos-skill-wolfie.openvoiceos:search_wolfie.intent,bilatu wolfram alpha bilatzailean {query}
eu,ovos-skill-wolfie.openvoiceos:search_wolfie.intent,bilatu wolfram bilatzailean {query}
eu,ovos-skill-wolfie.openvoiceos:search_wolfie.intent,zer dio the wolf bilatzaileak honi buruz: {query}?
eu,ovos-skill-wolfie.openvoiceos:search_wolfie.intent,zer dio wolfram alpha bilatzaileak honi buruz: {query}?
eu,ovos-skill-wolfie.openvoiceos:search_wolfie.intent,zer dio wolfram bilatzaileak honi buruz: {query}?
eu,ovos-skill-wordnet.openvoiceos:definition.intent,zein da honen definizioa {query}
eu,ovos-skill-wordnet.openvoiceos:definition.intent,zer da {query}
eu,ovos-skill-wordnet.openvoiceos:search_wordnet.intent,bilatu word net datu-basean {query}
eu,ovos-skill-wordnet.openvoiceos:search_wordnet.intent,bilatu wordnet datu-basean {query}
eu,ovos-skill-wordnet.openvoiceos:search_wordnet.intent,zer dio word net datu-baseak honi buruz {query}
eu,ovos-skill-wordnet.openvoiceos:search_wordnet.intent,zer dio wordnet datu-baseak honi buruz {query}
eu,ovos-skill-wordnet.openvoiceos:antonym.intent,zein da honen antonimo bat {query}
eu,ovos-skill-wordnet.openvoiceos:antonym.intent,zein da honen antonimoa {query}
eu,ovos-skill-wordnet.openvoiceos:antonym.intent,zein dira honen antonimoak {query}
eu,ovos-skill-wordnet.openvoiceos:hypernym.intent,zein da honen holonimo bat {query}
eu,ovos-skill-wordnet.openvoiceos:hypernym.intent,zein da honen holonimoa {query}
eu,ovos-skill-wordnet.openvoiceos:hypernym.intent,zein dira honen hiperonimoak {query}
eu,ovos-skill-wordnet.openvoiceos:hyponym.intent,zein da honen hiponimo bat {query}
eu,ovos-skill-wordnet.openvoiceos:hyponym.intent,zein da honen hiponimoa {query}
eu,ovos-skill-wordnet.openvoiceos:hyponym.intent,zein dira honen hiponimoak {query}
eu,ovos-skill-wordnet.openvoiceos:holonym.intent,zein da honen holonimo bat {query}
eu,ovos-skill-wordnet.openvoiceos:holonym.intent,zein da honen holonimoa {query}
eu,ovos-skill-wordnet.openvoiceos:holonym.intent,zein dira honen holonimoak {query}
eu,ovos-skill-wordnet.openvoiceos:lemma.intent,zein da honen lema bat {query}
eu,ovos-skill-wordnet.openvoiceos:lemma.intent,zein da honen lema {query}
eu,ovos-skill-wordnet.openvoiceos:lemma.intent,zein dira honen lemak {query}
es,common_query:common_query,lo que es {query} campo de experiencia
es,common_query:common_query,cuántos niños tenían
es,common_query:common_query,cuántos niños tienen
es,common_query:common_query,qué es tema de la tesis
es,common_query:common_query,qué es el cumpleaños
es,common_query:common_query,cuando nació
es,common_query:common_query,cuando nació {persona}
es,common_query:common_query,lo que es {persona} fecha de nacimiento
es,common_query:common_query,cuando es el día de nacimiento
es,common_query:common_query,cuando es el nacimiento
es,common_query:common_query,cuando es {query} cumpleaños
es,common_query:common_query,día de nacimiento
es,common_query:common_query,fecha de nacimiento
es,common_query:common_query,que es {persona}
es,ovos-skill-ddg.openvoiceos:search_duck.intent,pregúntale al pato sobre {query}
es,ovos-skill-ddg.openvoiceos:search_duck.intent,qué dice el pato del pato sobre {query}
es,ovos-skill-ddg.openvoiceos:search_duck.intent,qué dice el pato sobre {query}
es,ovos-skill-ddg.openvoiceos:search_duck.intent,buscar el pato para {query}
es,ovos-skill-ddg.openvoiceos:search_duck.intent,buscar pato de pato ir por {query}
es,ovos-skill-ddg.openvoiceos:search_duck.intent,búsqueda de pato para {query}
es,common_query:common_query,donde consiguió su educación
es,common_query:common_query,dónde lo hizo estudio
es,common_query:common_query,cuando fue la muerte
es,common_query:common_query,cuando murió
es,common_query:common_query,día de la muerte
es,common_query:common_query,fecha de la muerte
es,common_query:common_query,donde está descansando enterrado
es,common_query:common_query,donde está {query} lugar de descanso
es,common_query:common_query,qué es alma mater
es,common_query:common_query,que edad tenía en su muerte
es,common_query:common_query,qué edad tenía el día que murió
es,common_query:common_query,lo que es {query} sitio oficial
es,common_query:common_query,lo que es famoso por
es,common_query:common_query,qué es conocido
es,ovos-skill-wikipedia.openvoiceos:wiki.intent,busca wiki para {query}
es,ovos-skill-wikipedia.openvoiceos:wiki.intent,busca wikipedia para {query}
es,ovos-skill-wikipedia.openvoiceos:wiki.intent,busca detalles de {query} en wiki
es,ovos-skill-wikipedia.openvoiceos:wiki.intent,busca detalles de {query} en wikipedia
es,ovos-skill-wikipedia.openvoiceos:wiki.intent,busca detalles de {query} en la wiki
es,ovos-skill-wikipedia.openvoiceos:wiki.intent,busca detalles de {query} en la wikipedia
es,ovos-skill-wikipedia.openvoiceos:wiki.intent,busca en wiki detalles sobre {query}
es,ovos-skill-wikipedia.openvoiceos:wiki.intent,busca en wikipedia detalles sobre {query}
es,ovos-skill-wikipedia.openvoiceos:wiki.intent,busca en la wiki detalles sobre {query}
es,ovos-skill-wikipedia.openvoiceos:wiki.intent,busca en la wikipedia detalles sobre {query}
es,ovos-skill-wikipedia.openvoiceos:wiki.intent,busca la wiki para {query}
es,ovos-skill-wikipedia.openvoiceos:wiki.intent,busca la wikipedia para {query}
es,ovos-skill-wikipedia.openvoiceos:wiki.intent,busca {query} en wiki
es,ovos-skill-wikipedia.openvoiceos:wiki.intent,busca {query} en wikipedia
es,ovos-skill-wikipedia.openvoiceos:wiki.intent,busca {query} en la wiki
es,ovos-skill-wikipedia.openvoiceos:wiki.intent,busca {query} en la wikipedia
es,ovos-skill-wikipedia.openvoiceos:wiki.intent,cuéntame sobre {query} en lawiki
es,ovos-skill-wikipedia.openvoiceos:wiki.intent,cuéntame sobre {query} en lawikipedia
es,ovos-skill-wikipedia.openvoiceos:wiki.intent,cuéntame sobre {query} en wiki
es,ovos-skill-wikipedia.openvoiceos:wiki.intent,cuéntame sobre {query} en wikipedia
es,ovos-skill-wikipedia.openvoiceos:wiki.intent,dame información sobre {query} de wiki
es,ovos-skill-wikipedia.openvoiceos:wiki.intent,dame información sobre {query} de wikipedia
es,ovos-skill-wikipedia.openvoiceos:wiki.intent,dame información sobre {query} de la wiki
es,ovos-skill-wikipedia.openvoiceos:wiki.intent,dame información sobre {query} de la wikipedia
es,ovos-skill-wikipedia.openvoiceos:wiki.intent,qué hay en wiki sobre {query}
es,ovos-skill-wikipedia.openvoiceos:wiki.intent,qué hay en wikipedia sobre {query}
es,ovos-skill-wikipedia.openvoiceos:wiki.intent,qué hay en la wiki sobre {query}
es,ovos-skill-wikipedia.openvoiceos:wiki.intent,qué hay en la wikipedia sobre {query}
es,ovos-skill-wikipedia.openvoiceos:wiki.intent,qué se sabe sobre {query} en wiki
es,ovos-skill-wikipedia.openvoiceos:wiki.intent,qué se sabe sobre {query} en wikipedia
es,ovos-skill-wikipedia.openvoiceos:wiki.intent,qué se sabe sobre {query} en la wiki
es,ovos-skill-wikipedia.openvoiceos:wiki.intent,qué se sabe sobre {query} en la wikipedia
es,ovos-skill-wikipedia.openvoiceos:wiki.intent,comprueba wiki para {query}
es,ovos-skill-wikipedia.openvoiceos:wiki.intent,comprueba wikipedia para {query}
es,ovos-skill-wikipedia.openvoiceos:wiki.intent,comprueba la wiki para {query}
es,ovos-skill-wikipedia.openvoiceos:wiki.intent,comprueba la wikipedia para {query}
es,ovos-skill-wikipedia.openvoiceos:wiki.intent,wiki {query}
es,ovos-skill-wikipedia.openvoiceos:wiki.intent,wikipedia {query}
es,ovos-skill-wikipedia.openvoiceos:wiki.intent,¿cuál es la entrada de wiki para {query}?
es,ovos-skill-wikipedia.openvoiceos:wiki.intent,¿cuál es la entrada de wikipedia para {query}?
es,ovos-skill-wikipedia.openvoiceos:wiki.intent,¿cuál es la entrada de la wiki para {query}?
es,ovos-skill-wikipedia.openvoiceos:wiki.intent,¿cuál es la entrada de la wikipedia para {query}?
es,ovos-skill-wikipedia.openvoiceos:wiki.intent,¿puedes encontrar {query} en wiki?
es,ovos-skill-wikipedia.openvoiceos:wiki.intent,¿puedes encontrar {query} en wikipedia?
es,ovos-skill-wikipedia.openvoiceos:wiki.intent,¿puedes encontrar {query} en la wiki?
es,ovos-skill-wikipedia.openvoiceos:wiki.intent,¿puedes encontrar {query} en la wikipedia?
es,ovos-skill-wikipedia.openvoiceos:wiki.intent,¿qué dice wiki acerca de {query}?
es,ovos-skill-wikipedia.openvoiceos:wiki.intent,¿qué dice wiki sobre {query}?
es,ovos-skill-wikipedia.openvoiceos:wiki.intent,¿qué dice wikipedia acerca de {query}?
es,ovos-skill-wikipedia.openvoiceos:wiki.intent,¿qué dice wikipedia sobre {query}?
es,ovos-skill-wikipedia.openvoiceos:wiki.intent,¿qué dice la wiki acerca de {query}?
es,ovos-skill-wikipedia.openvoiceos:wiki.intent,¿qué dice la wiki sobre {query}?
es,ovos-skill-wikipedia.openvoiceos:wiki.intent,¿qué dice la wikipedia acerca de {query}?
es,ovos-skill-wikipedia.openvoiceos:wiki.intent,¿qué dice la wikipedia sobre {query}?
es,ovos-skill-wikipedia.openvoiceos:wikiroulette.intent,abre unawiki al azar
es,ovos-skill-wikipedia.openvoiceos:wikiroulette.intent,abre unawiki aleatoria
es,ovos-skill-wikipedia.openvoiceos:wikiroulette.intent,abre unawiki random
es,ovos-skill-wikipedia.openvoiceos:wikiroulette.intent,abre unawikipedia al azar
es,ovos-skill-wikipedia.openvoiceos:wikiroulette.intent,abre unawikipedia aleatoria
es,ovos-skill-wikipedia.openvoiceos:wikiroulette.intent,abre unawikipedia random
es,ovos-skill-wikipedia.openvoiceos:wikiroulette.intent,abre wiki al azar
es,ovos-skill-wikipedia.openvoiceos:wikiroulette.intent,abre wiki aleatoria
es,ovos-skill-wikipedia.openvoiceos:wikiroulette.intent,abre wiki random
es,ovos-skill-wikipedia.openvoiceos:wikiroulette.intent,abre wikipedia al azar
es,ovos-skill-wikipedia.openvoiceos:wikiroulette.intent,abre wikipedia aleatoria
es,ovos-skill-wikipedia.openvoiceos:wikiroulette.intent,abre wikipedia random
es,ovos-skill-wikipedia.openvoiceos:wikiroulette.intent,enseña unawiki al azar
es,ovos-skill-wikipedia.openvoiceos:wikiroulette.intent,enseña unawiki aleatoria
es,ovos-skill-wikipedia.openvoiceos:wikiroulette.intent,enseña unawiki random
es,ovos-skill-wikipedia.openvoiceos:wikiroulette.intent,enseña unawikipedia al azar
es,ovos-skill-wikipedia.openvoiceos:wikiroulette.intent,enseña unawikipedia aleatoria
es,ovos-skill-wikipedia.openvoiceos:wikiroulette.intent,enseña unawikipedia random
es,ovos-skill-wikipedia.openvoiceos:wikiroulette.intent,enseña wiki al azar
es,ovos-skill-wikipedia.openvoiceos:wikiroulette.intent,enseña wiki aleatoria
es,ovos-skill-wikipedia.openvoiceos:wikiroulette.intent,enseña wiki random
es,ovos-skill-wikipedia.openvoiceos:wikiroulette.intent,enseña wikipedia al azar
es,ovos-skill-wikipedia.openvoiceos:wikiroulette.intent,enseña wikipedia aleatoria
es,ovos-skill-wikipedia.openvoiceos:wikiroulette.intent,enseña wikipedia random
es,ovos-skill-wikipedia.openvoiceos:wikiroulette.intent,mostrar wiki al azar
es,ovos-skill-wikipedia.openvoiceos:wikiroulette.intent,mostrar wiki aleatoria
es,ovos-skill-wikipedia.openvoiceos:wikiroulette.intent,mostrar wikipedia al azar
es,ovos-skill-wikipedia.openvoiceos:wikiroulette.intent,mostrar wikipedia aleatoria
es,ovos-skill-wikipedia.openvoiceos:wikiroulette.intent,muestra unawiki al azar
es,ovos-skill-wikipedia.openvoiceos:wikiroulette.intent,muestra unawiki aleatoria
es,ovos-skill-wikipedia.openvoiceos:wikiroulette.intent,muestra unawiki random
es,ovos-skill-wikipedia.openvoiceos:wikiroulette.intent,muestra unawikipedia al azar
es,ovos-skill-wikipedia.openvoiceos:wikiroulette.intent,muestra unawikipedia aleatoria
es,ovos-skill-wikipedia.openvoiceos:wikiroulette.intent,muestra unawikipedia random
es,ovos-skill-wikipedia.openvoiceos:wikiroulette.intent,muestra wiki al azar
es,ovos-skill-wikipedia.openvoiceos:wikiroulette.intent,muestra wiki aleatoria
es,ovos-skill-wikipedia.openvoiceos:wikiroulette.intent,muestra wiki random
es,ovos-skill-wikipedia.openvoiceos:wikiroulette.intent,muestra wikipedia al azar
es,ovos-skill-wikipedia.openvoiceos:wikiroulette.intent,muestra wikipedia aleatoria
es,ovos-skill-wikipedia.openvoiceos:wikiroulette.intent,muestra wikipedia random
es,ovos-skill-wikipedia.openvoiceos:wikiroulette.intent,página wiki al azar
es,ovos-skill-wikipedia.openvoiceos:wikiroulette.intent,página wiki aleatoria
es,ovos-skill-wikipedia.openvoiceos:wikiroulette.intent,página wiki random
es,ovos-skill-wikipedia.openvoiceos:wikiroulette.intent,página wikipedia al azar
es,ovos-skill-wikipedia.openvoiceos:wikiroulette.intent,página wikipedia aleatoria
es,ovos-skill-wikipedia.openvoiceos:wikiroulette.intent,página wikipedia random
es,ovos-skill-wikipedia.openvoiceos:wikiroulette.intent,wiki al azar
es,ovos-skill-wikipedia.openvoiceos:wikiroulette.intent,wiki aleatoria
es,ovos-skill-wikipedia.openvoiceos:wikiroulette.intent,wiki random
es,ovos-skill-wikipedia.openvoiceos:wikiroulette.intent,wikipedia al azar
es,ovos-skill-wikipedia.openvoiceos:wikiroulette.intent,wikipedia aleatoria
es,ovos-skill-wikipedia.openvoiceos:wikiroulette.intent,wikipedia random
es,ovos-skill-wolfie.openvoiceos:search_wolfie.intent,pregúntale al lobo
es,ovos-skill-wolfie.openvoiceos:search_wolfie.intent,pregúntale al loboram alpha sobre {query}
es,ovos-skill-wolfie.openvoiceos:search_wolfie.intent,pregúntale al wolfram sobre {query}
es,ovos-skill-wolfie.openvoiceos:search_wolfie.intent,buscar el lobo para {query}
es,ovos-skill-wolfie.openvoiceos:search_wolfie.intent,buscar wolfram alpha para {query}
es,ovos-skill-wolfie.openvoiceos:search_wolfie.intent,buscar wolfram para {query}
es,ovos-skill-wolfie.openvoiceos:search_wolfie.intent,¿qué dice wolfram alpha sobre {query}
es,ovos-skill-wolfie.openvoiceos:search_wolfie.intent,¿qué dice el lobo acerca de {query}
es,ovos-skill-wolfie.openvoiceos:search_wolfie.intent,¿qué dice wolfram acerca de {query}
es,ovos-skill-wordnet.openvoiceos:definition.intent,cuál es la definición de {query}
es,ovos-skill-wordnet.openvoiceos:definition.intent,lo que es un {query}
es,ovos-skill-wordnet.openvoiceos:search_wordnet.intent,lo que dice wordnet sobre {query}
es,ovos-skill-wordnet.openvoiceos:search_wordnet.intent,búsqueda wordnet para {query}
es,ovos-skill-wordnet.openvoiceos:search_wordnet.intent,qué dice la palabra neta sobre {query}
es,ovos-skill-wordnet.openvoiceos:search_wordnet.intent,búsqueda palabra red para {query}
es,ovos-skill-wordnet.openvoiceos:search_wordnet.intent,pregúntele a wordnet sobre {query}
es,ovos-skill-wordnet.openvoiceos:search_wordnet.intent,pregunte la palabra neta sobre {query}
es,ovos-skill-wordnet.openvoiceos:antonym.intent,cuáles son las antónimos de {query}
es,ovos-skill-wordnet.openvoiceos:antonym.intent,cuál es la antónima de {query}
es,ovos-skill-wordnet.openvoiceos:antonym.intent,lo que es una antónima de {query}
es,ovos-skill-wordnet.openvoiceos:hypernym.intent,lo que es un hipernym de {query}
es,ovos-skill-wordnet.openvoiceos:hypernym.intent,que son los hipernyms de {query}
es,ovos-skill-wordnet.openvoiceos:hypernym.intent,lo que es el hipernym de {query}
es,ovos-skill-wordnet.openvoiceos:hyponym.intent,cuál es el hiponym de {query}
es,ovos-skill-wordnet.openvoiceos:hyponym.intent,cuáles son las hipónymas de {query}
es,ovos-skill-wordnet.openvoiceos:hyponym.intent,lo que es un hiponym de {query}
es,ovos-skill-wordnet.openvoiceos:holonym.intent,lo que es un holonym de {query}
es,ovos-skill-wordnet.openvoiceos:holonym.intent,lo que es el holonym de {query}
es,ovos-skill-wordnet.openvoiceos:holonym.intent,que son los holónimos de {query}
es,ovos-skill-wordnet.openvoiceos:lemma.intent,lo que es un lema de {query}
es,ovos-skill-wordnet.openvoiceos:lemma.intent,cuál es la lema de {query}
es,ovos-skill-wordnet.openvoiceos:lemma.intent,cuáles son los lemas de {query}
gl,ovos-skill-days-in-history.openvoiceos:today_in_history.intent,cóntame que aconteceron este día
gl,ovos-skill-days-in-history.openvoiceos:today_in_history.intent,cóntame que aconteceron este día na historia
gl,ovos-skill-days-in-history.openvoiceos:today_in_history.intent,cóntame que aconteceron hoxe
gl,ovos-skill-days-in-history.openvoiceos:today_in_history.intent,cóntame que aconteceron hoxe na historia
gl,ovos-skill-days-in-history.openvoiceos:today_in_history.intent,cóntame que aconteceron nesta data
gl,ovos-skill-days-in-history.openvoiceos:today_in_history.intent,cóntame que aconteceron nesta data na historia
gl,ovos-skill-days-in-history.openvoiceos:today_in_history.intent,cóntame que aconteceron o {date}
gl,ovos-skill-days-in-history.openvoiceos:today_in_history.intent,cóntame que aconteceron o {date} na historia
gl,ovos-skill-days-in-history.openvoiceos:today_in_history.intent,cóntame que acontecementos históricos aconteceron este día
gl,ovos-skill-days-in-history.openvoiceos:today_in_history.intent,cóntame que acontecementos históricos aconteceron este día na historia
gl,ovos-skill-days-in-history.openvoiceos:today_in_history.intent,cóntame que acontecementos históricos aconteceron hoxe
gl,ovos-skill-days-in-history.openvoiceos:today_in_history.intent,cóntame que acontecementos históricos aconteceron hoxe na historia
gl,ovos-skill-days-in-history.openvoiceos:today_in_history.intent,cóntame que acontecementos históricos aconteceron nesta data
gl,ovos-skill-days-in-history.openvoiceos:today_in_history.intent,cóntame que acontecementos históricos aconteceron nesta data na historia
gl,ovos-skill-days-in-history.openvoiceos:today_in_history.intent,cóntame que acontecementos históricos aconteceron o {date}
gl,ovos-skill-days-in-history.openvoiceos:today_in_history.intent,cóntame que acontecementos históricos aconteceron o {date} na historia
gl,ovos-skill-days-in-history.openvoiceos:today_in_history.intent,dime que aconteceron este día
gl,ovos-skill-days-in-history.openvoiceos:today_in_history.intent,dime que aconteceron este día na historia
gl,ovos-skill-days-in-history.openvoiceos:today_in_history.intent,dime que aconteceron hoxe
gl,ovos-skill-days-in-history.openvoiceos:today_in_history.intent,dime que aconteceron hoxe na historia
gl,ovos-skill-days-in-history.openvoiceos:today_in_history.intent,dime que aconteceron nesta data
gl,ovos-skill-days-in-history.openvoiceos:today_in_history.intent,dime que aconteceron nesta data na historia
gl,ovos-skill-days-in-history.openvoiceos:today_in_history.intent,dime que aconteceron o {date}
gl,ovos-skill-days-in-history.openvoiceos:today_in_history.intent,dime que aconteceron o {date} na historia
gl,ovos-skill-days-in-history.openvoiceos:today_in_history.intent,dime que acontecementos históricos aconteceron este día
gl,ovos-skill-days-in-history.openvoiceos:today_in_history.intent,dime que acontecementos históricos aconteceron este día na historia
gl,ovos-skill-days-in-history.openvoiceos:today_in_history.intent,dime que acontecementos históricos aconteceron hoxe
gl,ovos-skill-days-in-history.openvoiceos:today_in_history.intent,dime que acontecementos históricos aconteceron hoxe na historia
gl,ovos-skill-days-in-history.openvoiceos:today_in_history.intent,dime que acontecementos históricos aconteceron nesta data
gl,ovos-skill-days-in-history.openvoiceos:today_in_history.intent,dime que acontecementos históricos aconteceron nesta data na historia
gl,ovos-skill-days-in-history.openvoiceos:today_in_history.intent,dime que acontecementos históricos aconteceron o {date}
gl,ovos-skill-days-in-history.openvoiceos:today_in_history.intent,dime que acontecementos históricos aconteceron o {date} na historia
gl,ovos-skill-days-in-history.openvoiceos:today_in_history.intent,este día na historia
gl,ovos-skill-days-in-history.openvoiceos:today_in_history.intent,hoxe na historia
gl,ovos-skill-days-in-history.openvoiceos:today_in_history.intent,nesta data na historia
gl,ovos-skill-days-in-history.openvoiceos:deaths_in_history.intent,quen morreu hoxe na historia
gl,common_query:common_query,cal é o eido de especialización de {query}
gl,common_query:common_query,cantos fillos ten {query}
gl,common_query:common_query,cantos fillos tivo {query}
gl,common_query:common_query,que é o tema da tese {query}
gl,common_query:common_query,cal é a data de nacemento de {query}
gl,common_query:common_query,cando fai anos {query}
gl,common_query:common_query,cando naceu {query}
gl,common_query:common_query,cando é o aniversario de que día fai anos {query}
gl,common_query:common_query,data de nacemento de {query}
gl,common_query:common_query,día de nacemento de {query}
gl,common_query:common_query,quen é {query}
gl,ovos-skill-ddg.openvoiceos:search_duck.intent,preguntar a duck duck go sobre {query}
gl,ovos-skill-ddg.openvoiceos:search_duck.intent,preguntar a duck duck por {query}
gl,ovos-skill-ddg.openvoiceos:search_duck.intent,procurar en duck duck go {query}
gl,ovos-skill-ddg.openvoiceos:search_duck.intent,procurar en duck duck {query}
gl,ovos-skill-ddg.openvoiceos:search_duck.intent,procurar en duck {query}
gl,ovos-skill-ddg.openvoiceos:search_duck.intent,que di duck duck go sobre {query}
gl,ovos-skill-ddg.openvoiceos:search_duck.intent,que di duck duck sobre {query}
gl,ovos-skill-ddg.openvoiceos:search_duck.intent,que di duck sobre {query}
gl,common_query:common_query,onde estudou {query}
gl,common_query:common_query,onde se formou {query}
gl,common_query:common_query,data da morte de {query}
gl,common_query:common_query,día da morte de {query}
gl,common_query:common_query,cando finou {query}
gl,common_query:common_query,cando morreu {query}
gl,common_query:common_query,onde descansan os restos de {query}
gl,common_query:common_query,onde está enterrado {query}
gl,common_query:common_query,a que anos morreu {query}
gl,common_query:common_query,cantos anos tiña {query} cando morreu
gl,common_query:common_query,cantos anos tiña {query} o día que morreu
gl,common_query:common_query,cal é o sitio web oficial de {query}
gl,common_query:common_query,por que se coñece {query}
gl,common_query:common_query,por que ten fama {query}
gl,ovos-skill-wikihow.openvoiceos:wikihow.intent,explica paso a paso {query}
gl,ovos-skill-wikihow.openvoiceos:wikihow.intent,paso a paso {query}
gl,ovos-skill-wikihow.openvoiceos:wikihow.intent,como fago {query}
gl,ovos-skill-wikihow.openvoiceos:wikihow.intent,como podo {query}
gl,ovos-skill-wikihow.openvoiceos:wikihow.intent,como {query}
gl,ovos-skill-wikihow.openvoiceos:wikihow.intent,pasos para {query}
gl,ovos-skill-wikihow.openvoiceos:wikihow.intent,procurar en wiki how {query}
gl,ovos-skill-wikihow.openvoiceos:wikihow.intent,procurar en wikihow {query}
gl,ovos-skill-wikihow.openvoiceos:wikihow.intent,que di wiki how sobre {query}
gl,ovos-skill-wikihow.openvoiceos:wikihow.intent,que di wikihow sobre {query}
gl,ovos-skill-wikihow.openvoiceos:wikihow.intent,que pensa wiki how sobre {query}
gl,ovos-skill-wikihow.openvoiceos:wikihow.intent,que pensa wikihow sobre {query}
gl,ovos-skill-wikipedia.openvoiceos:wiki.intent,fálame de {query} en wiki
gl,ovos-skill-wikipedia.openvoiceos:wiki.intent,fálame de {query} en wikipedia
gl,ovos-skill-wikipedia.openvoiceos:wiki.intent,procurar detalles sobre {query} en wiki
gl,ovos-skill-wikipedia.openvoiceos:wiki.intent,procurar detalles sobre {query} en wikipedia
gl,ovos-skill-wikipedia.openvoiceos:wiki.intent,procurar detalles sobre {query} na wiki
gl,ovos-skill-wikipedia.openvoiceos:wiki.intent,procurar detalles sobre {query} na wikipedia
gl,ovos-skill-wikipedia.openvoiceos:wiki.intent,busca {query} na wiki
gl,ovos-skill-wikipedia.openvoiceos:wiki.intent,busca {query} na wikipedia
gl,ovos-skill-wikipedia.openvoiceos:wiki.intent,buscar en wiki detalles sobre {query}
gl,ovos-skill-wikipedia.openvoiceos:wiki.intent,buscar en wikipedia detalles sobre {query}
gl,ovos-skill-wikipedia.openvoiceos:wiki.intent,buscar na wiki detalles sobre {query}
gl,ovos-skill-wikipedia.openvoiceos:wiki.intent,buscar na wikipedia detalles sobre {query}
gl,ovos-skill-wikipedia.openvoiceos:wiki.intent,buscar {query} en wiki
gl,ovos-skill-wikipedia.openvoiceos:wiki.intent,buscar {query} en wikipedia
gl,ovos-skill-wikipedia.openvoiceos:wiki.intent,cal é a entrada da wiki para {query}
gl,ovos-skill-wikipedia.openvoiceos:wiki.intent,cal é a entrada da wikipedia para {query}
gl,ovos-skill-wikipedia.openvoiceos:wiki.intent,cal é a entrada de wiki para {query}
gl,ovos-skill-wikipedia.openvoiceos:wiki.intent,cal é a entrada de wikipedia para {query}
gl,ovos-skill-wikipedia.openvoiceos:wiki.intent,comproba {query} na wiki
gl,ovos-skill-wikipedia.openvoiceos:wiki.intent,comproba {query} na wikipedia
gl,ovos-skill-wikipedia.openvoiceos:wiki.intent,dáme información da wiki sobre {query}
gl,ovos-skill-wikipedia.openvoiceos:wiki.intent,dáme información da wikipedia sobre {query}
gl,ovos-skill-wikipedia.openvoiceos:wiki.intent,dáme información de wiki sobre {query}
gl,ovos-skill-wikipedia.openvoiceos:wiki.intent,dáme información de wikipedia sobre {query}
gl,ovos-skill-wikipedia.openvoiceos:wiki.intent,podes atopar {query} en wiki
gl,ovos-skill-wikipedia.openvoiceos:wiki.intent,podes atopar {query} en wikipedia
gl,ovos-skill-wikipedia.openvoiceos:wiki.intent,que aparece en wiki sobre {query}
gl,ovos-skill-wikipedia.openvoiceos:wiki.intent,que aparece en wikipedia sobre {query}
gl,ovos-skill-wikipedia.openvoiceos:wiki.intent,que di a wiki sobre {query}
gl,ovos-skill-wikipedia.openvoiceos:wiki.intent,que di a wikipedia sobre {query}
gl,ovos-skill-wikipedia.openvoiceos:wiki.intent,que hai en wiki sobre {query}
gl,ovos-skill-wikipedia.openvoiceos:wiki.intent,que hai en wikipedia sobre {query}
gl,ovos-skill-wikipedia.openvoiceos:wiki.intent,que se sabe sobre {query} en wiki
gl,ovos-skill-wikipedia.openvoiceos:wiki.intent,que se sabe sobre {query} en wikipedia
gl,ovos-skill-wikipedia.openvoiceos:wiki.intent,que se sabe sobre {query} na wiki
gl,ovos-skill-wikipedia.openvoiceos:wiki.intent,que se sabe sobre {query} na wikipedia
gl,ovos-skill-wikipedia.openvoiceos:wiki.intent,wiki {query}
gl,ovos-skill-wikipedia.openvoiceos:wiki.intent,wikipedia {query}
gl,ovos-skill-wikipedia.openvoiceos:wikiroulette.intent,abrir wiki ao chou
gl,ovos-skill-wikipedia.openvoiceos:wikiroulette.intent,abrir wikipedia ao chou
gl,ovos-skill-wikipedia.openvoiceos:wikiroulette.intent,dálle á ruleta da wiki
gl,ovos-skill-wikipedia.openvoiceos:wikiroulette.intent,dálle á ruleta da wikipedia
gl,ovos-skill-wikipedia.openvoiceos:wikiroulette.intent,ensinar wiki ao chou
gl,ovos-skill-wikipedia.openvoiceos:wikiroulette.intent,ensinar wikipedia ao chou
gl,ovos-skill-wikipedia.openvoiceos:wikiroulette.intent,mostrar wiki ao chou
gl,ovos-skill-wikipedia.openvoiceos:wikiroulette.intent,mostrar wikipedia ao chou
gl,ovos-skill-wikipedia.openvoiceos:wikiroulette.intent,páxina da wiki ao chou
gl,ovos-skill-wikipedia.openvoiceos:wikiroulette.intent,páxina da wikipedia ao chou
gl,ovos-skill-wikipedia.openvoiceos:wikiroulette.intent,ruleta da wiki
gl,ovos-skill-wikipedia.openvoiceos:wikiroulette.intent,ruleta da wikipedia
gl,ovos-skill-wikipedia.openvoiceos:wikiroulette.intent,wiki ao chou
gl,ovos-skill-wikipedia.openvoiceos:wikiroulette.intent,wikipedia ao chou
gl,ovos-skill-wolfie.openvoiceos:search_wolfie.intent,preguntar a wolf {query}
gl,ovos-skill-wolfie.openvoiceos:search_wolfie.intent,preguntar a wolfram alpha sobre {query}
gl,ovos-skill-wolfie.openvoiceos:search_wolfie.intent,preguntar a wolfram sobre {query}
gl,ovos-skill-wolfie.openvoiceos:search_wolfie.intent,procurar en wolf {query}
gl,ovos-skill-wolfie.openvoiceos:search_wolfie.intent,procurar en wolfram alpha {query}
gl,ovos-skill-wolfie.openvoiceos:search_wolfie.intent,procurar en wolfram {query}
gl,ovos-skill-wolfie.openvoiceos:search_wolfie.intent,que di wolf sobre {query}
gl,ovos-skill-wolfie.openvoiceos:search_wolfie.intent,que di wolfram alpha sobre {query}
gl,ovos-skill-wolfie.openvoiceos:search_wolfie.intent,que di wolfram sobre {query}
gl,ovos-skill-wordnet.openvoiceos:definition.intent,cal é a definición de {query}
gl,ovos-skill-wordnet.openvoiceos:definition.intent,que é {query}
gl,ovos-skill-wordnet.openvoiceos:search_wordnet.intent,preguntar a word net sobre {query}
gl,ovos-skill-wordnet.openvoiceos:search_wordnet.intent,preguntar a wordnet sobre {query}
gl,ovos-skill-wordnet.openvoiceos:search_wordnet.intent,procurar en word net {query}
gl,ovos-skill-wordnet.openvoiceos:search_wordnet.intent,procurar en wordnet {query}
gl,ovos-skill-wordnet.openvoiceos:search_wordnet.intent,que di word net sobre {query}
gl,ovos-skill-wordnet.openvoiceos:search_wordnet.intent,que di wordnet sobre {query}
gl,ovos-skill-wordnet.openvoiceos:antonym.intent,cal é o antónimo de {query}
gl,ovos-skill-wordnet.openvoiceos:antonym.intent,cales son os antónimos de {query}
gl,ovos-skill-wordnet.openvoiceos:antonym.intent,que é un antónimo de {query}
gl,ovos-skill-wordnet.openvoiceos:hypernym.intent,cal é o hiperónimo de {query}
gl,ovos-skill-wordnet.openvoiceos:hypernym.intent,cales son os hiperónimos de {query}
gl,ovos-skill-wordnet.openvoiceos:hypernym.intent,que é un hiperónimo de {query}
gl,ovos-skill-wordnet.openvoiceos:hyponym.intent,cal é o hipónimo de {query}
gl,ovos-skill-wordnet.openvoiceos:hyponym.intent,cales son os hipónimos de {query}
gl,ovos-skill-wordnet.openvoiceos:hyponym.intent,que é un hipónimo de {query}
gl,ovos-skill-wordnet.openvoiceos:holonym.intent,cal é o holónimo de {query}
gl,ovos-skill-wordnet.openvoiceos:holonym.intent,cales son os holónimos de {query}
gl,ovos-skill-wordnet.openvoiceos:holonym.intent,que é un holónimo de {query}
gl,ovos-skill-wordnet.openvoiceos:lemma.intent,cal é un lema de {query}
gl,ovos-skill-wordnet.openvoiceos:lemma.intent,cales son os lemas de {query}
gl,ovos-skill-wordnet.openvoiceos:lemma.intent,que é o lema de {query}
nl,ovos-skill-wikipedia.openvoiceos:wiki.intent,check wiki naar{query}
nl,ovos-skill-wikipedia.openvoiceos:wiki.intent,check wiki voor{query}
nl,ovos-skill-wikipedia.openvoiceos:wiki.intent,check wikipedia naar{query}
nl,ovos-skill-wikipedia.openvoiceos:wiki.intent,check wikipedia voor{query}
nl,ovos-skill-wikipedia.openvoiceos:wiki.intent,wat zegt wiki over {query}
nl,ovos-skill-wikipedia.openvoiceos:wiki.intent,wat zegt wikipedia over {query}
nl,ovos-skill-wikipedia.openvoiceos:wiki.intent,wiki {query}
nl,ovos-skill-wikipedia.openvoiceos:wiki.intent,wikipedia {query}
nl,ovos-skill-wikipedia.openvoiceos:wiki.intent,zoek op wiki naar{query}
nl,ovos-skill-wikipedia.openvoiceos:wiki.intent,zoek op wiki voor{query}
nl,ovos-skill-wikipedia.openvoiceos:wiki.intent,zoek op wikipedia naar{query}
nl,ovos-skill-wikipedia.openvoiceos:wiki.intent,zoek op wikipedia voor{query}
nl,ovos-skill-wikipedia.openvoiceos:wikiroulette.intent,geef willekeurige wiki
nl,ovos-skill-wikipedia.openvoiceos:wikiroulette.intent,geef willekeurige wikipedia
nl,ovos-skill-wikipedia.openvoiceos:wikiroulette.intent,open willekeurige wiki
nl,ovos-skill-wikipedia.openvoiceos:wikiroulette.intent,open willekeurige wikipedia
nl,ovos-skill-wikipedia.openvoiceos:wikiroulette.intent,toon willekeurige wiki
nl,ovos-skill-wikipedia.openvoiceos:wikiroulette.intent,toon willekeurige wikipedia
nl,ovos-skill-wikipedia.openvoiceos:wikiroulette.intent,verras me met een wikipedia feitje
nl,ovos-skill-wikipedia.openvoiceos:wikiroulette.intent,wiki roulette
nl,ovos-skill-wikipedia.openvoiceos:wikiroulette.intent,wikipedia roulette
nl,ovos-skill-wikipedia.openvoiceos:wikiroulette.intent,willekeurig wiki
nl,ovos-skill-wikipedia.openvoiceos:wikiroulette.intent,willekeurig wikipedia
nl,ovos-skill-wikipedia.openvoiceos:wikiroulette.intent,willekeurige wiki pagina
nl,ovos-skill-wikipedia.openvoiceos:wikiroulette.intent,willekeurige wikipedia pagina
fr,common_query:common_query,ce qui est {query} domaine d'expertise
fr,common_query:common_query,combien d'enfants ont
fr,common_query:common_query,combien d'enfants ont fait
fr,common_query:common_query,c'est quoi sujet de thèse
fr,common_query:common_query,quand est né {query}
fr,common_query:common_query,quand {query} est né
fr,common_query:common_query,quelle est la date de naissance de {query}
fr,common_query:common_query,date de naissance
fr,common_query:common_query,jour de naissance
fr,common_query:common_query,le jour de naissance
fr,common_query:common_query,quand est la naissance
fr,common_query:common_query,quand est-ce que c'est anniversaire
fr,common_query:common_query,quand était né
fr,common_query:common_query,qui est {query}
fr,ovos-skill-ddg.openvoiceos:search_duck.intent,cherche sur duck au sujet de {query}
fr,ovos-skill-ddg.openvoiceos:search_duck.intent,cherche sur duck duck au sujet de {query}
fr,ovos-skill-ddg.openvoiceos:search_duck.intent,cherche sur duck duck go au sujet de {query}
fr,ovos-skill-ddg.openvoiceos:search_duck.intent,demande à duck duck go à propos de {query}
fr,ovos-skill-ddg.openvoiceos:search_duck.intent,demande à duck duck à propos de {query}
fr,ovos-skill-ddg.openvoiceos:search_duck.intent,que dit duck duck go à propos de {query}
fr,ovos-skill-ddg.openvoiceos:search_duck.intent,que dit duck duck à propos de {query}
fr,ovos-skill-ddg.openvoiceos:search_duck.intent,que dit duck à propos de {query}
fr,common_query:common_query,où a obtenu son éducation
fr,common_query:common_query,où elle a eu l'éducation
fr,common_query:common_query,où l'a fait étude
fr,common_query:common_query,date de la mort
fr,common_query:common_query,jour de la mort
fr,common_query:common_query,quand est-ce qu'il est mort
fr,common_query:common_query,quand était la mort
fr,common_query:common_query,où est enterré le mot-clé
fr,common_query:common_query,où est le lieu de repos
fr,common_query:common_query,c'est quoi alma mater
fr,common_query:common_query,le jour où elle est morte
fr,common_query:common_query,le jour où il est mort
fr,common_query:common_query,quand elle est morte
fr,common_query:common_query,quand il est mort
fr,common_query:common_query,quel âge avait le mot-clé sur sa mort
fr,common_query:common_query,quel est le site officiel {query}
fr,common_query:common_query,c'est quoi connue pour
fr,common_query:common_query,ce qui est célèbre pour
fr,ovos-skill-wikipedia.openvoiceos:wiki.intent,cherche sur wiki au sujet de {query}
fr,ovos-skill-wikipedia.openvoiceos:wiki.intent,cherche sur wiki pour {query}
fr,ovos-skill-wikipedia.openvoiceos:wiki.intent,cherche sur wikipédia au sujet de {query}
fr,ovos-skill-wikipedia.openvoiceos:wiki.intent,cherche sur wikipédia pour {query}
fr,ovos-skill-wikipedia.openvoiceos:wiki.intent,parle-moi de {query}
fr,ovos-skill-wikipedia.openvoiceos:wiki.intent,parle-nous de {query}
fr,ovos-skill-wikipedia.openvoiceos:wiki.intent,que dit wiki au sujet de {query}
fr,ovos-skill-wikipedia.openvoiceos:wiki.intent,que dit wiki sur {query}
fr,ovos-skill-wikipedia.openvoiceos:wiki.intent,que dit wikipédia au sujet de {query}
fr,ovos-skill-wikipedia.openvoiceos:wiki.intent,que dit wikipédia sur {query}
fr,ovos-skill-wikipedia.openvoiceos:wiki.intent,recherche sur wiki au sujet de {query}
fr,ovos-skill-wikipedia.openvoiceos:wiki.intent,recherche sur wiki pour {query}
fr,ovos-skill-wikipedia.openvoiceos:wiki.intent,recherche sur wikipédia au sujet de {query}
fr,ovos-skill-wikipedia.openvoiceos:wiki.intent,recherche sur wikipédia pour {query}
fr,ovos-skill-wikipedia.openvoiceos:wiki.intent,vérifie sur wiki au sujet de {query}
fr,ovos-skill-wikipedia.openvoiceos:wiki.intent,vérifie sur wiki pour {query}
fr,ovos-skill-wikipedia.openvoiceos:wiki.intent,vérifie sur wikipédia au sujet de {query}
fr,ovos-skill-wikipedia.openvoiceos:wiki.intent,vérifie sur wikipédia pour {query}
fr,ovos-skill-wikipedia.openvoiceos:wiki.intent,vérifier wiki pour {query}
fr,ovos-skill-wikipedia.openvoiceos:wiki.intent,vérifier wikipédia pour {query}
fr,ovos-skill-wikipedia.openvoiceos:wiki.intent,wiki {query}
fr,ovos-skill-wikipedia.openvoiceos:wiki.intent,wikipédia {query}
fr,ovos-skill-wikipedia.openvoiceos:wiki.intent,{query} sur wiki
fr,ovos-skill-wikipedia.openvoiceos:wiki.intent,{query} sur wikipédia
fr,ovos-skill-wikipedia.openvoiceos:wikiroulette.intent,affiche le wiki aléatoirement
fr,ovos-skill-wikipedia.openvoiceos:wikiroulette.intent,affiche wikipédia aléatoirement
fr,ovos-skill-wikipedia.openvoiceos:wikiroulette.intent,joue à wiki roulette
fr,ovos-skill-wikipedia.openvoiceos:wikiroulette.intent,joue à wikipédia roulette
fr,ovos-skill-wikipedia.openvoiceos:wikiroulette.intent,montre wiki aléatoirement
fr,ovos-skill-wikipedia.openvoiceos:wikiroulette.intent,montre wikipédia aléatoirement
fr,ovos-skill-wikipedia.openvoiceos:wikiroulette.intent,ouvre wiki
fr,ovos-skill-wikipedia.openvoiceos:wikiroulette.intent,ouvre wiki aléatoirement
fr,ovos-skill-wikipedia.openvoiceos:wikiroulette.intent,ouvre wikipédia
fr,ovos-skill-wikipedia.openvoiceos:wikiroulette.intent,ouvre wikipédia aléatoirement
fr,ovos-skill-wikipedia.openvoiceos:wikiroulette.intent,page wiki
fr,ovos-skill-wikipedia.openvoiceos:wikiroulette.intent,page wiki aléatoire
fr,ovos-skill-wikipedia.openvoiceos:wikiroulette.intent,page wikipédia
fr,ovos-skill-wikipedia.openvoiceos:wikiroulette.intent,page wikipédia aléatoire
fr,ovos-skill-wikipedia.openvoiceos:wikiroulette.intent,wiki roulette
fr,ovos-skill-wikipedia.openvoiceos:wikiroulette.intent,wikipédia
fr,ovos-skill-wikipedia.openvoiceos:wikiroulette.intent,wikipédia roulette
fr,ovos-skill-wolfie.openvoiceos:search_wolfie.intent,demande au loup
fr,ovos-skill-wolfie.openvoiceos:search_wolfie.intent,que dit le loup sur la laque
fr,ovos-skill-wolfie.openvoiceos:search_wolfie.intent,ce que dit le loup-garou sur
fr,ovos-skill-wolfie.openvoiceos:search_wolfie.intent,chercher le loup pour {query}
fr,ovos-skill-wolfie.openvoiceos:search_wolfie.intent,chercher wolfram alpha pour {query}
fr,ovos-skill-wolfie.openvoiceos:search_wolfie.intent,posez-vous au loup-garou alpha sur {query}
fr,ovos-skill-wolfie.openvoiceos:search_wolfie.intent,posez-vous la question au loup
fr,ovos-skill-wolfie.openvoiceos:search_wolfie.intent,que dit le wolfram alpha sur {query}
fr,ovos-skill-wordnet.openvoiceos:definition.intent,qu'est-ce qu'il y a
fr,ovos-skill-wordnet.openvoiceos:definition.intent,quelle est la définition de {query}
fr,ovos-skill-wordnet.openvoiceos:search_wordnet.intent,posez un mot net sur {query}
fr,ovos-skill-wordnet.openvoiceos:search_wordnet.intent,ce que le mot net dit sur {query}
fr,ovos-skill-wordnet.openvoiceos:search_wordnet.intent,chercher wordnet pour {query}
fr,ovos-skill-wordnet.openvoiceos:search_wordnet.intent,chercher mot net pour {query}
fr,ovos-skill-wordnet.openvoiceos:search_wordnet.intent,demandez à wordnet de {query}
fr,ovos-skill-wordnet.openvoiceos:search_wordnet.intent,ce que dit wordnet sur {query}
fr,ovos-skill-wordnet.openvoiceos:antonym.intent,quels sont les antonymes de {query}
fr,ovos-skill-wordnet.openvoiceos:antonym.intent,quel est l'antonyme de {query}
fr,ovos-skill-wordnet.openvoiceos:antonym.intent,ce qui est un antonyme de {query}
fr,ovos-skill-wordnet.openvoiceos:hypernym.intent,quel est l'hypernyme de {query}
fr,ovos-skill-wordnet.openvoiceos:hypernym.intent,quels sont les hypernymes de {query}
fr,ovos-skill-wordnet.openvoiceos:hypernym.intent,ce qui est un hypernyme de {query}
fr,ovos-skill-wordnet.openvoiceos:hyponym.intent,qu'est-ce qu'un hyponyme de {query}
fr,ovos-skill-wordnet.openvoiceos:hyponym.intent,ce sont les hyponymes de {query}
fr,ovos-skill-wordnet.openvoiceos:hyponym.intent,quel est l'hyponyme de {query}
fr,ovos-skill-wordnet.openvoiceos:holonym.intent,quels sont les holonymes de {query}
fr,ovos-skill-wordnet.openvoiceos:holonym.intent,ce qui est un holonyme de {query}
fr,ovos-skill-wordnet.openvoiceos:holonym.intent,quel est l'holonyme de {query}
fr,ovos-skill-wordnet.openvoiceos:lemma.intent,ce sont les lemmas de {query}
fr,ovos-skill-wordnet.openvoiceos:lemma.intent,qu'est-ce qu'une lemme de {query}
fr,ovos-skill-wordnet.openvoiceos:lemma.intent,quelle est la lemme de {query}
de,ovos-skill-days-in-history.openvoiceos:today_in_history.intent,dieser tag in der geschichte
de,ovos-skill-days-in-history.openvoiceos:today_in_history.intent,dieses datum in der geschichte
de,ovos-skill-days-in-history.openvoiceos:today_in_history.intent,heute in der geschichte
de,ovos-skill-days-in-history.openvoiceos:today_in_history.intent,nenne mir an diesem datum passiert sind
de,ovos-skill-days-in-history.openvoiceos:today_in_history.intent,nenne mir an diesem datum in der geschichte passiert sind
de,ovos-skill-days-in-history.openvoiceos:today_in_history.intent,nenne mir an diesem tag passiert sind
de,ovos-skill-days-in-history.openvoiceos:today_in_history.intent,nenne mir an diesem tag in der geschichte passiert sind
de,ovos-skill-days-in-history.openvoiceos:today_in_history.intent,nenne mir heute passiert sind
de,ovos-skill-days-in-history.openvoiceos:today_in_history.intent,nenne mir heute in der geschichte passiert sind
de,ovos-skill-days-in-history.openvoiceos:today_in_history.intent,nenne mir historischen ereignissen an diesem datum passiert sind
de,ovos-skill-days-in-history.openvoiceos:today_in_history.intent,nenne mir historischen ereignissen an diesem datum in der geschichte passiert sind
de,ovos-skill-days-in-history.openvoiceos:today_in_history.intent,nenne mir historischen ereignissen an diesem tag passiert sind
de,ovos-skill-days-in-history.openvoiceos:today_in_history.intent,nenne mir historischen ereignissen an diesem tag in der geschichte passiert sind
de,ovos-skill-days-in-history.openvoiceos:today_in_history.intent,nenne mir historischen ereignissen heute passiert sind
de,ovos-skill-days-in-history.openvoiceos:today_in_history.intent,nenne mir historischen ereignissen heute in der geschichte passiert sind
de,ovos-skill-days-in-history.openvoiceos:today_in_history.intent,nenne mir von am {date} passiert sind
de,ovos-skill-days-in-history.openvoiceos:today_in_history.intent,nenne mir von am {date} in der geschichte passiert sind
de,ovos-skill-days-in-history.openvoiceos:today_in_history.intent,nenne mir von historischen ereignissen am {date} passiert sind
de,ovos-skill-days-in-history.openvoiceos:today_in_history.intent,nenne mir von historischen ereignissen am {date} in der geschichte passiert sind
de,ovos-skill-days-in-history.openvoiceos:today_in_history.intent,welche am {date} passiert sind
de,ovos-skill-days-in-history.openvoiceos:today_in_history.intent,welche am {date} in der geschichte passiert sind
de,ovos-skill-days-in-history.openvoiceos:today_in_history.intent,welche an diesem datum passiert sind
de,ovos-skill-days-in-history.openvoiceos:today_in_history.intent,welche an diesem datum in der geschichte passiert sind
de,ovos-skill-days-in-history.openvoiceos:today_in_history.intent,welche an diesem tag passiert sind
de,ovos-skill-days-in-history.openvoiceos:today_in_history.intent,welche an diesem tag in der geschichte passiert sind
de,ovos-skill-days-in-history.openvoiceos:today_in_history.intent,welche heute passiert sind
de,ovos-skill-days-in-history.openvoiceos:today_in_history.intent,welche heute in der geschichte passiert sind
de,ovos-skill-days-in-history.openvoiceos:today_in_history.intent,welche historischen ereignissen am {date} passiert sind
de,ovos-skill-days-in-history.openvoiceos:today_in_history.intent,welche historischen ereignissen am {date} in der geschichte passiert sind
de,ovos-skill-days-in-history.openvoiceos:today_in_history.intent,welche historischen ereignissen an diesem datum passiert sind
de,ovos-skill-days-in-history.openvoiceos:today_in_history.intent,welche historischen ereignissen an diesem datum in der geschichte passiert sind
de,ovos-skill-days-in-history.openvoiceos:today_in_history.intent,welche historischen ereignissen an diesem tag passiert sind
de,ovos-skill-days-in-history.openvoiceos:today_in_history.intent,welche historischen ereignissen an diesem tag in der geschichte passiert sind
de,ovos-skill-days-in-history.openvoiceos:today_in_history.intent,welche historischen ereignissen heute passiert sind
de,ovos-skill-days-in-history.openvoiceos:today_in_history.intent,welche historischen ereignissen heute in der geschichte passiert sind
de,ovos-skill-days-in-history.openvoiceos:deaths_in_history.intent,wer ist heute in der geschichte gestorben
de,common_query:common_query,was ist das fachgebiet von {query}
de,common_query:common_query,wie viele kinder hat {query}
de,common_query:common_query,wie viele kinder hatte {query}
de,common_query:common_query,was ist {query} diplomarbeitsthema
de,common_query:common_query,wann ist der geburtstag von {query}
de,common_query:common_query,wann wurde {query} geboren
de,common_query:common_query,was ist das geburtsdatum von {query}
de,common_query:common_query,was ist das geburtstag von {query}
de,common_query:common_query,was ist der geburtsdatum von {query}
de,common_query:common_query,was ist der geburtstag von {query}
de,common_query:common_query,was ist {query} geburtsdatum
de,common_query:common_query,geburtstag von {query}
de,common_query:common_query,wer ist {query}
de,ovos-skill-ddg.openvoiceos:search_duck.intent,frage duck duck go nach {query}
de,ovos-skill-ddg.openvoiceos:search_duck.intent,frage duck duck nach {query}
de,ovos-skill-ddg.openvoiceos:search_duck.intent,suche auf duck duck go nach {query}
de,ovos-skill-ddg.openvoiceos:search_duck.intent,suche die ente nach {query}
de,ovos-skill-ddg.openvoiceos:search_duck.intent,suche duck duck nach {query}
de,ovos-skill-ddg.openvoiceos:search_duck.intent,was sagt die ente über {query}
de,ovos-skill-ddg.openvoiceos:search_duck.intent,was sagt die duck duck go über {query}
de,ovos-skill-ddg.openvoiceos:search_duck.intent,was weiß duck duck go über {query}
de,ovos-skill-ddg.openvoiceos:search_duck.intent,was weiß d d g über {query}
de,common_query:common_query,wo hat {query} ihre ausbildung erhalten
de,common_query:common_query,wo hat {query} ihre ausbildung gemacht
de,common_query:common_query,wo hat {query} seine ausbildung erhalten
de,common_query:common_query,wo hat {query} seine ausbildung gemacht
de,common_query:common_query,wo hat {query} studiert
de,common_query:common_query,wann ist der todestag von {query}
de,common_query:common_query,wann ist {query} gestorben
de,common_query:common_query,{query}s todestag
de,common_query:common_query,wo ist das grab von {query}
de,common_query:common_query,wo ist {query} begraben
de,common_query:common_query,was ist die universität von {query}
de,common_query:common_query,wie alt war {query} als er starb
de,common_query:common_query,wie alt war {query} als sie starb
de,common_query:common_query,wie alt war {query} an dem tag als er starb
de,common_query:common_query,wie alt war {query} an dem tag als sie starb
de,common_query:common_query,wie alt war {query} bei seinem tod
de,common_query:common_query,was ist die offizielle website von {query}
de,common_query:common_query,wofür ist {query} bekannt
de,common_query:common_query,wofür ist {query} berühmt
de,ovos-skill-wikihow.openvoiceos:wikihow.intent,schritt für schritt {query}
de,ovos-skill-wikihow.openvoiceos:wikihow.intent,erkläre schritt für schritt {query}
de,ovos-skill-wikihow.openvoiceos:wikihow.intent,schritte für {query}
de,ovos-skill-wikihow.openvoiceos:wikihow.intent,wie kann ich {query}
de,ovos-skill-wikihow.openvoiceos:wikihow.intent,wie mache ich {query}
de,ovos-skill-wikihow.openvoiceos:wikihow.intent,wie macht man {query}
de,ovos-skill-wikihow.openvoiceos:wikihow.intent,suche in wiki how {query}
de,ovos-skill-wikihow.openvoiceos:wikihow.intent,suche in wiki how nach {query}
de,ovos-skill-wikihow.openvoiceos:wikihow.intent,suche in wikihow {query}
de,ovos-skill-wikihow.openvoiceos:wikihow.intent,suche in wikihow nach {query}
de,ovos-skill-wikihow.openvoiceos:wikihow.intent,was sagt wiki how über {query}
de,ovos-skill-wikihow.openvoiceos:wikihow.intent,was sagt wikihow über {query}
de,ovos-skill-wikipedia.openvoiceos:wiki.intent,erzähl mir von {query}
de,ovos-skill-wikipedia.openvoiceos:wiki.intent,erzähl uns von {query}
de,ovos-skill-wikipedia.openvoiceos:wiki.intent,finde details zu {query} auf wiki
de,ovos-skill-wikipedia.openvoiceos:wiki.intent,finde details zu {query} auf wikipedia
de,ovos-skill-wikipedia.openvoiceos:wiki.intent,suche auf wiki nach details zu {query}
de,ovos-skill-wikipedia.openvoiceos:wiki.intent,suche auf wikipedia nach details zu {query}
de,ovos-skill-wikipedia.openvoiceos:wiki.intent,suche bei wikipedia nach {query}
de,ovos-skill-wikipedia.openvoiceos:wiki.intent,suche in wikipedia nach {query}
de,ovos-skill-wikipedia.openvoiceos:wiki.intent,suche wiki für {query}
de,ovos-skill-wikipedia.openvoiceos:wiki.intent,was sagt wikipedia über {query}
de,ovos-skill-wikipedia.openvoiceos:wiki.intent,gib mir informationen zu {query} von wiki
de,ovos-skill-wikipedia.openvoiceos:wiki.intent,gib mir informationen zu {query} von wikipedia
de,ovos-skill-wikipedia.openvoiceos:wiki.intent,was ist der wiki eintrag für {query}
de,ovos-skill-wikipedia.openvoiceos:wiki.intent,was ist der wikipedia eintrag für {query}
de,ovos-skill-wikipedia.openvoiceos:wiki.intent,was ist über {query} auf wiki bekannt
de,ovos-skill-wikipedia.openvoiceos:wiki.intent,was ist über {query} auf wikipedia bekannt
de,ovos-skill-wikipedia.openvoiceos:wiki.intent,was wiki sagt über {query}
de,ovos-skill-wikipedia.openvoiceos:wiki.intent,wiki {query}
de,ovos-skill-wikipedia.openvoiceos:wiki.intent,wkipedia {query}
de,ovos-skill-wikipedia.openvoiceos:wikiroulette.intent,wikipedia roulette
de,ovos-skill-wikipedia.openvoiceos:wikiroulette.intent,spiele das wiki roulette
de,ovos-skill-wikipedia.openvoiceos:wikiroulette.intent,spiele das wikipedia roulette
de,ovos-skill-wikipedia.openvoiceos:wikiroulette.intent,spiele wiki roulette
de,ovos-skill-wikipedia.openvoiceos:wikiroulette.intent,spiele wikipedia roulette
de,ovos-skill-wikipedia.openvoiceos:wikiroulette.intent,starte zufälliges wiki
de,ovos-skill-wikipedia.openvoiceos:wikiroulette.intent,starte zufälliges wikipedia
de,ovos-skill-wikipedia.openvoiceos:wikiroulette.intent,wiki roulette
de,ovos-skill-wikipedia.openvoiceos:wikiroulette.intent,zeige zufälliges wiki
de,ovos-skill-wikipedia.openvoiceos:wikiroulette.intent,zeige zufälliges wikipedia
de,ovos-skill-wikipedia.openvoiceos:wikiroulette.intent,zufällige wiki seite
de,ovos-skill-wikipedia.openvoiceos:wikiroulette.intent,zufällige wikipedia seite
de,ovos-skill-wikipedia.openvoiceos:wikiroulette.intent,zufälliges wiki
de,ovos-skill-wikipedia.openvoiceos:wikiroulette.intent,zufälliges wikipedia
de,ovos-skill-wikipedia.openvoiceos:wikiroulette.intent,öffne zufälliges wiki
de,ovos-skill-wikipedia.openvoiceos:wikiroulette.intent,öffne zufälliges wikipedia
de,ovos-skill-wolfie.openvoiceos:search_wolfie.intent,frage wolfram alpha über {query}
de,ovos-skill-wolfie.openvoiceos:search_wolfie.intent,suche wolf für {query}
de,ovos-skill-wolfie.openvoiceos:search_wolfie.intent,suche den wolf nach {query}
de,ovos-skill-wolfie.openvoiceos:search_wolfie.intent,suche wolfram alpha nach {query}
de,ovos-skill-wolfie.openvoiceos:search_wolfie.intent,befragen den wolf über {query}
de,ovos-skill-wolfie.openvoiceos:search_wolfie.intent,frage den wolf nach {query}
de,ovos-skill-wolfie.openvoiceos:search_wolfie.intent,frage den wolf {query}
de,ovos-skill-wolfie.openvoiceos:search_wolfie.intent,was sagt wolfram alpha über {query}
de,ovos-skill-wolfie.openvoiceos:search_wolfie.intent,was sagt wolfram über {query}
de,ovos-skill-wolfie.openvoiceos:search_wolfie.intent,was sagt der wolf über {query}
de,ovos-skill-wordnet.openvoiceos:definition.intent,was ist ein {query}
de,ovos-skill-wordnet.openvoiceos:definition.intent,was ist eine {query}
de,ovos-skill-wordnet.openvoiceos:definition.intent,was ist die definition von {query}
de,ovos-skill-wordnet.openvoiceos:search_wordnet.intent,befrage wordnet über {query}
de,ovos-skill-wordnet.openvoiceos:search_wordnet.intent,suche im wordnet nach {query}
de,ovos-skill-wordnet.openvoiceos:search_wordnet.intent,suche im word net nach {query}
de,ovos-skill-wordnet.openvoiceos:search_wordnet.intent,frage word net nach {query}
de,ovos-skill-wordnet.openvoiceos:search_wordnet.intent,was sagt wordnet über {query}
de,ovos-skill-wordnet.openvoiceos:search_wordnet.intent,was sagt word net über {query}
de,ovos-skill-wordnet.openvoiceos:antonym.intent,was das gegenteil von {query}
de,ovos-skill-wordnet.openvoiceos:antonym.intent,was ist das gegenteil von {query}
de,ovos-skill-wordnet.openvoiceos:antonym.intent,was sind gegenteile von {query}
de,ovos-skill-wordnet.openvoiceos:hypernym.intent,was ist der oberbegriff für {query}
de,ovos-skill-wordnet.openvoiceos:hypernym.intent,was ist ein oberbegriff für {query}
de,ovos-skill-wordnet.openvoiceos:hypernym.intent,was sind oberbegriffe für {query}
de,ovos-skill-wordnet.openvoiceos:hyponym.intent,was ist die unterkategorie {query}
de,ovos-skill-wordnet.openvoiceos:hyponym.intent,was ist eine unterkategorie von {query}
de,ovos-skill-wordnet.openvoiceos:hyponym.intent,was sind unterkategorien von {query}
de,ovos-skill-wordnet.openvoiceos:hyponym.intent,was sind die unterkategorien von {query}
de,ovos-skill-wordnet.openvoiceos:holonym.intent,wovon ist {query} ein teil von
de,ovos-skill-wordnet.openvoiceos:holonym.intent,was ist das holonym von {query}
de,ovos-skill-wordnet.openvoiceos:holonym.intent,was ist die übergeordnete kategorie von {query}
de,ovos-skill-wordnet.openvoiceos:holonym.intent,was sind die holonyme von {query}
de,ovos-skill-wordnet.openvoiceos:lemma.intent,was ist das lemma von {query}
de,ovos-skill-wordnet.openvoiceos:lemma.intent,was ist die grundform von {query}
de,ovos-skill-wordnet.openvoiceos:lemma.intent,was sind die lemmata von {query}
ca,ovos-skill-days-in-history.openvoiceos:births_in_history.intent,qui nasqué tal dia com avui
ca,ovos-skill-days-in-history.openvoiceos:births_in_history.intent,qui nasqué tal dia com avui a la història
ca,ovos-skill-days-in-history.openvoiceos:births_in_history.intent,qui nasqué tal dia com avui en la història
ca,ovos-skill-days-in-history.openvoiceos:births_in_history.intent,qui nasqué tal dia com hui
ca,ovos-skill-days-in-history.openvoiceos:births_in_history.intent,qui nasqué tal dia com hui a la història
ca,ovos-skill-days-in-history.openvoiceos:births_in_history.intent,qui nasqué tal dia com hui en la història
ca,ovos-skill-days-in-history.openvoiceos:births_in_history.intent,qui va néixer tal dia com avui
ca,ovos-skill-days-in-history.openvoiceos:births_in_history.intent,qui va néixer tal dia com avui a la història
ca,ovos-skill-days-in-history.openvoiceos:births_in_history.intent,qui va néixer tal dia com avui en la història
ca,ovos-skill-days-in-history.openvoiceos:births_in_history.intent,qui va néixer tal dia com hui
ca,ovos-skill-days-in-history.openvoiceos:births_in_history.intent,qui va néixer tal dia com hui a la història
ca,ovos-skill-days-in-history.openvoiceos:births_in_history.intent,qui va néixer tal dia com hui en la història
ca,ovos-skill-days-in-history.openvoiceos:today_in_history.intent,aquesta data
ca,ovos-skill-days-in-history.openvoiceos:today_in_history.intent,aquesta data a la història
ca,ovos-skill-days-in-history.openvoiceos:today_in_history.intent,aquesta data en la història
ca,ovos-skill-days-in-history.openvoiceos:today_in_history.intent,avui
ca,ovos-skill-days-in-history.openvoiceos:today_in_history.intent,avui a la història
ca,ovos-skill-days-in-history.openvoiceos:today_in_history.intent,avui en la història
ca,ovos-skill-days-in-history.openvoiceos:today_in_history.intent,esta data
ca,ovos-skill-days-in-history.openvoiceos:today_in_history.intent,esta data a la història
ca,ovos-skill-days-in-history.openvoiceos:today_in_history.intent,esta data en la història
ca,ovos-skill-days-in-history.openvoiceos:today_in_history.intent,explica'm passaren aquest dia
ca,ovos-skill-days-in-history.openvoiceos:today_in_history.intent,explica'm passaren aquest dia a la història
ca,ovos-skill-days-in-history.openvoiceos:today_in_history.intent,explica'm passaren aquest dia en la història
ca,ovos-skill-days-in-history.openvoiceos:today_in_history.intent,explica'm passaren avui
ca,ovos-skill-days-in-history.openvoiceos:today_in_history.intent,explica'm passaren avui a la història
ca,ovos-skill-days-in-history.openvoiceos:today_in_history.intent,explica'm passaren avui en la història
ca,ovos-skill-days-in-history.openvoiceos:today_in_history.intent,explica'm passaren en aquesta data
ca,ovos-skill-days-in-history.openvoiceos:today_in_history.intent,explica'm passaren en aquesta data a la història
ca,ovos-skill-days-in-history.openvoiceos:today_in_history.intent,explica'm passaren en aquesta data en la història
ca,ovos-skill-days-in-history.openvoiceos:today_in_history.intent,explica'm passaren en esta data
ca,ovos-skill-days-in-history.openvoiceos:today_in_history.intent,explica'm passaren en esta data a la història
ca,ovos-skill-days-in-history.openvoiceos:today_in_history.intent,explica'm passaren en esta data en la història
ca,ovos-skill-days-in-history.openvoiceos:today_in_history.intent,explica'm passaren este dia
ca,ovos-skill-days-in-history.openvoiceos:today_in_history.intent,explica'm passaren este dia a la història
ca,ovos-skill-days-in-history.openvoiceos:today_in_history.intent,explica'm passaren este dia en la història
ca,ovos-skill-days-in-history.openvoiceos:today_in_history.intent,explica'm passaren hui
ca,ovos-skill-days-in-history.openvoiceos:today_in_history.intent,explica'm passaren hui a la història
ca,ovos-skill-days-in-history.openvoiceos:today_in_history.intent,explica'm passaren hui en la història
ca,ovos-skill-days-in-history.openvoiceos:today_in_history.intent,explica'm passà aquest dia
ca,ovos-skill-days-in-history.openvoiceos:today_in_history.intent,explica'm passà aquest dia a la història
ca,ovos-skill-days-in-history.openvoiceos:today_in_history.intent,explica'm passà aquest dia en la història
ca,ovos-skill-days-in-history.openvoiceos:today_in_history.intent,explica'm passà avui
ca,ovos-skill-days-in-history.openvoiceos:today_in_history.intent,explica'm passà avui a la història
ca,ovos-skill-days-in-history.openvoiceos:today_in_history.intent,explica'm passà avui en la història
ca,ovos-skill-days-in-history.openvoiceos:today_in_history.intent,explica'm passà en aquesta data
ca,ovos-skill-days-in-history.openvoiceos:today_in_history.intent,explica'm passà en aquesta data a la història
ca,ovos-skill-days-in-history.openvoiceos:today_in_history.intent,explica'm passà en aquesta data en la història
ca,ovos-skill-days-in-history.openvoiceos:today_in_history.intent,explica'm passà en esta data
ca,ovos-skill-days-in-history.openvoiceos:today_in_history.intent,explica'm passà en esta data a la història
ca,ovos-skill-days-in-history.openvoiceos:today_in_history.intent,explica'm passà en esta data en la història
ca,ovos-skill-days-in-history.openvoiceos:today_in_history.intent,explica'm passà este dia
ca,ovos-skill-days-in-history.openvoiceos:today_in_history.intent,explica'm passà este dia a la història
ca,ovos-skill-days-in-history.openvoiceos:today_in_history.intent,explica'm passà este dia en la història
ca,ovos-skill-days-in-history.openvoiceos:today_in_history.intent,explica'm passà hui
ca,ovos-skill-days-in-history.openvoiceos:today_in_history.intent,explica'm passà hui a la història
ca,ovos-skill-days-in-history.openvoiceos:today_in_history.intent,explica'm passà hui en la història
ca,ovos-skill-days-in-history.openvoiceos:today_in_history.intent,explica'm succeiren amb data {date}
ca,ovos-skill-days-in-history.openvoiceos:today_in_history.intent,explica'm succeiren amb data {date} a la història
ca,ovos-skill-days-in-history.openvoiceos:today_in_history.intent,explica'm succeiren amb data {date} en la història
ca,ovos-skill-days-in-history.openvoiceos:today_in_history.intent,explica'm succeiren el {date}
ca,ovos-skill-days-in-history.openvoiceos:today_in_history.intent,explica'm succeiren el {date} a la història
ca,ovos-skill-days-in-history.openvoiceos:today_in_history.intent,explica'm succeiren el {date} en la història
ca,ovos-skill-days-in-history.openvoiceos:today_in_history.intent,explica'm succeiren en data {date}
ca,ovos-skill-days-in-history.openvoiceos:today_in_history.intent,explica'm succeiren en data {date} a la història
ca,ovos-skill-days-in-history.openvoiceos:today_in_history.intent,explica'm succeiren en data {date} en la història
ca,ovos-skill-days-in-history.openvoiceos:today_in_history.intent,explica'm succeiren en {date}
ca,ovos-skill-days-in-history.openvoiceos:today_in_history.intent,explica'm succeiren en {date} a la història
ca,ovos-skill-days-in-history.openvoiceos:today_in_history.intent,explica'm succeiren en {date} en la història
ca,ovos-skill-days-in-history.openvoiceos:today_in_history.intent,explica'm succeí amb data {date}
ca,ovos-skill-days-in-history.openvoiceos:today_in_history.intent,explica'm succeí amb data {date} a la història
ca,ovos-skill-days-in-history.openvoiceos:today_in_history.intent,explica'm succeí amb data {date} en la història
ca,ovos-skill-days-in-history.openvoiceos:today_in_history.intent,explica'm succeí el {date}
ca,ovos-skill-days-in-history.openvoiceos:today_in_history.intent,explica'm succeí el {date} a la història
ca,ovos-skill-days-in-history.openvoiceos:today_in_history.intent,explica'm succeí el {date} en la història
ca,ovos-skill-days-in-history.openvoiceos:today_in_history.intent,explica'm succeí en data {date}
ca,ovos-skill-days-in-history.openvoiceos:today_in_history.intent,explica'm succeí en data {date} a la història
ca,ovos-skill-days-in-history.openvoiceos:today_in_history.intent,explica'm succeí en data {date} en la història
ca,ovos-skill-days-in-history.openvoiceos:today_in_history.intent,explica'm succeí en {date}
ca,ovos-skill-days-in-history.openvoiceos:today_in_history.intent,explica'm succeí en {date} a la història
ca,ovos-skill-days-in-history.openvoiceos:today_in_history.intent,explica'm succeí en {date} en la història
ca,ovos-skill-days-in-history.openvoiceos:today_in_history.intent,explica'm va passar aquest dia
ca,ovos-skill-days-in-history.openvoiceos:today_in_history.intent,explica'm va passar aquest dia a la història
ca,ovos-skill-days-in-history.openvoiceos:today_in_history.intent,explica'm va passar aquest dia en la història
ca,ovos-skill-days-in-history.openvoiceos:today_in_history.intent,explica'm va passar avui
ca,ovos-skill-days-in-history.openvoiceos:today_in_history.intent,explica'm va passar avui a la història
ca,ovos-skill-days-in-history.openvoiceos:today_in_history.intent,explica'm va passar avui en la història
ca,ovos-skill-days-in-history.openvoiceos:today_in_history.intent,explica'm va passar en aquesta data
ca,ovos-skill-days-in-history.openvoiceos:today_in_history.intent,explica'm va passar en aquesta data a la història
ca,ovos-skill-days-in-history.openvoiceos:today_in_history.intent,explica'm va passar en aquesta data en la història
ca,ovos-skill-days-in-history.openvoiceos:today_in_history.intent,explica'm va passar en esta data
ca,ovos-skill-days-in-history.openvoiceos:today_in_history.intent,explica'm va passar en esta data a la història
ca,ovos-skill-days-in-history.openvoiceos:today_in_history.intent,explica'm va passar en esta data en la història
ca,ovos-skill-days-in-history.openvoiceos:today_in_history.intent,explica'm va passar este dia
ca,ovos-skill-days-in-history.openvoiceos:today_in_history.intent,explica'm va passar este dia a la història
ca,ovos-skill-days-in-history.openvoiceos:today_in_history.intent,explica'm va passar este dia en la història
ca,ovos-skill-days-in-history.openvoiceos:today_in_history.intent,explica'm va passar hui
ca,ovos-skill-days-in-history.openvoiceos:today_in_history.intent,explica'm va passar hui a la història
ca,ovos-skill-days-in-history.openvoiceos:today_in_history.intent,explica'm va passar hui en la història
ca,ovos-skill-days-in-history.openvoiceos:today_in_history.intent,explica'm va succeir amb data {date}
ca,ovos-skill-days-in-history.openvoiceos:today_in_history.intent,explica'm va succeir amb data {date} a la història
ca,ovos-skill-days-in-history.openvoiceos:today_in_history.intent,explica'm va succeir amb data {date} en la història
ca,ovos-skill-days-in-history.openvoiceos:today_in_history.intent,explica'm va succeir el {date}
ca,ovos-skill-days-in-history.openvoiceos:today_in_history.intent,explica'm va succeir el {date} a la història
ca,ovos-skill-days-in-history.openvoiceos:today_in_history.intent,explica'm va succeir el {date} en la història
ca,ovos-skill-days-in-history.openvoiceos:today_in_history.intent,explica'm va succeir en data {date}
ca,ovos-skill-days-in-history.openvoiceos:today_in_history.intent,explica'm va succeir en data {date} a la història
ca,ovos-skill-days-in-history.openvoiceos:today_in_history.intent,explica'm va succeir en data {date} en la història
ca,ovos-skill-days-in-history.openvoiceos:today_in_history.intent,explica'm va succeir en {date}
ca,ovos-skill-days-in-history.openvoiceos:today_in_history.intent,explica'm va succeir en {date} a la història
ca,ovos-skill-days-in-history.openvoiceos:today_in_history.intent,explica'm va succeir en {date} en la història
ca,ovos-skill-days-in-history.openvoiceos:today_in_history.intent,explica'm van passar aquest dia
ca,ovos-skill-days-in-history.openvoiceos:today_in_history.intent,explica'm van passar aquest dia a la història
ca,ovos-skill-days-in-history.openvoiceos:today_in_history.intent,explica'm van passar aquest dia en la història
ca,ovos-skill-days-in-history.openvoiceos:today_in_history.intent,explica'm van passar avui
ca,ovos-skill-days-in-history.openvoiceos:today_in_history.intent,explica'm van passar avui a la història
ca,ovos-skill-days-in-history.openvoiceos:today_in_history.intent,explica'm van passar avui en la història
ca,ovos-skill-days-in-history.openvoiceos:today_in_history.intent,explica'm van passar en aquesta data
ca,ovos-skill-days-in-history.openvoiceos:today_in_history.intent,explica'm van passar en aquesta data a la història
ca,ovos-skill-days-in-history.openvoiceos:today_in_history.intent,explica'm van passar en aquesta data en la història
ca,ovos-skill-days-in-history.openvoiceos:today_in_history.intent,explica'm van passar en esta data
ca,ovos-skill-days-in-history.openvoiceos:today_in_history.intent,explica'm van passar en esta data a la història
ca,ovos-skill-days-in-history.openvoiceos:today_in_history.intent,explica'm van passar en esta data en la història
ca,ovos-skill-days-in-history.openvoiceos:today_in_history.intent,explica'm van passar este dia
ca,ovos-skill-days-in-history.openvoiceos:today_in_history.intent,explica'm van passar este dia a la història
ca,ovos-skill-days-in-history.openvoiceos:today_in_history.intent,explica'm van passar este dia en la història
ca,ovos-skill-days-in-history.openvoiceos:today_in_history.intent,explica'm van passar hui
ca,ovos-skill-days-in-history.openvoiceos:today_in_history.intent,explica'm van passar hui a la història
ca,ovos-skill-days-in-history.openvoiceos:today_in_history.intent,explica'm van passar hui en la història
ca,ovos-skill-days-in-history.openvoiceos:today_in_history.intent,explica'm van succeir amb data {date}
ca,ovos-skill-days-in-history.openvoiceos:today_in_history.intent,explica'm van succeir amb data {date} a la història
ca,ovos-skill-days-in-history.openvoiceos:today_in_history.intent,explica'm van succeir amb data {date} en la història
ca,ovos-skill-days-in-history.openvoiceos:today_in_history.intent,explica'm van succeir el {date}
ca,ovos-skill-days-in-history.openvoiceos:today_in_history.intent,explica'm van succeir el {date} a la història
ca,ovos-skill-days-in-history.openvoiceos:today_in_history.intent,explica'm van succeir el {date} en la història
ca,ovos-skill-days-in-history.openvoiceos:today_in_history.intent,explica'm van succeir en data {date}
ca,ovos-skill-days-in-history.openvoiceos:today_in_history.intent,explica'm van succeir en data {date} a la història
ca,ovos-skill-days-in-history.openvoiceos:today_in_history.intent,explica'm van succeir en data {date} en la història
ca,ovos-skill-days-in-history.openvoiceos:today_in_history.intent,explica'm van succeir en {date}
ca,ovos-skill-days-in-history.openvoiceos:today_in_history.intent,explica'm van succeir en {date} a la història
ca,ovos-skill-days-in-history.openvoiceos:today_in_history.intent,explica'm van succeir en {date} en la història
ca,ovos-skill-days-in-history.openvoiceos:today_in_history.intent,explica'm esdeveniments històrics passaren aquest dia
ca,ovos-skill-days-in-history.openvoiceos:today_in_history.intent,explica'm esdeveniments històrics passaren aquest dia a la història
ca,ovos-skill-days-in-history.openvoiceos:today_in_history.intent,explica'm esdeveniments històrics passaren aquest dia en la història
ca,ovos-skill-days-in-history.openvoiceos:today_in_history.intent,explica'm esdeveniments històrics passaren avui
ca,ovos-skill-days-in-history.openvoiceos:today_in_history.intent,explica'm esdeveniments històrics passaren avui a la història
ca,ovos-skill-days-in-history.openvoiceos:today_in_history.intent,explica'm esdeveniments històrics passaren avui en la història
ca,ovos-skill-days-in-history.openvoiceos:today_in_history.intent,explica'm esdeveniments històrics passaren en aquesta data
ca,ovos-skill-days-in-history.openvoiceos:today_in_history.intent,explica'm esdeveniments històrics passaren en aquesta data a la història
ca,ovos-skill-days-in-history.openvoiceos:today_in_history.intent,explica'm esdeveniments històrics passaren en aquesta data en la història
ca,ovos-skill-days-in-history.openvoiceos:today_in_history.intent,explica'm esdeveniments històrics passaren en esta data
ca,ovos-skill-days-in-history.openvoiceos:today_in_history.intent,explica'm esdeveniments històrics passaren en esta data a la història
ca,ovos-skill-days-in-history.openvoiceos:today_in_history.intent,explica'm esdeveniments històrics passaren en esta data en la història
ca,ovos-skill-days-in-history.openvoiceos:today_in_history.intent,explica'm esdeveniments històrics passaren este dia
ca,ovos-skill-days-in-history.openvoiceos:today_in_history.intent,explica'm esdeveniments històrics passaren este dia a la història
ca,ovos-skill-days-in-history.openvoiceos:today_in_history.intent,explica'm esdeveniments històrics passaren este dia en la història
ca,ovos-skill-days-in-history.openvoiceos:today_in_history.intent,explica'm esdeveniments històrics passaren hui
ca,ovos-skill-days-in-history.openvoiceos:today_in_history.intent,explica'm esdeveniments històrics passaren hui a la història
ca,ovos-skill-days-in-history.openvoiceos:today_in_history.intent,explica'm esdeveniments històrics passaren hui en la història
ca,ovos-skill-days-in-history.openvoiceos:today_in_history.intent,explica'm esdeveniments històrics passà aquest dia
ca,ovos-skill-days-in-history.openvoiceos:today_in_history.intent,explica'm esdeveniments històrics passà aquest dia a la història
ca,ovos-skill-days-in-history.openvoiceos:today_in_history.intent,explica'm esdeveniments històrics passà aquest dia en la història
ca,ovos-skill-days-in-history.openvoiceos:today_in_history.intent,explica'm esdeveniments històrics passà avui
ca,ovos-skill-days-in-history.openvoiceos:today_in_history.intent,explica'm esdeveniments històrics passà avui a la història
ca,ovos-skill-days-in-history.openvoiceos:today_in_history.intent,explica'm esdeveniments històrics passà avui en la història
ca,ovos-skill-days-in-history.openvoiceos:today_in_history.intent,explica'm esdeveniments històrics passà en aquesta data
ca,ovos-skill-days-in-history.openvoiceos:today_in_history.intent,explica'm esdeveniments històrics passà en aquesta data a la història
ca,ovos-skill-days-in-history.openvoiceos:today_in_history.intent,explica'm esdeveniments històrics passà en aquesta data en la història
ca,ovos-skill-days-in-history.openvoiceos:today_in_history.intent,explica'm esdeveniments històrics passà en esta data
ca,ovos-skill-days-in-history.openvoiceos:today_in_history.intent,explica'm esdeveniments històrics passà en esta data a la història
ca,ovos-skill-days-in-history.openvoiceos:today_in_history.intent,explica'm esdeveniments històrics passà en esta data en la història
ca,ovos-skill-days-in-history.openvoiceos:today_in_history.intent,explica'm esdeveniments històrics passà este dia
ca,ovos-skill-days-in-history.openvoiceos:today_in_history.intent,explica'm esdeveniments històrics passà este dia a la història
ca,ovos-skill-days-in-history.openvoiceos:today_in_history.intent,explica'm esdeveniments històrics passà este dia en la història
ca,ovos-skill-days-in-history.openvoiceos:today_in_history.intent,explica'm esdeveniments històrics passà hui
ca,ovos-skill-days-in-history.openvoiceos:today_in_history.intent,explica'm esdeveniments històrics passà hui a la història
ca,ovos-skill-days-in-history.openvoiceos:today_in_history.intent,explica'm esdeveniments històrics passà hui en la història
ca,ovos-skill-days-in-history.openvoiceos:today_in_history.intent,explica'm esdeveniments històrics succeiren amb data {date}
ca,ovos-skill-days-in-history.openvoiceos:today_in_history.intent,explica'm esdeveniments històrics succeiren amb data {date} a la història
ca,ovos-skill-days-in-history.openvoiceos:today_in_history.intent,explica'm esdeveniments històrics succeiren amb data {date} en la història
ca,ovos-skill-days-in-history.openvoiceos:today_in_history.intent,explica'm esdeveniments històrics succeiren el {date}
ca,ovos-skill-days-in-history.openvoiceos:today_in_history.intent,explica'm esdeveniments històrics succeiren el {date} a la història
ca,ovos-skill-days-in-history.openvoiceos:today_in_history.intent,explica'm esdeveniments històrics succeiren el {date} en la història
ca,ovos-skill-days-in-history.openvoiceos:today_in_history.intent,explica'm esdeveniments històrics succeiren en data {date}
ca,ovos-skill-days-in-history.openvoiceos:today_in_history.intent,explica'm esdeveniments històrics succeiren en data {date} a la història
ca,ovos-skill-days-in-history.openvoiceos:today_in_history.intent,explica'm esdeveniments històrics succeiren en data {date} en la història
ca,ovos-skill-days-in-history.openvoiceos:today_in_history.intent,explica'm esdeveniments històrics succeiren en {date}
ca,ovos-skill-days-in-history.openvoiceos:today_in_history.intent,explica'm esdeveniments històrics succeiren en {date} a la història
ca,ovos-skill-days-in-history.openvoiceos:today_in_history.intent,explica'm esdeveniments històrics succeiren en {date} en la història
ca,ovos-skill-days-in-history.openvoiceos:today_in_history.intent,explica'm esdeveniments històrics succeí amb data {date}
ca,ovos-skill-days-in-history.openvoiceos:today_in_history.intent,explica'm esdeveniments històrics succeí amb data {date} a la història
ca,ovos-skill-days-in-history.openvoiceos:today_in_history.intent,explica'm esdeveniments històrics succeí amb data {date} en la història
ca,ovos-skill-days-in-history.openvoiceos:today_in_history.intent,explica'm esdeveniments històrics succeí el {date}
ca,ovos-skill-days-in-history.openvoiceos:today_in_history.intent,explica'm esdeveniments històrics succeí el {date} a la història
ca,ovos-skill-days-in-history.openvoiceos:today_in_history.intent,explica'm esdeveniments històrics succeí el {date} en la història
ca,ovos-skill-days-in-history.openvoiceos:today_in_history.intent,explica'm esdeveniments històrics succeí en data {date}
ca,ovos-skill-days-in-history.openvoiceos:today_in_history.intent,explica'm esdeveniments històrics succeí en data {date} a la història
ca,ovos-skill-days-in-history.openvoiceos:today_in_history.intent,explica'm esdeveniments històrics succeí en data {date} en la història
ca,ovos-skill-days-in-history.openvoiceos:today_in_history.intent,explica'm esdeveniments històrics succeí en {date}
ca,ovos-skill-days-in-history.openvoiceos:today_in_history.intent,explica'm esdeveniments històrics succeí en {date} a la història
ca,ovos-skill-days-in-history.openvoiceos:today_in_history.intent,explica'm esdeveniments històrics succeí en {date} en la història
ca,ovos-skill-days-in-history.openvoiceos:today_in_history.intent,explica'm esdeveniments històrics va passar aquest dia
ca,ovos-skill-days-in-history.openvoiceos:today_in_history.intent,explica'm esdeveniments històrics va passar aquest dia a la història
ca,ovos-skill-days-in-history.openvoiceos:today_in_history.intent,explica'm esdeveniments històrics va passar aquest dia en la història
ca,ovos-skill-days-in-history.openvoiceos:today_in_history.intent,explica'm esdeveniments històrics va passar avui
ca,ovos-skill-days-in-history.openvoiceos:today_in_history.intent,explica'm esdeveniments històrics va passar avui a la història
ca,ovos-skill-days-in-history.openvoiceos:today_in_history.intent,explica'm esdeveniments històrics va passar avui en la història
ca,ovos-skill-days-in-history.openvoiceos:today_in_history.intent,explica'm esdeveniments històrics va passar en aquesta data
ca,ovos-skill-days-in-history.openvoiceos:today_in_history.intent,explica'm esdeveniments històrics va passar en aquesta data a la història
ca,ovos-skill-days-in-history.openvoiceos:today_in_history.intent,explica'm esdeveniments històrics va passar en aquesta data en la història
ca,ovos-skill-days-in-history.openvoiceos:today_in_history.intent,explica'm esdeveniments històrics va passar en esta data
ca,ovos-skill-days-in-history.openvoiceos:today_in_history.intent,explica'm esdeveniments històrics va passar en esta data a la història
ca,ovos-skill-days-in-history.openvoiceos:today_in_history.intent,explica'm esdeveniments històrics va passar en esta data en la història
ca,ovos-skill-days-in-history.openvoiceos:today_in_history.intent,explica'm esdeveniments històrics va passar este dia
ca,ovos-skill-days-in-history.openvoiceos:today_in_history.intent,explica'm esdeveniments històrics va passar este dia a la història
ca,ovos-skill-days-in-history.openvoiceos:today_in_history.intent,explica'm esdeveniments històrics va passar este dia en la història
ca,ovos-skill-days-in-history.openvoiceos:today_in_history.intent,explica'm esdeveniments històrics va passar hui
ca,ovos-skill-days-in-history.openvoiceos:today_in_history.intent,explica'm esdeveniments històrics va passar hui a la història
ca,ovos-skill-days-in-history.openvoiceos:today_in_history.intent,explica'm esdeveniments històrics va passar hui en la història
ca,ovos-skill-days-in-history.openvoiceos:today_in_history.intent,explica'm esdeveniments històrics va succeir amb data {date}
ca,ovos-skill-days-in-history.openvoiceos:today_in_history.intent,explica'm esdeveniments històrics va succeir amb data {date} a la història
ca,ovos-skill-days-in-history.openvoiceos:today_in_history.intent,explica'm esdeveniments històrics va succeir amb data {date} en la història
ca,ovos-skill-days-in-history.openvoiceos:today_in_history.intent,explica'm esdeveniments històrics va succeir el {date}
ca,ovos-skill-days-in-history.openvoiceos:today_in_history.intent,explica'm esdeveniments històrics va succeir el {date} a la història
ca,ovos-skill-days-in-history.openvoiceos:today_in_history.intent,explica'm esdeveniments històrics va succeir el {date} en la història
ca,ovos-skill-days-in-history.openvoiceos:today_in_history.intent,explica'm esdeveniments històrics va succeir en data {date}
ca,ovos-skill-days-in-history.openvoiceos:today_in_history.intent,explica'm esdeveniments històrics va succeir en data {date} a la història
ca,ovos-skill-days-in-history.openvoiceos:today_in_history.intent,explica'm esdeveniments històrics va succeir en data {date} en la història
ca,ovos-skill-days-in-history.openvoiceos:today_in_history.intent,explica'm esdeveniments històrics va succeir en {date}
ca,ovos-skill-days-in-history.openvoiceos:today_in_history.intent,explica'm esdeveniments històrics va succeir en {date} a la història
ca,ovos-skill-days-in-history.openvoiceos:today_in_history.intent,explica'm esdeveniments històrics va succeir en {date} en la història
ca,ovos-skill-days-in-history.openvoiceos:today_in_history.intent,explica'm esdeveniments històrics van passar aquest dia
ca,ovos-skill-days-in-history.openvoiceos:today_in_history.intent,explica'm esdeveniments històrics van passar aquest dia a la història
ca,ovos-skill-days-in-history.openvoiceos:today_in_history.intent,explica'm esdeveniments històrics van passar aquest dia en la història
ca,ovos-skill-days-in-history.openvoiceos:today_in_history.intent,explica'm esdeveniments històrics van passar avui
ca,ovos-skill-days-in-history.openvoiceos:today_in_history.intent,explica'm esdeveniments històrics van passar avui a la història
ca,ovos-skill-days-in-history.openvoiceos:today_in_history.intent,explica'm esdeveniments històrics van passar avui en la història
ca,ovos-skill-days-in-history.openvoiceos:today_in_history.intent,explica'm esdeveniments històrics van passar en aquesta data
ca,ovos-skill-days-in-history.openvoiceos:today_in_history.intent,explica'm esdeveniments històrics van passar en aquesta data a la història
ca,ovos-skill-days-in-history.openvoiceos:today_in_history.intent,explica'm esdeveniments històrics van passar en aquesta data en la història
ca,ovos-skill-days-in-history.openvoiceos:today_in_history.intent,explica'm esdeveniments històrics van passar en esta data
ca,ovos-skill-days-in-history.openvoiceos:today_in_history.intent,explica'm esdeveniments històrics van passar en esta data a la història
ca,ovos-skill-days-in-history.openvoiceos:today_in_history.intent,explica'm esdeveniments històrics van passar en esta data en la història
ca,ovos-skill-days-in-history.openvoiceos:today_in_history.intent,explica'm esdeveniments històrics van passar este dia
ca,ovos-skill-days-in-history.openvoiceos:today_in_history.intent,explica'm esdeveniments històrics van passar este dia a la història
ca,ovos-skill-days-in-history.openvoiceos:today_in_history.intent,explica'm esdeveniments històrics van passar este dia en la història
ca,ovos-skill-days-in-history.openvoiceos:today_in_history.intent,explica'm esdeveniments històrics van passar hui
ca,ovos-skill-days-in-history.openvoiceos:today_in_history.intent,explica'm esdeveniments històrics van passar hui a la història
ca,ovos-skill-days-in-history.openvoiceos:today_in_history.intent,explica'm esdeveniments històrics van passar hui en la història
ca,ovos-skill-days-in-history.openvoiceos:today_in_history.intent,explica'm esdeveniments històrics van succeir amb data {date}
ca,ovos-skill-days-in-history.openvoiceos:today_in_history.intent,explica'm esdeveniments històrics van succeir amb data {date} a la història
ca,ovos-skill-days-in-history.openvoiceos:today_in_history.intent,explica'm esdeveniments històrics van succeir amb data {date} en la història
ca,ovos-skill-days-in-history.openvoiceos:today_in_history.intent,explica'm esdeveniments històrics van succeir el {date}
ca,ovos-skill-days-in-history.openvoiceos:today_in_history.intent,explica'm esdeveniments històrics van succeir el {date} a la història
ca,ovos-skill-days-in-history.openvoiceos:today_in_history.intent,explica'm esdeveniments històrics van succeir el {date} en la història
ca,ovos-skill-days-in-history.openvoiceos:today_in_history.intent,explica'm esdeveniments històrics van succeir en data {date}
ca,ovos-skill-days-in-history.openvoiceos:today_in_history.intent,explica'm esdeveniments històrics van succeir en data {date} a la història
ca,ovos-skill-days-in-history.openvoiceos:today_in_history.intent,explica'm esdeveniments històrics van succeir en data {date} en la història
ca,ovos-skill-days-in-history.openvoiceos:today_in_history.intent,explica'm esdeveniments històrics van succeir en {date}
ca,ovos-skill-days-in-history.openvoiceos:today_in_history.intent,explica'm esdeveniments històrics van succeir en {date} a la història
ca,ovos-skill-days-in-history.openvoiceos:today_in_history.intent,explica'm esdeveniments històrics van succeir en {date} en la història
ca,ovos-skill-days-in-history.openvoiceos:today_in_history.intent,explica'm fets històrics passaren aquest dia
ca,ovos-skill-days-in-history.openvoiceos:today_in_history.intent,explica'm fets històrics passaren aquest dia a la història
ca,ovos-skill-days-in-history.openvoiceos:today_in_history.intent,explica'm fets històrics passaren aquest dia en la història
ca,ovos-skill-days-in-history.openvoiceos:today_in_history.intent,explica'm fets històrics passaren avui
ca,ovos-skill-days-in-history.openvoiceos:today_in_history.intent,explica'm fets històrics passaren avui a la història
ca,ovos-skill-days-in-history.openvoiceos:today_in_history.intent,explica'm fets històrics passaren avui en la història
ca,ovos-skill-days-in-history.openvoiceos:today_in_history.intent,explica'm fets històrics passaren en aquesta data
ca,ovos-skill-days-in-history.openvoiceos:today_in_history.intent,explica'm fets històrics passaren en aquesta data a la història
ca,ovos-skill-days-in-history.openvoiceos:today_in_history.intent,explica'm fets històrics passaren en aquesta data en la història
ca,ovos-skill-days-in-history.openvoiceos:today_in_history.intent,explica'm fets històrics passaren en esta data
ca,ovos-skill-days-in-history.openvoiceos:today_in_history.intent,explica'm fets històrics passaren en esta data a la història
ca,ovos-skill-days-in-history.openvoiceos:today_in_history.intent,explica'm fets històrics passaren en esta data en la història
ca,ovos-skill-days-in-history.openvoiceos:today_in_history.intent,explica'm fets històrics passaren este dia
ca,ovos-skill-days-in-history.openvoiceos:today_in_history.intent,explica'm fets històrics passaren este dia a la història
ca,ovos-skill-days-in-history.openvoiceos:today_in_history.intent,explica'm fets històrics passaren este dia en la història
ca,ovos-skill-days-in-history.openvoiceos:today_in_history.intent,explica'm fets històrics passaren hui
ca,ovos-skill-days-in-history.openvoiceos:today_in_history.intent,explica'm fets històrics passaren hui a la història
ca,ovos-skill-days-in-history.openvoiceos:today_in_history.intent,explica'm fets històrics passaren hui en la història
ca,ovos-skill-days-in-history.openvoiceos:today_in_history.intent,explica'm fets històrics passà aquest dia
ca,ovos-skill-days-in-history.openvoiceos:today_in_history.intent,explica'm fets històrics passà aquest dia a la història
ca,ovos-skill-days-in-history.openvoiceos:today_in_history.intent,explica'm fets històrics passà aquest dia en la història
ca,ovos-skill-days-in-history.openvoiceos:today_in_history.intent,explica'm fets històrics passà avui
ca,ovos-skill-days-in-history.openvoiceos:today_in_history.intent,explica'm fets històrics passà avui a la història
ca,ovos-skill-days-in-history.openvoiceos:today_in_history.intent,explica'm fets històrics passà avui en la història
ca,ovos-skill-days-in-history.openvoiceos:today_in_history.intent,explica'm fets històrics passà en aquesta data
ca,ovos-skill-days-in-history.openvoiceos:today_in_history.intent,explica'm fets històrics passà en aquesta data a la història
ca,ovos-skill-days-in-history.openvoiceos:today_in_history.intent,explica'm fets històrics passà en aquesta data en la història
ca,ovos-skill-days-in-history.openvoiceos:today_in_history.intent,explica'm fets històrics passà en esta data
ca,ovos-skill-days-in-history.openvoiceos:today_in_history.intent,explica'm fets històrics passà en esta data a la història
ca,ovos-skill-days-in-history.openvoiceos:today_in_history.intent,explica'm fets històrics passà en esta data en la història
ca,ovos-skill-days-in-history.openvoiceos:today_in_history.intent,explica'm fets històrics passà este dia
ca,ovos-skill-days-in-history.openvoiceos:today_in_history.intent,explica'm fets històrics passà este dia a la història
ca,ovos-skill-days-in-history.openvoiceos:today_in_history.intent,explica'm fets històrics passà este dia en la història
ca,ovos-skill-days-in-history.openvoiceos:today_in_history.intent,explica'm fets històrics passà hui
ca,ovos-skill-days-in-history.openvoiceos:today_in_history.intent,explica'm fets històrics passà hui a la història
ca,ovos-skill-days-in-history.openvoiceos:today_in_history.intent,explica'm fets històrics passà hui en la història
ca,ovos-skill-days-in-history.openvoiceos:today_in_history.intent,explica'm fets històrics succeiren amb data {date}
ca,ovos-skill-days-in-history.openvoiceos:today_in_history.intent,explica'm fets històrics succeiren amb data {date} a la història
ca,ovos-skill-days-in-history.openvoiceos:today_in_history.intent,explica'm fets històrics succeiren amb data {date} en la història
ca,ovos-skill-days-in-history.openvoiceos:today_in_history.intent,explica'm fets històrics succeiren el {date}
ca,ovos-skill-days-in-history.openvoiceos:today_in_history.intent,explica'm fets històrics succeiren el {date} a la història
ca,ovos-skill-days-in-history.openvoiceos:today_in_history.intent,explica'm fets històrics succeiren el {date} en la història
ca,ovos-skill-days-in-history.openvoiceos:today_in_history.intent,explica'm fets històrics succeiren en data {date}
ca,ovos-skill-days-in-history.openvoiceos:today_in_history.intent,explica'm fets històrics succeiren en data {date} a la història
ca,ovos-skill-days-in-history.openvoiceos:today_in_history.intent,explica'm fets històrics succeiren en data {date} en la història
ca,ovos-skill-days-in-history.openvoiceos:today_in_history.intent,explica'm fets històrics succeiren en {date}
ca,ovos-skill-days-in-history.openvoiceos:today_in_history.intent,explica'm fets històrics succeiren en {date} a la història
ca,ovos-skill-days-in-history.openvoiceos:today_in_history.intent,explica'm fets històrics succeiren en {date} en la història
ca,ovos-skill-days-in-history.openvoiceos:today_in_history.intent,explica'm fets històrics succeí amb data {date}
ca,ovos-skill-days-in-history.openvoiceos:today_in_history.intent,explica'm fets històrics succeí amb data {date} a la història
ca,ovos-skill-days-in-history.openvoiceos:today_in_history.intent,explica'm fets històrics succeí amb data {date} en la història
ca,ovos-skill-days-in-history.openvoiceos:today_in_history.intent,explica'm fets històrics succeí el {date}
ca,ovos-skill-days-in-history.openvoiceos:today_in_history.intent,explica'm fets històrics succeí el {date} a la història
ca,ovos-skill-days-in-history.openvoiceos:today_in_history.intent,explica'm fets històrics succeí el {date} en la història
ca,ovos-skill-days-in-history.openvoiceos:today_in_history.intent,explica'm fets històrics succeí en data {date}
ca,ovos-skill-days-in-history.openvoiceos:today_in_history.intent,explica'm fets històrics succeí en data {date} a la història
ca,ovos-skill-days-in-history.openvoiceos:today_in_history.intent,explica'm fets històrics succeí en data {date} en la història
ca,ovos-skill-days-in-history.openvoiceos:today_in_history.intent,explica'm fets històrics succeí en {date}
ca,ovos-skill-days-in-history.openvoiceos:today_in_history.intent,explica'm fets històrics succeí en {date} a la història
ca,ovos-skill-days-in-history.openvoiceos:today_in_history.intent,explica'm fets històrics succeí en {date} en la història
ca,ovos-skill-days-in-history.openvoiceos:today_in_history.intent,explica'm fets històrics va passar aquest dia
ca,ovos-skill-days-in-history.openvoiceos:today_in_history.intent,explica'm fets històrics va passar aquest dia a la història
ca,ovos-skill-days-in-history.openvoiceos:today_in_history.intent,explica'm fets històrics va passar aquest dia en la història
ca,ovos-skill-days-in-history.openvoiceos:today_in_history.intent,explica'm fets històrics va passar avui
ca,ovos-skill-days-in-history.openvoiceos:today_in_history.intent,explica'm fets històrics va passar avui a la història
ca,ovos-skill-days-in-history.openvoiceos:today_in_history.intent,explica'm fets històrics va passar avui en la història
ca,ovos-skill-days-in-history.openvoiceos:today_in_history.intent,explica'm fets històrics va passar en aquesta data
ca,ovos-skill-days-in-history.openvoiceos:today_in_history.intent,explica'm fets històrics va passar en aquesta data a la història
ca,ovos-skill-days-in-history.openvoiceos:today_in_history.intent,explica'm fets històrics va passar en aquesta data en la història
ca,ovos-skill-days-in-history.openvoiceos:today_in_history.intent,explica'm fets històrics va passar en esta data
ca,ovos-skill-days-in-history.openvoiceos:today_in_history.intent,explica'm fets històrics va passar en esta data a la història
ca,ovos-skill-days-in-history.openvoiceos:today_in_history.intent,explica'm fets històrics va passar en esta data en la història
ca,ovos-skill-days-in-history.openvoiceos:today_in_history.intent,explica'm fets històrics va passar este dia
ca,ovos-skill-days-in-history.openvoiceos:today_in_history.intent,explica'm fets històrics va passar este dia a la història
ca,ovos-skill-days-in-history.openvoiceos:today_in_history.intent,explica'm fets històrics va passar este dia en la història
ca,ovos-skill-days-in-history.openvoiceos:today_in_history.intent,explica'm fets històrics va passar hui
ca,ovos-skill-days-in-history.openvoiceos:today_in_history.intent,explica'm fets històrics va passar hui a la història
ca,ovos-skill-days-in-history.openvoiceos:today_in_history.intent,explica'm fets històrics va passar hui en la història
ca,ovos-skill-days-in-history.openvoiceos:today_in_history.intent,explica'm fets històrics va succeir amb data {date}
ca,ovos-skill-days-in-history.openvoiceos:today_in_history.intent,explica'm fets històrics va succeir amb data {date} a la història
ca,ovos-skill-days-in-history.openvoiceos:today_in_history.intent,explica'm fets històrics va succeir amb data {date} en la història
ca,ovos-skill-days-in-history.openvoiceos:today_in_history.intent,explica'm fets històrics va succeir el {date}
ca,ovos-skill-days-in-history.openvoiceos:today_in_history.intent,explica'm fets històrics va succeir el {date} a la història
ca,ovos-skill-days-in-history.openvoiceos:today_in_history.intent,explica'm fets històrics va succeir el {date} en la història
ca,ovos-skill-days-in-history.openvoiceos:today_in_history.intent,explica'm fets històrics va succeir en data {date}
ca,ovos-skill-days-in-history.openvoiceos:today_in_history.intent,explica'm fets històrics va succeir en data {date} a la història
ca,ovos-skill-days-in-history.openvoiceos:today_in_history.intent,explica'm fets històrics va succeir en data {date} en la història
ca,ovos-skill-days-in-history.openvoiceos:today_in_history.intent,explica'm fets històrics va succeir en {date}
ca,ovos-skill-days-in-history.openvoiceos:today_in_history.intent,explica'm fets històrics va succeir en {date} a la història
ca,ovos-skill-days-in-history.openvoiceos:today_in_history.intent,explica'm fets històrics va succeir en {date} en la història
ca,ovos-skill-days-in-history.openvoiceos:today_in_history.intent,explica'm fets històrics van passar aquest dia
ca,ovos-skill-days-in-history.openvoiceos:today_in_history.intent,explica'm fets històrics van passar aquest dia a la història
ca,ovos-skill-days-in-history.openvoiceos:today_in_history.intent,explica'm fets històrics van passar aquest dia en la història
ca,ovos-skill-days-in-history.openvoiceos:today_in_history.intent,explica'm fets històrics van passar avui
ca,ovos-skill-days-in-history.openvoiceos:today_in_history.intent,explica'm fets històrics van passar avui a la història
ca,ovos-skill-days-in-history.openvoiceos:today_in_history.intent,explica'm fets històrics van passar avui en la història
ca,ovos-skill-days-in-history.openvoiceos:today_in_history.intent,explica'm fets històrics van passar en aquesta data
ca,ovos-skill-days-in-history.openvoiceos:today_in_history.intent,explica'm fets històrics van passar en aquesta data a la història
ca,ovos-skill-days-in-history.openvoiceos:today_in_history.intent,explica'm fets històrics van passar en aquesta data en la història
ca,ovos-skill-days-in-history.openvoiceos:today_in_history.intent,explica'm fets històrics van passar en esta data
ca,ovos-skill-days-in-history.openvoiceos:today_in_history.intent,explica'm fets històrics van passar en esta data a la història
ca,ovos-skill-days-in-history.openvoiceos:today_in_history.intent,explica'm fets històrics van passar en esta data en la història
ca,ovos-skill-days-in-history.openvoiceos:today_in_history.intent,explica'm fets històrics van passar este dia
ca,ovos-skill-days-in-history.openvoiceos:today_in_history.intent,explica'm fets històrics van passar este dia a la història
ca,ovos-skill-days-in-history.openvoiceos:today_in_history.intent,explica'm fets històrics van passar este dia en la història
ca,ovos-skill-days-in-history.openvoiceos:today_in_history.intent,explica'm fets històrics van passar hui
ca,ovos-skill-days-in-history.openvoiceos:today_in_history.intent,explica'm fets històrics van passar hui a la història
ca,ovos-skill-days-in-history.openvoiceos:today_in_history.intent,explica'm fets històrics van passar hui en la història
ca,ovos-skill-days-in-history.openvoiceos:today_in_history.intent,explica'm fets històrics van succeir amb data {date}
ca,ovos-skill-days-in-history.openvoiceos:today_in_history.intent,explica'm fets històrics van succeir amb data {date} a la història
ca,ovos-skill-days-in-history.openvoiceos:today_in_history.intent,explica'm fets històrics van succeir amb data {date} en la història
ca,ovos-skill-days-in-history.openvoiceos:today_in_history.intent,explica'm fets històrics van succeir el {date}
ca,ovos-skill-days-in-history.openvoiceos:today_in_history.intent,explica'm fets històrics van succeir el {date} a la història
ca,ovos-skill-days-in-history.openvoiceos:today_in_history.intent,explica'm fets històrics van succeir el {date} en la història
ca,ovos-skill-days-in-history.openvoiceos:today_in_history.intent,explica'm fets històrics van succeir en data {date}
ca,ovos-skill-days-in-history.openvoiceos:today_in_history.intent,explica'm fets històrics van succeir en data {date} a la història
ca,ovos-skill-days-in-history.openvoiceos:today_in_history.intent,explica'm fets històrics van succeir en data {date} en la història
ca,ovos-skill-days-in-history.openvoiceos:today_in_history.intent,explica'm fets històrics van succeir en {date}
ca,ovos-skill-days-in-history.openvoiceos:today_in_history.intent,explica'm fets històrics van succeir en {date} a la història
ca,ovos-skill-days-in-history.openvoiceos:today_in_history.intent,explica'm fets històrics van succeir en {date} en la història
ca,ovos-skill-days-in-history.openvoiceos:today_in_history.intent,explica'm sobre passaren aquest dia
ca,ovos-skill-days-in-history.openvoiceos:today_in_history.intent,explica'm sobre passaren aquest dia a la història
ca,ovos-skill-days-in-history.openvoiceos:today_in_history.intent,explica'm sobre passaren aquest dia en la història
ca,ovos-skill-days-in-history.openvoiceos:today_in_history.intent,explica'm sobre passaren avui
ca,ovos-skill-days-in-history.openvoiceos:today_in_history.intent,explica'm sobre passaren avui a la història
ca,ovos-skill-days-in-history.openvoiceos:today_in_history.intent,explica'm sobre passaren avui en la història
ca,ovos-skill-days-in-history.openvoiceos:today_in_history.intent,explica'm sobre passaren en aquesta data
ca,ovos-skill-days-in-history.openvoiceos:today_in_history.intent,explica'm sobre passaren en aquesta data a la història
ca,ovos-skill-days-in-history.openvoiceos:today_in_history.intent,explica'm sobre passaren en aquesta data en la història
ca,ovos-skill-days-in-history.openvoiceos:today_in_history.intent,explica'm sobre passaren en esta data
ca,ovos-skill-days-in-history.openvoiceos:today_in_history.intent,explica'm sobre passaren en esta data a la història
ca,ovos-skill-days-in-history.openvoiceos:today_in_history.intent,explica'm sobre passaren en esta data en la història
ca,ovos-skill-days-in-history.openvoiceos:today_in_history.intent,explica'm sobre passaren este dia
ca,ovos-skill-days-in-history.openvoiceos:today_in_history.intent,explica'm sobre passaren este dia a la història
ca,ovos-skill-days-in-history.openvoiceos:today_in_history.intent,explica'm sobre passaren este dia en la història
ca,ovos-skill-days-in-history.openvoiceos:today_in_history.intent,explica'm sobre passaren hui
ca,ovos-skill-days-in-history.openvoiceos:today_in_history.intent,explica'm sobre passaren hui a la història
ca,ovos-skill-days-in-history.openvoiceos:today_in_history.intent,explica'm sobre passaren hui en la història
ca,ovos-skill-days-in-history.openvoiceos:today_in_history.intent,explica'm sobre passà aquest dia
ca,ovos-skill-days-in-history.openvoiceos:today_in_history.intent,explica'm sobre passà aquest dia a la història
ca,ovos-skill-days-in-history.openvoiceos:today_in_history.intent,explica'm sobre passà aquest dia en la història
ca,ovos-skill-days-in-history.openvoiceos:today_in_history.intent,explica'm sobre passà avui
ca,ovos-skill-days-in-history.openvoiceos:today_in_history.intent,explica'm sobre passà avui a la història
ca,ovos-skill-days-in-history.openvoiceos:today_in_history.intent,explica'm sobre passà avui en la història
ca,ovos-skill-days-in-history.openvoiceos:today_in_history.intent,explica'm sobre passà en aquesta data
ca,ovos-skill-days-in-history.openvoiceos:today_in_history.intent,explica'm sobre passà en aquesta data a la història
ca,ovos-skill-days-in-history.openvoiceos:today_in_history.intent,explica'm sobre passà en aquesta data en la història
ca,ovos-skill-days-in-history.openvoiceos:today_in_history.intent,explica'm sobre passà en esta data
ca,ovos-skill-days-in-history.openvoiceos:today_in_history.intent,explica'm sobre passà en esta data a la història
ca,ovos-skill-days-in-history.openvoiceos:today_in_history.intent,explica'm sobre passà en esta data en la història
ca,ovos-skill-days-in-history.openvoiceos:today_in_history.intent,explica'm sobre passà este dia
ca,ovos-skill-days-in-history.openvoiceos:today_in_history.intent,explica'm sobre passà este dia a la història
ca,ovos-skill-days-in-history.openvoiceos:today_in_history.intent,explica'm sobre passà este dia en la història
ca,ovos-skill-days-in-history.openvoiceos:today_in_history.intent,explica'm sobre passà hui
ca,ovos-skill-days-in-history.openvoiceos:today_in_history.intent,explica'm sobre passà hui a la història
ca,ovos-skill-days-in-history.openvoiceos:today_in_history.intent,explica'm sobre passà hui en la història
ca,ovos-skill-days-in-history.openvoiceos:today_in_history.intent,explica'm sobre succeiren amb data {date}
ca,ovos-skill-days-in-history.openvoiceos:today_in_history.intent,explica'm sobre succeiren amb data {date} a la història
ca,ovos-skill-days-in-history.openvoiceos:today_in_history.intent,explica'm sobre succeiren amb data {date} en la història
ca,ovos-skill-days-in-history.openvoiceos:today_in_history.intent,explica'm sobre succeiren el {date}
ca,ovos-skill-days-in-history.openvoiceos:today_in_history.intent,explica'm sobre succeiren el {date} a la història
ca,ovos-skill-days-in-history.openvoiceos:today_in_history.intent,explica'm sobre succeiren el {date} en la història
ca,ovos-skill-days-in-history.openvoiceos:today_in_history.intent,explica'm sobre succeiren en data {date}
ca,ovos-skill-days-in-history.openvoiceos:today_in_history.intent,explica'm sobre succeiren en data {date} a la història
ca,ovos-skill-days-in-history.openvoiceos:today_in_history.intent,explica'm sobre succeiren en data {date} en la història
ca,ovos-skill-days-in-history.openvoiceos:today_in_history.intent,explica'm sobre succeiren en {date}
ca,ovos-skill-days-in-history.openvoiceos:today_in_history.intent,explica'm sobre succeiren en {date} a la història
ca,ovos-skill-days-in-history.openvoiceos:today_in_history.intent,explica'm sobre succeiren en {date} en la història
ca,ovos-skill-days-in-history.openvoiceos:today_in_history.intent,explica'm sobre succeí amb data {date}
ca,ovos-skill-days-in-history.openvoiceos:today_in_history.intent,explica'm sobre succeí amb data {date} a la història
ca,ovos-skill-days-in-history.openvoiceos:today_in_history.intent,explica'm sobre succeí amb data {date} en la història
ca,ovos-skill-days-in-history.openvoiceos:today_in_history.intent,explica'm sobre succeí el {date}
ca,ovos-skill-days-in-history.openvoiceos:today_in_history.intent,explica'm sobre succeí el {date} a la història
ca,ovos-skill-days-in-history.openvoiceos:today_in_history.intent,explica'm sobre succeí el {date} en la història
ca,ovos-skill-days-in-history.openvoiceos:today_in_history.intent,explica'm sobre succeí en data {date}
ca,ovos-skill-days-in-history.openvoiceos:today_in_history.intent,explica'm sobre succeí en data {date} a la història
ca,ovos-skill-days-in-history.openvoiceos:today_in_history.intent,explica'm sobre succeí en data {date} en la història
ca,ovos-skill-days-in-history.openvoiceos:today_in_history.intent,explica'm sobre succeí en {date}
ca,ovos-skill-days-in-history.openvoiceos:today_in_history.intent,explica'm sobre succeí en {date} a la història
ca,ovos-skill-days-in-history.openvoiceos:today_in_history.intent,explica'm sobre succeí en {date} en la història
ca,ovos-skill-days-in-history.openvoiceos:today_in_history.intent,explica'm sobre va passar aquest dia
ca,ovos-skill-days-in-history.openvoiceos:today_in_history.intent,explica'm sobre va passar aquest dia a la història
ca,ovos-skill-days-in-history.openvoiceos:today_in_history.intent,explica'm sobre va passar aquest dia en la història
ca,ovos-skill-days-in-history.openvoiceos:today_in_history.intent,explica'm sobre va passar avui
ca,ovos-skill-days-in-history.openvoiceos:today_in_history.intent,explica'm sobre va passar avui a la història
ca,ovos-skill-days-in-history.openvoiceos:today_in_history.intent,explica'm sobre va passar avui en la història
ca,ovos-skill-days-in-history.openvoiceos:today_in_history.intent,explica'm sobre va passar en aquesta data
ca,ovos-skill-days-in-history.openvoiceos:today_in_history.intent,explica'm sobre va passar en aquesta data a la història
ca,ovos-skill-days-in-history.openvoiceos:today_in_history.intent,explica'm sobre va passar en aquesta data en la història
ca,ovos-skill-days-in-history.openvoiceos:today_in_history.intent,explica'm sobre va passar en esta data
ca,ovos-skill-days-in-history.openvoiceos:today_in_history.intent,explica'm sobre va passar en esta data a la història
ca,ovos-skill-days-in-history.openvoiceos:today_in_history.intent,explica'm sobre va passar en esta data en la història
ca,ovos-skill-days-in-history.openvoiceos:today_in_history.intent,explica'm sobre va passar este dia
ca,ovos-skill-days-in-history.openvoiceos:today_in_history.intent,explica'm sobre va passar este dia a la història
ca,ovos-skill-days-in-history.openvoiceos:today_in_history.intent,explica'm sobre va passar este dia en la història
ca,ovos-skill-days-in-history.openvoiceos:today_in_history.intent,explica'm sobre va passar hui
ca,ovos-skill-days-in-history.openvoiceos:today_in_history.intent,explica'm sobre va passar hui a la història
ca,ovos-skill-days-in-history.openvoiceos:today_in_history.intent,explica'm sobre va passar hui en la història
ca,ovos-skill-days-in-history.openvoiceos:today_in_history.intent,explica'm sobre va succeir amb data {date}
ca,ovos-skill-days-in-history.openvoiceos:today_in_history.intent,explica'm sobre va succeir amb data {date} a la història
ca,ovos-skill-days-in-history.openvoiceos:today_in_history.intent,explica'm sobre va succeir amb data {date} en la història
ca,ovos-skill-days-in-history.openvoiceos:today_in_history.intent,explica'm sobre va succeir el {date}
ca,ovos-skill-days-in-history.openvoiceos:today_in_history.intent,explica'm sobre va succeir el {date} a la història
ca,ovos-skill-days-in-history.openvoiceos:today_in_history.intent,explica'm sobre va succeir el {date} en la història
ca,ovos-skill-days-in-history.openvoiceos:today_in_history.intent,explica'm sobre va succeir en data {date}
ca,ovos-skill-days-in-history.openvoiceos:today_in_history.intent,explica'm sobre va succeir en data {date} a la història
ca,ovos-skill-days-in-history.openvoiceos:today_in_history.intent,explica'm sobre va succeir en data {date} en la història
ca,ovos-skill-days-in-history.openvoiceos:today_in_history.intent,explica'm sobre va succeir en {date}
ca,ovos-skill-days-in-history.openvoiceos:today_in_history.intent,explica'm sobre va succeir en {date} a la història
ca,ovos-skill-days-in-history.openvoiceos:today_in_history.intent,explica'm sobre va succeir en {date} en la història
ca,ovos-skill-days-in-history.openvoiceos:today_in_history.intent,explica'm sobre van passar aquest dia
ca,ovos-skill-days-in-history.openvoiceos:today_in_history.intent,explica'm sobre van passar aquest dia a la història
ca,ovos-skill-days-in-history.openvoiceos:today_in_history.intent,explica'm sobre van passar aquest dia en la història
ca,ovos-skill-days-in-history.openvoiceos:today_in_history.intent,explica'm sobre van passar avui
ca,ovos-skill-days-in-history.openvoiceos:today_in_history.intent,explica'm sobre van passar avui a la història
ca,ovos-skill-days-in-history.openvoiceos:today_in_history.intent,explica'm sobre van passar avui en la història
ca,ovos-skill-days-in-history.openvoiceos:today_in_history.intent,explica'm sobre van passar en aquesta data
ca,ovos-skill-days-in-history.openvoiceos:today_in_history.intent,explica'm sobre van passar en aquesta data a la història
ca,ovos-skill-days-in-history.openvoiceos:today_in_history.intent,explica'm sobre van passar en aquesta data en la història
ca,ovos-skill-days-in-history.openvoiceos:today_in_history.intent,explica'm sobre van passar en esta data
ca,ovos-skill-days-in-history.openvoiceos:today_in_history.intent,explica'm sobre van passar en esta data a la història
ca,ovos-skill-days-in-history.openvoiceos:today_in_history.intent,explica'm sobre van passar en esta data en la història
ca,ovos-skill-days-in-history.openvoiceos:today_in_history.intent,explica'm sobre van passar este dia
ca,ovos-skill-days-in-history.openvoiceos:today_in_history.intent,explica'm sobre van passar este dia a la història
ca,ovos-skill-days-in-history.openvoiceos:today_in_history.intent,explica'm sobre van passar este dia en la història
ca,ovos-skill-days-in-history.openvoiceos:today_in_history.intent,explica'm sobre van passar hui
ca,ovos-skill-days-in-history.openvoiceos:today_in_history.intent,explica'm sobre van passar hui a la història
ca,ovos-skill-days-in-history.openvoiceos:today_in_history.intent,explica'm sobre van passar hui en la història
ca,ovos-skill-days-in-history.openvoiceos:today_in_history.intent,explica'm sobre van succeir amb data {date}
ca,ovos-skill-days-in-history.openvoiceos:today_in_history.intent,explica'm sobre van succeir amb data {date} a la història
ca,ovos-skill-days-in-history.openvoiceos:today_in_history.intent,explica'm sobre van succeir amb data {date} en la història
ca,ovos-skill-days-in-history.openvoiceos:today_in_history.intent,explica'm sobre van succeir el {date}
ca,ovos-skill-days-in-history.openvoiceos:today_in_history.intent,explica'm sobre van succeir el {date} a la història
ca,ovos-skill-days-in-history.openvoiceos:today_in_history.intent,explica'm sobre van succeir el {date} en la història
ca,ovos-skill-days-in-history.openvoiceos:today_in_history.intent,explica'm sobre van succeir en data {date}
ca,ovos-skill-days-in-history.openvoiceos:today_in_history.intent,explica'm sobre van succeir en data {date} a la història
ca,ovos-skill-days-in-history.openvoiceos:today_in_history.intent,explica'm sobre van succeir en data {date} en la història
ca,ovos-skill-days-in-history.openvoiceos:today_in_history.intent,explica'm sobre van succeir en {date}
ca,ovos-skill-days-in-history.openvoiceos:today_in_history.intent,explica'm sobre van succeir en {date} a la història
ca,ovos-skill-days-in-history.openvoiceos:today_in_history.intent,explica'm sobre van succeir en {date} en la història
ca,ovos-skill-days-in-history.openvoiceos:today_in_history.intent,explica'm sobre esdeveniments històrics passaren aquest dia
ca,ovos-skill-days-in-history.openvoiceos:today_in_history.intent,explica'm sobre esdeveniments històrics passaren aquest dia a la història
ca,ovos-skill-days-in-history.openvoiceos:today_in_history.intent,explica'm sobre esdeveniments històrics passaren aquest dia en la història
ca,ovos-skill-days-in-history.openvoiceos:today_in_history.intent,explica'm sobre esdeveniments històrics passaren avui
ca,ovos-skill-days-in-history.openvoiceos:today_in_history.intent,explica'm sobre esdeveniments històrics passaren avui a la història
ca,ovos-skill-days-in-history.openvoiceos:today_in_history.intent,explica'm sobre esdeveniments històrics passaren avui en la història
ca,ovos-skill-days-in-history.openvoiceos:today_in_history.intent,explica'm sobre esdeveniments històrics passaren en aquesta data
ca,ovos-skill-days-in-history.openvoiceos:today_in_history.intent,explica'm sobre esdeveniments històrics passaren en aquesta data a la història
ca,ovos-skill-days-in-history.openvoiceos:today_in_history.intent,explica'm sobre esdeveniments històrics passaren en aquesta data en la història
ca,ovos-skill-days-in-history.openvoiceos:today_in_history.intent,explica'm sobre esdeveniments històrics passaren en esta data
ca,ovos-skill-days-in-history.openvoiceos:today_in_history.intent,explica'm sobre esdeveniments històrics passaren en esta data a la història
ca,ovos-skill-days-in-history.openvoiceos:today_in_history.intent,explica'm sobre esdeveniments històrics passaren en esta data en la història
ca,ovos-skill-days-in-history.openvoiceos:today_in_history.intent,explica'm sobre esdeveniments històrics passaren este dia
ca,ovos-skill-days-in-history.openvoiceos:today_in_history.intent,explica'm sobre esdeveniments històrics passaren este dia a la història
ca,ovos-skill-days-in-history.openvoiceos:today_in_history.intent,explica'm sobre esdeveniments històrics passaren este dia en la història
ca,ovos-skill-days-in-history.openvoiceos:today_in_history.intent,explica'm sobre esdeveniments històrics passaren hui
ca,ovos-skill-days-in-history.openvoiceos:today_in_history.intent,explica'm sobre esdeveniments històrics passaren hui a la història
ca,ovos-skill-days-in-history.openvoiceos:today_in_history.intent,explica'm sobre esdeveniments històrics passaren hui en la història
ca,ovos-skill-days-in-history.openvoiceos:today_in_history.intent,explica'm sobre esdeveniments històrics passà aquest dia
ca,ovos-skill-days-in-history.openvoiceos:today_in_history.intent,explica'm sobre esdeveniments històrics passà aquest dia a la història
ca,ovos-skill-days-in-history.openvoiceos:today_in_history.intent,explica'm sobre esdeveniments històrics passà aquest dia en la història
ca,ovos-skill-days-in-history.openvoiceos:today_in_history.intent,explica'm sobre esdeveniments històrics passà avui
ca,ovos-skill-days-in-history.openvoiceos:today_in_history.intent,explica'm sobre esdeveniments històrics passà avui a la història
ca,ovos-skill-days-in-history.openvoiceos:today_in_history.intent,explica'm sobre esdeveniments històrics passà avui en la història
ca,ovos-skill-days-in-history.openvoiceos:today_in_history.intent,explica'm sobre esdeveniments històrics passà en aquesta data
ca,ovos-skill-days-in-history.openvoiceos:today_in_history.intent,explica'm sobre esdeveniments històrics passà en aquesta data a la història
ca,ovos-skill-days-in-history.openvoiceos:today_in_history.intent,explica'm sobre esdeveniments històrics passà en aquesta data en la història
ca,ovos-skill-days-in-history.openvoiceos:today_in_history.intent,explica'm sobre esdeveniments històrics passà en esta data
ca,ovos-skill-days-in-history.openvoiceos:today_in_history.intent,explica'm sobre esdeveniments històrics passà en esta data a la història
ca,ovos-skill-days-in-history.openvoiceos:today_in_history.intent,explica'm sobre esdeveniments històrics passà en esta data en la història
ca,ovos-skill-days-in-history.openvoiceos:today_in_history.intent,explica'm sobre esdeveniments històrics passà este dia
ca,ovos-skill-days-in-history.openvoiceos:today_in_history.intent,explica'm sobre esdeveniments històrics passà este dia a la història
ca,ovos-skill-days-in-history.openvoiceos:today_in_history.intent,explica'm sobre esdeveniments històrics passà este dia en la història
ca,ovos-skill-days-in-history.openvoiceos:today_in_history.intent,explica'm sobre esdeveniments històrics passà hui
ca,ovos-skill-days-in-history.openvoiceos:today_in_history.intent,explica'm sobre esdeveniments històrics passà hui a la història
ca,ovos-skill-days-in-history.openvoiceos:today_in_history.intent,explica'm sobre esdeveniments històrics passà hui en la història
ca,ovos-skill-days-in-history.openvoiceos:today_in_history.intent,explica'm sobre esdeveniments històrics succeiren amb data {date}
ca,ovos-skill-days-in-history.openvoiceos:today_in_history.intent,explica'm sobre esdeveniments històrics succeiren amb data {date} a la història
ca,ovos-skill-days-in-history.openvoiceos:today_in_history.intent,explica'm sobre esdeveniments històrics succeiren amb data {date} en la història
ca,ovos-skill-days-in-history.openvoiceos:today_in_history.intent,explica'm sobre esdeveniments històrics succeiren el {date}
ca,ovos-skill-days-in-history.openvoiceos:today_in_history.intent,explica'm sobre esdeveniments històrics succeiren el {date} a la història
ca,ovos-skill-days-in-history.openvoiceos:today_in_history.intent,explica'm sobre esdeveniments històrics succeiren el {date} en la història
ca,ovos-skill-days-in-history.openvoiceos:today_in_history.intent,explica'm sobre esdeveniments històrics succeiren en data {date}
ca,ovos-skill-days-in-history.openvoiceos:today_in_history.intent,explica'm sobre esdeveniments històrics succeiren en data {date} a la història
ca,ovos-skill-days-in-history.openvoiceos:today_in_history.intent,explica'm sobre esdeveniments històrics succeiren en data {date} en la història
ca,ovos-skill-days-in-history.openvoiceos:today_in_history.intent,explica'm sobre esdeveniments històrics succeiren en {date}
ca,ovos-skill-days-in-history.openvoiceos:today_in_history.intent,explica'm sobre esdeveniments històrics succeiren en {date} a la història
ca,ovos-skill-days-in-history.openvoiceos:today_in_history.intent,explica'm sobre esdeveniments històrics succeiren en {date} en la història
ca,ovos-skill-days-in-history.openvoiceos:today_in_history.intent,explica'm sobre esdeveniments històrics succeí amb data {date}
ca,ovos-skill-days-in-history.openvoiceos:today_in_history.intent,explica'm sobre esdeveniments històrics succeí amb data {date} a la història
ca,ovos-skill-days-in-history.openvoiceos:today_in_history.intent,explica'm sobre esdeveniments històrics succeí amb data {date} en la història
ca,ovos-skill-days-in-history.openvoiceos:today_in_history.intent,explica'm sobre esdeveniments històrics succeí el {date}
ca,ovos-skill-days-in-history.openvoiceos:today_in_history.intent,explica'm sobre esdeveniments històrics succeí el {date} a la història
ca,ovos-skill-days-in-history.openvoiceos:today_in_history.intent,explica'm sobre esdeveniments històrics succeí el {date} en la història
ca,ovos-skill-days-in-history.openvoiceos:today_in_history.intent,explica'm sobre esdeveniments històrics succeí en data {date}
ca,ovos-skill-days-in-history.openvoiceos:today_in_history.intent,explica'm sobre esdeveniments històrics succeí en data {date} a la història
ca,ovos-skill-days-in-history.openvoiceos:today_in_history.intent,explica'm sobre esdeveniments històrics succeí en data {date} en la història
ca,ovos-skill-days-in-history.openvoiceos:today_in_history.intent,explica'm sobre esdeveniments històrics succeí en {date}
ca,ovos-skill-days-in-history.openvoiceos:today_in_history.intent,explica'm sobre esdeveniments històrics succeí en {date} a la història
ca,ovos-skill-days-in-history.openvoiceos:today_in_history.intent,explica'm sobre esdeveniments històrics succeí en {date} en la història
ca,ovos-skill-days-in-history.openvoiceos:today_in_history.intent,explica'm sobre esdeveniments històrics va passar aquest dia
ca,ovos-skill-days-in-history.openvoiceos:today_in_history.intent,explica'm sobre esdeveniments històrics va passar aquest dia a la història
ca,ovos-skill-days-in-history.openvoiceos:today_in_history.intent,explica'm sobre esdeveniments històrics va passar aquest dia en la història
ca,ovos-skill-days-in-history.openvoiceos:today_in_history.intent,explica'm sobre esdeveniments històrics va passar avui
ca,ovos-skill-days-in-history.openvoiceos:today_in_history.intent,explica'm sobre esdeveniments històrics va passar avui a la història
ca,ovos-skill-days-in-history.openvoiceos:today_in_history.intent,explica'm sobre esdeveniments històrics va passar avui en la història
ca,ovos-skill-days-in-history.openvoiceos:today_in_history.intent,explica'm sobre esdeveniments històrics va passar en aquesta data
ca,ovos-skill-days-in-history.openvoiceos:today_in_history.intent,explica'm sobre esdeveniments històrics va passar en aquesta data a la història
ca,ovos-skill-days-in-history.openvoiceos:today_in_history.intent,explica'm sobre esdeveniments històrics va passar en aquesta data en la història
ca,ovos-skill-days-in-history.openvoiceos:today_in_history.intent,explica'm sobre esdeveniments històrics va passar en esta data
ca,ovos-skill-days-in-history.openvoiceos:today_in_history.intent,explica'm sobre esdeveniments històrics va passar en esta data a la història
ca,ovos-skill-days-in-history.openvoiceos:today_in_history.intent,explica'm sobre esdeveniments històrics va passar en esta data en la història
ca,ovos-skill-days-in-history.openvoiceos:today_in_history.intent,explica'm sobre esdeveniments històrics va passar este dia
ca,ovos-skill-days-in-history.openvoiceos:today_in_history.intent,explica'm sobre esdeveniments històrics va passar este dia a la història
ca,ovos-skill-days-in-history.openvoiceos:today_in_history.intent,explica'm sobre esdeveniments històrics va passar este dia en la història
ca,ovos-skill-days-in-history.openvoiceos:today_in_history.intent,explica'm sobre esdeveniments històrics va passar hui
ca,ovos-skill-days-in-history.openvoiceos:today_in_history.intent,explica'm sobre esdeveniments històrics va passar hui a la història
ca,ovos-skill-days-in-history.openvoiceos:today_in_history.intent,explica'm sobre esdeveniments històrics va passar hui en la història
ca,ovos-skill-days-in-history.openvoiceos:today_in_history.intent,explica'm sobre esdeveniments històrics va succeir amb data {date}
ca,ovos-skill-days-in-history.openvoiceos:today_in_history.intent,explica'm sobre esdeveniments històrics va succeir amb data {date} a la història
ca,ovos-skill-days-in-history.openvoiceos:today_in_history.intent,explica'm sobre esdeveniments històrics va succeir amb data {date} en la història
ca,ovos-skill-days-in-history.openvoiceos:today_in_history.intent,explica'm sobre esdeveniments històrics va succeir el {date}
ca,ovos-skill-days-in-history.openvoiceos:today_in_history.intent,explica'm sobre esdeveniments històrics va succeir el {date} a la història
ca,ovos-skill-days-in-history.openvoiceos:today_in_history.intent,explica'm sobre esdeveniments històrics va succeir el {date} en la història
ca,ovos-skill-days-in-history.openvoiceos:today_in_history.intent,explica'm sobre esdeveniments històrics va succeir en data {date}
ca,ovos-skill-days-in-history.openvoiceos:today_in_history.intent,explica'm sobre esdeveniments històrics va succeir en data {date} a la història
ca,ovos-skill-days-in-history.openvoiceos:today_in_history.intent,explica'm sobre esdeveniments històrics va succeir en data {date} en la història
ca,ovos-skill-days-in-history.openvoiceos:today_in_history.intent,explica'm sobre esdeveniments històrics va succeir en {date}
ca,ovos-skill-days-in-history.openvoiceos:today_in_history.intent,explica'm sobre esdeveniments històrics va succeir en {date} a la història
ca,ovos-skill-days-in-history.openvoiceos:today_in_history.intent,explica'm sobre esdeveniments històrics va succeir en {date} en la història
ca,ovos-skill-days-in-history.openvoiceos:today_in_history.intent,explica'm sobre esdeveniments històrics van passar aquest dia
ca,ovos-skill-days-in-history.openvoiceos:today_in_history.intent,explica'm sobre esdeveniments històrics van passar aquest dia a la història
ca,ovos-skill-days-in-history.openvoiceos:today_in_history.intent,explica'm sobre esdeveniments històrics van passar aquest dia en la història
ca,ovos-skill-days-in-history.openvoiceos:today_in_history.intent,explica'm sobre esdeveniments històrics van passar avui
ca,ovos-skill-days-in-history.openvoiceos:today_in_history.intent,explica'm sobre esdeveniments històrics van passar avui a la història
ca,ovos-skill-days-in-history.openvoiceos:today_in_history.intent,explica'm sobre esdeveniments històrics van passar avui en la història
ca,ovos-skill-days-in-history.openvoiceos:today_in_history.intent,explica'm sobre esdeveniments històrics van passar en aquesta data
ca,ovos-skill-days-in-history.openvoiceos:today_in_history.intent,explica'm sobre esdeveniments històrics van passar en aquesta data a la història
ca,ovos-skill-days-in-history.openvoiceos:today_in_history.intent,explica'm sobre esdeveniments històrics van passar en aquesta data en la història
ca,ovos-skill-days-in-history.openvoiceos:today_in_history.intent,explica'm sobre esdeveniments històrics van passar en esta data
ca,ovos-skill-days-in-history.openvoiceos:today_in_history.intent,explica'm sobre esdeveniments històrics van passar en esta data a la història
ca,ovos-skill-days-in-history.openvoiceos:today_in_history.intent,explica'm sobre esdeveniments històrics van passar en esta data en la història
ca,ovos-skill-days-in-history.openvoiceos:today_in_history.intent,explica'm sobre esdeveniments històrics van passar este dia
ca,ovos-skill-days-in-history.openvoiceos:today_in_history.intent,explica'm sobre esdeveniments històrics van passar este dia a la història
ca,ovos-skill-days-in-history.openvoiceos:today_in_history.intent,explica'm sobre esdeveniments històrics van passar este dia en la història
ca,ovos-skill-days-in-history.openvoiceos:today_in_history.intent,explica'm sobre esdeveniments històrics van passar hui
ca,ovos-skill-days-in-history.openvoiceos:today_in_history.intent,explica'm sobre esdeveniments històrics van passar hui a la història
ca,ovos-skill-days-in-history.openvoiceos:today_in_history.intent,explica'm sobre esdeveniments històrics van passar hui en la història
ca,ovos-skill-days-in-history.openvoiceos:today_in_history.intent,explica'm sobre esdeveniments històrics van succeir amb data {date}
ca,ovos-skill-days-in-history.openvoiceos:today_in_history.intent,explica'm sobre esdeveniments històrics van succeir amb data {date} a la història
ca,ovos-skill-days-in-history.openvoiceos:today_in_history.intent,explica'm sobre esdeveniments històrics van succeir amb data {date} en la història
ca,ovos-skill-days-in-history.openvoiceos:today_in_history.intent,explica'm sobre esdeveniments històrics van succeir el {date}
ca,ovos-skill-days-in-history.openvoiceos:today_in_history.intent,explica'm sobre esdeveniments històrics van succeir el {date} a la història
ca,ovos-skill-days-in-history.openvoiceos:today_in_history.intent,explica'm sobre esdeveniments històrics van succeir el {date} en la història
ca,ovos-skill-days-in-history.openvoiceos:today_in_history.intent,explica'm sobre esdeveniments històrics van succeir en data {date}
ca,ovos-skill-days-in-history.openvoiceos:today_in_history.intent,explica'm sobre esdeveniments històrics van succeir en data {date} a la història
ca,ovos-skill-days-in-history.openvoiceos:today_in_history.intent,explica'm sobre esdeveniments històrics van succeir en data {date} en la història
ca,ovos-skill-days-in-history.openvoiceos:today_in_history.intent,explica'm sobre esdeveniments històrics van succeir en {date}
ca,ovos-skill-days-in-history.openvoiceos:today_in_history.intent,explica'm sobre esdeveniments històrics van succeir en {date} a la història
ca,ovos-skill-days-in-history.openvoiceos:today_in_history.intent,explica'm sobre esdeveniments històrics van succeir en {date} en la història
ca,ovos-skill-days-in-history.openvoiceos:today_in_history.intent,explica'm sobre fets històrics passaren aquest dia
ca,ovos-skill-days-in-history.openvoiceos:today_in_history.intent,explica'm sobre fets històrics passaren aquest dia a la història
ca,ovos-skill-days-in-history.openvoiceos:today_in_history.intent,explica'm sobre fets històrics passaren aquest dia en la història
ca,ovos-skill-days-in-history.openvoiceos:today_in_history.intent,explica'm sobre fets històrics passaren avui
ca,ovos-skill-days-in-history.openvoiceos:today_in_history.intent,explica'm sobre fets històrics passaren avui a la història
ca,ovos-skill-days-in-history.openvoiceos:today_in_history.intent,explica'm sobre fets històrics passaren avui en la història
ca,ovos-skill-days-in-history.openvoiceos:today_in_history.intent,explica'm sobre fets històrics passaren en aquesta data
ca,ovos-skill-days-in-history.openvoiceos:today_in_history.intent,explica'm sobre fets històrics passaren en aquesta data a la història
ca,ovos-skill-days-in-history.openvoiceos:today_in_history.intent,explica'm sobre fets històrics passaren en aquesta data en la història
ca,ovos-skill-days-in-history.openvoiceos:today_in_history.intent,explica'm sobre fets històrics passaren en esta data
ca,ovos-skill-days-in-history.openvoiceos:today_in_history.intent,explica'm sobre fets històrics passaren en esta data a la història
ca,ovos-skill-days-in-history.openvoiceos:today_in_history.intent,explica'm sobre fets històrics passaren en esta data en la història
ca,ovos-skill-days-in-history.openvoiceos:today_in_history.intent,explica'm sobre fets històrics passaren este dia
ca,ovos-skill-days-in-history.openvoiceos:today_in_history.intent,explica'm sobre fets històrics passaren este dia a la història
ca,ovos-skill-days-in-history.openvoiceos:today_in_history.intent,explica'm sobre fets històrics passaren este dia en la història
ca,ovos-skill-days-in-history.openvoiceos:today_in_history.intent,explica'm sobre fets històrics passaren hui
ca,ovos-skill-days-in-history.openvoiceos:today_in_history.intent,explica'm sobre fets històrics passaren hui a la història
ca,ovos-skill-days-in-history.openvoiceos:today_in_history.intent,explica'm sobre fets històrics passaren hui en la història
ca,ovos-skill-days-in-history.openvoiceos:today_in_history.intent,explica'm sobre fets històrics passà aquest dia
ca,ovos-skill-days-in-history.openvoiceos:today_in_history.intent,explica'm sobre fets històrics passà aquest dia a la història
ca,ovos-skill-days-in-history.openvoiceos:today_in_history.intent,explica'm sobre fets històrics passà aquest dia en la història
ca,ovos-skill-days-in-history.openvoiceos:today_in_history.intent,explica'm sobre fets històrics passà avui
ca,ovos-skill-days-in-history.openvoiceos:today_in_history.intent,explica'm sobre fets històrics passà avui a la història
ca,ovos-skill-days-in-history.openvoiceos:today_in_history.intent,explica'm sobre fets històrics passà avui en la història
ca,ovos-skill-days-in-history.openvoiceos:today_in_history.intent,explica'm sobre fets històrics passà en aquesta data
ca,ovos-skill-days-in-history.openvoiceos:today_in_history.intent,explica'm sobre fets històrics passà en aquesta data a la història
ca,ovos-skill-days-in-history.openvoiceos:today_in_history.intent,explica'm sobre fets històrics passà en aquesta data en la història
ca,ovos-skill-days-in-history.openvoiceos:today_in_history.intent,explica'm sobre fets històrics passà en esta data
ca,ovos-skill-days-in-history.openvoiceos:today_in_history.intent,explica'm sobre fets històrics passà en esta data a la història
ca,ovos-skill-days-in-history.openvoiceos:today_in_history.intent,explica'm sobre fets històrics passà en esta data en la història
ca,ovos-skill-days-in-history.openvoiceos:today_in_history.intent,explica'm sobre fets històrics passà este dia
ca,ovos-skill-days-in-history.openvoiceos:today_in_history.intent,explica'm sobre fets històrics passà este dia a la història
ca,ovos-skill-days-in-history.openvoiceos:today_in_history.intent,explica'm sobre fets històrics passà este dia en la història
ca,ovos-skill-days-in-history.openvoiceos:today_in_history.intent,explica'm sobre fets històrics passà hui
ca,ovos-skill-days-in-history.openvoiceos:today_in_history.intent,explica'm sobre fets històrics passà hui a la història
ca,ovos-skill-days-in-history.openvoiceos:today_in_history.intent,explica'm sobre fets històrics passà hui en la història
ca,ovos-skill-days-in-history.openvoiceos:today_in_history.intent,explica'm sobre fets històrics succeiren amb data {date}
ca,ovos-skill-days-in-history.openvoiceos:today_in_history.intent,explica'm sobre fets històrics succeiren amb data {date} a la història
ca,ovos-skill-days-in-history.openvoiceos:today_in_history.intent,explica'm sobre fets històrics succeiren amb data {date} en la història
ca,ovos-skill-days-in-history.openvoiceos:today_in_history.intent,explica'm sobre fets històrics succeiren el {date}
ca,ovos-skill-days-in-history.openvoiceos:today_in_history.intent,explica'm sobre fets històrics succeiren el {date} a la història
ca,ovos-skill-days-in-history.openvoiceos:today_in_history.intent,explica'm sobre fets històrics succeiren el {date} en la història
ca,ovos-skill-days-in-history.openvoiceos:today_in_history.intent,explica'm sobre fets històrics succeiren en data {date}
ca,ovos-skill-days-in-history.openvoiceos:today_in_history.intent,explica'm sobre fets històrics succeiren en data {date} a la història
ca,ovos-skill-days-in-history.openvoiceos:today_in_history.intent,explica'm sobre fets històrics succeiren en data {date} en la història
ca,ovos-skill-days-in-history.openvoiceos:today_in_history.intent,explica'm sobre fets històrics succeiren en {date}
ca,ovos-skill-days-in-history.openvoiceos:today_in_history.intent,explica'm sobre fets històrics succeiren en {date} a la història
ca,ovos-skill-days-in-history.openvoiceos:today_in_history.intent,explica'm sobre fets històrics succeiren en {date} en la història
ca,ovos-skill-days-in-history.openvoiceos:today_in_history.intent,explica'm sobre fets històrics succeí amb data {date}
ca,ovos-skill-days-in-history.openvoiceos:today_in_history.intent,explica'm sobre fets històrics succeí amb data {date} a la història
ca,ovos-skill-days-in-history.openvoiceos:today_in_history.intent,explica'm sobre fets històrics succeí amb data {date} en la història
ca,ovos-skill-days-in-history.openvoiceos:today_in_history.intent,explica'm sobre fets històrics succeí el {date}
ca,ovos-skill-days-in-history.openvoiceos:today_in_history.intent,explica'm sobre fets històrics succeí el {date} a la història
ca,ovos-skill-days-in-history.openvoiceos:today_in_history.intent,explica'm sobre fets històrics succeí el {date} en la història
ca,ovos-skill-days-in-history.openvoiceos:today_in_history.intent,explica'm sobre fets històrics succeí en data {date}
ca,ovos-skill-days-in-history.openvoiceos:today_in_history.intent,explica'm sobre fets històrics succeí en data {date} a la història
ca,ovos-skill-days-in-history.openvoiceos:today_in_history.intent,explica'm sobre fets històrics succeí en data {date} en la història
ca,ovos-skill-days-in-history.openvoiceos:today_in_history.intent,explica'm sobre fets històrics succeí en {date}
ca,ovos-skill-days-in-history.openvoiceos:today_in_history.intent,explica'm sobre fets històrics succeí en {date} a la història
ca,ovos-skill-days-in-history.openvoiceos:today_in_history.intent,explica'm sobre fets històrics succeí en {date} en la història
ca,ovos-skill-days-in-history.openvoiceos:today_in_history.intent,explica'm sobre fets històrics va passar aquest dia
ca,ovos-skill-days-in-history.openvoiceos:today_in_history.intent,explica'm sobre fets històrics va passar aquest dia a la història
ca,ovos-skill-days-in-history.openvoiceos:today_in_history.intent,explica'm sobre fets històrics va passar aquest dia en la història
ca,ovos-skill-days-in-history.openvoiceos:today_in_history.intent,explica'm sobre fets històrics va passar avui
ca,ovos-skill-days-in-history.openvoiceos:today_in_history.intent,explica'm sobre fets històrics va passar avui a la història
ca,ovos-skill-days-in-history.openvoiceos:today_in_history.intent,explica'm sobre fets històrics va passar avui en la història
ca,ovos-skill-days-in-history.openvoiceos:today_in_history.intent,explica'm sobre fets històrics va passar en aquesta data
ca,ovos-skill-days-in-history.openvoiceos:today_in_history.intent,explica'm sobre fets històrics va passar en aquesta data a la història
ca,ovos-skill-days-in-history.openvoiceos:today_in_history.intent,explica'm sobre fets històrics va passar en aquesta data en la història
ca,ovos-skill-days-in-history.openvoiceos:today_in_history.intent,explica'm sobre fets històrics va passar en esta data
ca,ovos-skill-days-in-history.openvoiceos:today_in_history.intent,explica'm sobre fets històrics va passar en esta data a la història
ca,ovos-skill-days-in-history.openvoiceos:today_in_history.intent,explica'm sobre fets històrics va passar en esta data en la història
ca,ovos-skill-days-in-history.openvoiceos:today_in_history.intent,explica'm sobre fets històrics va passar este dia
ca,ovos-skill-days-in-history.openvoiceos:today_in_history.intent,explica'm sobre fets històrics va passar este dia a la història
ca,ovos-skill-days-in-history.openvoiceos:today_in_history.intent,explica'm sobre fets històrics va passar este dia en la història
ca,ovos-skill-days-in-history.openvoiceos:today_in_history.intent,explica'm sobre fets històrics va passar hui
ca,ovos-skill-days-in-history.openvoiceos:today_in_history.intent,explica'm sobre fets històrics va passar hui a la història
ca,ovos-skill-days-in-history.openvoiceos:today_in_history.intent,explica'm sobre fets històrics va passar hui en la història
ca,ovos-skill-days-in-history.openvoiceos:today_in_history.intent,explica'm sobre fets històrics va succeir amb data {date}
ca,ovos-skill-days-in-history.openvoiceos:today_in_history.intent,explica'm sobre fets històrics va succeir amb data {date} a la història
ca,ovos-skill-days-in-history.openvoiceos:today_in_history.intent,explica'm sobre fets històrics va succeir amb data {date} en la història
ca,ovos-skill-days-in-history.openvoiceos:today_in_history.intent,explica'm sobre fets històrics va succeir el {date}
ca,ovos-skill-days-in-history.openvoiceos:today_in_history.intent,explica'm sobre fets històrics va succeir el {date} a la història
ca,ovos-skill-days-in-history.openvoiceos:today_in_history.intent,explica'm sobre fets històrics va succeir el {date} en la història
ca,ovos-skill-days-in-history.openvoiceos:today_in_history.intent,explica'm sobre fets històrics va succeir en data {date}
ca,ovos-skill-days-in-history.openvoiceos:today_in_history.intent,explica'm sobre fets històrics va succeir en data {date} a la història
ca,ovos-skill-days-in-history.openvoiceos:today_in_history.intent,explica'm sobre fets històrics va succeir en data {date} en la història
ca,ovos-skill-days-in-history.openvoiceos:today_in_history.intent,explica'm sobre fets històrics va succeir en {date}
ca,ovos-skill-days-in-history.openvoiceos:today_in_history.intent,explica'm sobre fets històrics va succeir en {date} a la història
ca,ovos-skill-days-in-history.openvoiceos:today_in_history.intent,explica'm sobre fets històrics va succeir en {date} en la història
ca,ovos-skill-days-in-history.openvoiceos:today_in_history.intent,explica'm sobre fets històrics van passar aquest dia
ca,ovos-skill-days-in-history.openvoiceos:today_in_history.intent,explica'm sobre fets històrics van passar aquest dia a la història
ca,ovos-skill-days-in-history.openvoiceos:today_in_history.intent,explica'm sobre fets històrics van passar aquest dia en la història
ca,ovos-skill-days-in-history.openvoiceos:today_in_history.intent,explica'm sobre fets històrics van passar avui
ca,ovos-skill-days-in-history.openvoiceos:today_in_history.intent,explica'm sobre fets històrics van passar avui a la història
ca,ovos-skill-days-in-history.openvoiceos:today_in_history.intent,explica'm sobre fets històrics van passar avui en la història
ca,ovos-skill-days-in-history.openvoiceos:today_in_history.intent,explica'm sobre fets històrics van passar en aquesta data
ca,ovos-skill-days-in-history.openvoiceos:today_in_history.intent,explica'm sobre fets històrics van passar en aquesta data a la història
ca,ovos-skill-days-in-history.openvoiceos:today_in_history.intent,explica'm sobre fets històrics van passar en aquesta data en la història
ca,ovos-skill-days-in-history.openvoiceos:today_in_history.intent,explica'm sobre fets històrics van passar en esta data
ca,ovos-skill-days-in-history.openvoiceos:today_in_history.intent,explica'm sobre fets històrics van passar en esta data a la història
ca,ovos-skill-days-in-history.openvoiceos:today_in_history.intent,explica'm sobre fets històrics van passar en esta data en la història
ca,ovos-skill-days-in-history.openvoiceos:today_in_history.intent,explica'm sobre fets històrics van passar este dia
ca,ovos-skill-days-in-history.openvoiceos:today_in_history.intent,explica'm sobre fets històrics van passar este dia a la història
ca,ovos-skill-days-in-history.openvoiceos:today_in_history.intent,explica'm sobre fets històrics van passar este dia en la història
ca,ovos-skill-days-in-history.openvoiceos:today_in_history.intent,explica'm sobre fets històrics van passar hui
ca,ovos-skill-days-in-history.openvoiceos:today_in_history.intent,explica'm sobre fets històrics van passar hui a la història
ca,ovos-skill-days-in-history.openvoiceos:today_in_history.intent,explica'm sobre fets històrics van passar hui en la història
ca,ovos-skill-days-in-history.openvoiceos:today_in_history.intent,explica'm sobre fets històrics van succeir amb data {date}
ca,ovos-skill-days-in-history.openvoiceos:today_in_history.intent,explica'm sobre fets històrics van succeir amb data {date} a la història
ca,ovos-skill-days-in-history.openvoiceos:today_in_history.intent,explica'm sobre fets històrics van succeir amb data {date} en la història
ca,ovos-skill-days-in-history.openvoiceos:today_in_history.intent,explica'm sobre fets històrics van succeir el {date}
ca,ovos-skill-days-in-history.openvoiceos:today_in_history.intent,explica'm sobre fets històrics van succeir el {date} a la història
ca,ovos-skill-days-in-history.openvoiceos:today_in_history.intent,explica'm sobre fets històrics van succeir el {date} en la història
ca,ovos-skill-days-in-history.openvoiceos:today_in_history.intent,explica'm sobre fets històrics van succeir en data {date}
ca,ovos-skill-days-in-history.openvoiceos:today_in_history.intent,explica'm sobre fets històrics van succeir en data {date} a la història
ca,ovos-skill-days-in-history.openvoiceos:today_in_history.intent,explica'm sobre fets històrics van succeir en data {date} en la història
ca,ovos-skill-days-in-history.openvoiceos:today_in_history.intent,explica'm sobre fets històrics van succeir en {date}
ca,ovos-skill-days-in-history.openvoiceos:today_in_history.intent,explica'm sobre fets històrics van succeir en {date} a la història
ca,ovos-skill-days-in-history.openvoiceos:today_in_history.intent,explica'm sobre fets històrics van succeir en {date} en la història
ca,ovos-skill-days-in-history.openvoiceos:today_in_history.intent,hui
ca,ovos-skill-days-in-history.openvoiceos:today_in_history.intent,hui a la història
ca,ovos-skill-days-in-history.openvoiceos:today_in_history.intent,hui en la història
ca,ovos-skill-days-in-history.openvoiceos:today_in_history.intent,què passaren aquest dia
ca,ovos-skill-days-in-history.openvoiceos:today_in_history.intent,què passaren aquest dia a la història
ca,ovos-skill-days-in-history.openvoiceos:today_in_history.intent,què passaren aquest dia en la història
ca,ovos-skill-days-in-history.openvoiceos:today_in_history.intent,què passaren avui
ca,ovos-skill-days-in-history.openvoiceos:today_in_history.intent,què passaren avui a la història
ca,ovos-skill-days-in-history.openvoiceos:today_in_history.intent,què passaren avui en la història
ca,ovos-skill-days-in-history.openvoiceos:today_in_history.intent,què passaren en aquesta data
ca,ovos-skill-days-in-history.openvoiceos:today_in_history.intent,què passaren en aquesta data a la història
ca,ovos-skill-days-in-history.openvoiceos:today_in_history.intent,què passaren en aquesta data en la història
ca,ovos-skill-days-in-history.openvoiceos:today_in_history.intent,què passaren en esta data
ca,ovos-skill-days-in-history.openvoiceos:today_in_history.intent,què passaren en esta data a la història
ca,ovos-skill-days-in-history.openvoiceos:today_in_history.intent,què passaren en esta data en la història
ca,ovos-skill-days-in-history.openvoiceos:today_in_history.intent,què passaren este dia
ca,ovos-skill-days-in-history.openvoiceos:today_in_history.intent,què passaren este dia a la història
ca,ovos-skill-days-in-history.openvoiceos:today_in_history.intent,què passaren este dia en la història
ca,ovos-skill-days-in-history.openvoiceos:today_in_history.intent,què passaren hui
ca,ovos-skill-days-in-history.openvoiceos:today_in_history.intent,què passaren hui a la història
ca,ovos-skill-days-in-history.openvoiceos:today_in_history.intent,què passaren hui en la història
ca,ovos-skill-days-in-history.openvoiceos:today_in_history.intent,què passà aquest dia
ca,ovos-skill-days-in-history.openvoiceos:today_in_history.intent,què passà aquest dia a la història
ca,ovos-skill-days-in-history.openvoiceos:today_in_history.intent,què passà aquest dia en la història
ca,ovos-skill-days-in-history.openvoiceos:today_in_history.intent,què passà avui
ca,ovos-skill-days-in-history.openvoiceos:today_in_history.intent,què passà avui a la història
ca,ovos-skill-days-in-history.openvoiceos:today_in_history.intent,què passà avui en la història
ca,ovos-skill-days-in-history.openvoiceos:today_in_history.intent,què passà en aquesta data
ca,ovos-skill-days-in-history.openvoiceos:today_in_history.intent,què passà en aquesta data a la història
ca,ovos-skill-days-in-history.openvoiceos:today_in_history.intent,què passà en aquesta data en la història
ca,ovos-skill-days-in-history.openvoiceos:today_in_history.intent,què passà en esta data
ca,ovos-skill-days-in-history.openvoiceos:today_in_history.intent,què passà en esta data a la història
ca,ovos-skill-days-in-history.openvoiceos:today_in_history.intent,què passà en esta data en la història
ca,ovos-skill-days-in-history.openvoiceos:today_in_history.intent,què passà este dia
ca,ovos-skill-days-in-history.openvoiceos:today_in_history.intent,què passà este dia a la història
ca,ovos-skill-days-in-history.openvoiceos:today_in_history.intent,què passà este dia en la història
ca,ovos-skill-days-in-history.openvoiceos:today_in_history.intent,què passà hui
ca,ovos-skill-days-in-history.openvoiceos:today_in_history.intent,què passà hui a la història
ca,ovos-skill-days-in-history.openvoiceos:today_in_history.intent,què passà hui en la història
ca,ovos-skill-days-in-history.openvoiceos:today_in_history.intent,què succeiren amb data {date}
ca,ovos-skill-days-in-history.openvoiceos:today_in_history.intent,què succeiren amb data {date} a la història
ca,ovos-skill-days-in-history.openvoiceos:today_in_history.intent,què succeiren amb data {date} en la història
ca,ovos-skill-days-in-history.openvoiceos:today_in_history.intent,què succeiren el {date}
ca,ovos-skill-days-in-history.openvoiceos:today_in_history.intent,què succeiren el {date} a la història
ca,ovos-skill-days-in-history.openvoiceos:today_in_history.intent,què succeiren el {date} en la història
ca,ovos-skill-days-in-history.openvoiceos:today_in_history.intent,què succeiren en data {date}
ca,ovos-skill-days-in-history.openvoiceos:today_in_history.intent,què succeiren en data {date} a la història
ca,ovos-skill-days-in-history.openvoiceos:today_in_history.intent,què succeiren en data {date} en la història
ca,ovos-skill-days-in-history.openvoiceos:today_in_history.intent,què succeiren en {date}
ca,ovos-skill-days-in-history.openvoiceos:today_in_history.intent,què succeiren en {date} a la història
ca,ovos-skill-days-in-history.openvoiceos:today_in_history.intent,què succeiren en {date} en la història
ca,ovos-skill-days-in-history.openvoiceos:today_in_history.intent,què succeí amb data {date}
ca,ovos-skill-days-in-history.openvoiceos:today_in_history.intent,què succeí amb data {date} a la història
ca,ovos-skill-days-in-history.openvoiceos:today_in_history.intent,què succeí amb data {date} en la història
ca,ovos-skill-days-in-history.openvoiceos:today_in_history.intent,què succeí el {date}
ca,ovos-skill-days-in-history.openvoiceos:today_in_history.intent,què succeí el {date} a la història
ca,ovos-skill-days-in-history.openvoiceos:today_in_history.intent,què succeí el {date} en la història
ca,ovos-skill-days-in-history.openvoiceos:today_in_history.intent,què succeí en data {date}
ca,ovos-skill-days-in-history.openvoiceos:today_in_history.intent,què succeí en data {date} a la història
ca,ovos-skill-days-in-history.openvoiceos:today_in_history.intent,què succeí en data {date} en la història
ca,ovos-skill-days-in-history.openvoiceos:today_in_history.intent,què succeí en {date}
ca,ovos-skill-days-in-history.openvoiceos:today_in_history.intent,què succeí en {date} a la història
ca,ovos-skill-days-in-history.openvoiceos:today_in_history.intent,què succeí en {date} en la història
ca,ovos-skill-days-in-history.openvoiceos:today_in_history.intent,què va passar aquest dia
ca,ovos-skill-days-in-history.openvoiceos:today_in_history.intent,què va passar aquest dia a la història
ca,ovos-skill-days-in-history.openvoiceos:today_in_history.intent,què va passar aquest dia en la història
ca,ovos-skill-days-in-history.openvoiceos:today_in_history.intent,què va passar avui
ca,ovos-skill-days-in-history.openvoiceos:today_in_history.intent,què va passar avui a la història
ca,ovos-skill-days-in-history.openvoiceos:today_in_history.intent,què va passar avui en la història
ca,ovos-skill-days-in-history.openvoiceos:today_in_history.intent,què va passar en aquesta data
ca,ovos-skill-days-in-history.openvoiceos:today_in_history.intent,què va passar en aquesta data a la història
ca,ovos-skill-days-in-history.openvoiceos:today_in_history.intent,què va passar en aquesta data en la història
ca,ovos-skill-days-in-history.openvoiceos:today_in_history.intent,què va passar en esta data
ca,ovos-skill-days-in-history.openvoiceos:today_in_history.intent,què va passar en esta data a la història
ca,ovos-skill-days-in-history.openvoiceos:today_in_history.intent,què va passar en esta data en la història
ca,ovos-skill-days-in-history.openvoiceos:today_in_history.intent,què va passar este dia
ca,ovos-skill-days-in-history.openvoiceos:today_in_history.intent,què va passar este dia a la història
ca,ovos-skill-days-in-history.openvoiceos:today_in_history.intent,què va passar este dia en la història
ca,ovos-skill-days-in-history.openvoiceos:today_in_history.intent,què va passar hui
ca,ovos-skill-days-in-history.openvoiceos:today_in_history.intent,què va passar hui a la història
ca,ovos-skill-days-in-history.openvoiceos:today_in_history.intent,què va passar hui en la història
ca,ovos-skill-days-in-history.openvoiceos:today_in_history.intent,què va succeir amb data {date}
ca,ovos-skill-days-in-history.openvoiceos:today_in_history.intent,què va succeir amb data {date} a la història
ca,ovos-skill-days-in-history.openvoiceos:today_in_history.intent,què va succeir amb data {date} en la història
ca,ovos-skill-days-in-history.openvoiceos:today_in_history.intent,què va succeir el {date}
ca,ovos-skill-days-in-history.openvoiceos:today_in_history.intent,què va succeir el {date} a la història
ca,ovos-skill-days-in-history.openvoiceos:today_in_history.intent,què va succeir el {date} en la història
ca,ovos-skill-days-in-history.openvoiceos:today_in_history.intent,què va succeir en data {date}
ca,ovos-skill-days-in-history.openvoiceos:today_in_history.intent,què va succeir en data {date} a la història
ca,ovos-skill-days-in-history.openvoiceos:today_in_history.intent,què va succeir en data {date} en la història
ca,ovos-skill-days-in-history.openvoiceos:today_in_history.intent,què va succeir en {date}
ca,ovos-skill-days-in-history.openvoiceos:today_in_history.intent,què va succeir en {date} a la història
ca,ovos-skill-days-in-history.openvoiceos:today_in_history.intent,què va succeir en {date} en la història
ca,ovos-skill-days-in-history.openvoiceos:today_in_history.intent,què van passar aquest dia
ca,ovos-skill-days-in-history.openvoiceos:today_in_history.intent,què van passar aquest dia a la història
ca,ovos-skill-days-in-history.openvoiceos:today_in_history.intent,què van passar aquest dia en la història
ca,ovos-skill-days-in-history.openvoiceos:today_in_history.intent,què van passar avui
ca,ovos-skill-days-in-history.openvoiceos:today_in_history.intent,què van passar avui a la història
ca,ovos-skill-days-in-history.openvoiceos:today_in_history.intent,què van passar avui en la història
ca,ovos-skill-days-in-history.openvoiceos:today_in_history.intent,què van passar en aquesta data
ca,ovos-skill-days-in-history.openvoiceos:today_in_history.intent,què van passar en aquesta data a la història
ca,ovos-skill-days-in-history.openvoiceos:today_in_history.intent,què van passar en aquesta data en la història
ca,ovos-skill-days-in-history.openvoiceos:today_in_history.intent,què van passar en esta data
ca,ovos-skill-days-in-history.openvoiceos:today_in_history.intent,què van passar en esta data a la història
ca,ovos-skill-days-in-history.openvoiceos:today_in_history.intent,què van passar en esta data en la història
ca,ovos-skill-days-in-history.openvoiceos:today_in_history.intent,què van passar este dia
ca,ovos-skill-days-in-history.openvoiceos:today_in_history.intent,què van passar este dia a la història
ca,ovos-skill-days-in-history.openvoiceos:today_in_history.intent,què van passar este dia en la història
ca,ovos-skill-days-in-history.openvoiceos:today_in_history.intent,què van passar hui
ca,ovos-skill-days-in-history.openvoiceos:today_in_history.intent,què van passar hui a la història
ca,ovos-skill-days-in-history.openvoiceos:today_in_history.intent,què van passar hui en la història
ca,ovos-skill-days-in-history.openvoiceos:today_in_history.intent,què van succeir amb data {date}
ca,ovos-skill-days-in-history.openvoiceos:today_in_history.intent,què van succeir amb data {date} a la història
ca,ovos-skill-days-in-history.openvoiceos:today_in_history.intent,què van succeir amb data {date} en la història
ca,ovos-skill-days-in-history.openvoiceos:today_in_history.intent,què van succeir el {date}
ca,ovos-skill-days-in-history.openvoiceos:today_in_history.intent,què van succeir el {date} a la història
ca,ovos-skill-days-in-history.openvoiceos:today_in_history.intent,què van succeir el {date} en la història
ca,ovos-skill-days-in-history.openvoiceos:today_in_history.intent,què van succeir en data {date}
ca,ovos-skill-days-in-history.openvoiceos:today_in_history.intent,què van succeir en data {date} a la història
ca,ovos-skill-days-in-history.openvoiceos:today_in_history.intent,què van succeir en data {date} en la història
ca,ovos-skill-days-in-history.openvoiceos:today_in_history.intent,què van succeir en {date}
ca,ovos-skill-days-in-history.openvoiceos:today_in_history.intent,què van succeir en {date} a la història
ca,ovos-skill-days-in-history.openvoiceos:today_in_history.intent,què van succeir en {date} en la història
ca,ovos-skill-days-in-history.openvoiceos:today_in_history.intent,què esdeveniments històrics passaren aquest dia
ca,ovos-skill-days-in-history.openvoiceos:today_in_history.intent,què esdeveniments històrics passaren aquest dia a la història
ca,ovos-skill-days-in-history.openvoiceos:today_in_history.intent,què esdeveniments històrics passaren aquest dia en la història
ca,ovos-skill-days-in-history.openvoiceos:today_in_history.intent,què esdeveniments històrics passaren avui
ca,ovos-skill-days-in-history.openvoiceos:today_in_history.intent,què esdeveniments històrics passaren avui a la història
ca,ovos-skill-days-in-history.openvoiceos:today_in_history.intent,què esdeveniments històrics passaren avui en la història
ca,ovos-skill-days-in-history.openvoiceos:today_in_history.intent,què esdeveniments històrics passaren en aquesta data
ca,ovos-skill-days-in-history.openvoiceos:today_in_history.intent,què esdeveniments històrics passaren en aquesta data a la història
ca,ovos-skill-days-in-history.openvoiceos:today_in_history.intent,què esdeveniments històrics passaren en aquesta data en la història
ca,ovos-skill-days-in-history.openvoiceos:today_in_history.intent,què esdeveniments històrics passaren en esta data
ca,ovos-skill-days-in-history.openvoiceos:today_in_history.intent,què esdeveniments històrics passaren en esta data a la història
ca,ovos-skill-days-in-history.openvoiceos:today_in_history.intent,què esdeveniments històrics passaren en esta data en la història
ca,ovos-skill-days-in-history.openvoiceos:today_in_history.intent,què esdeveniments històrics passaren este dia
ca,ovos-skill-days-in-history.openvoiceos:today_in_history.intent,què esdeveniments històrics passaren este dia a la història
ca,ovos-skill-days-in-history.openvoiceos:today_in_history.intent,què esdeveniments històrics passaren este dia en la història
ca,ovos-skill-days-in-history.openvoiceos:today_in_history.intent,què esdeveniments històrics passaren hui
ca,ovos-skill-days-in-history.openvoiceos:today_in_history.intent,què esdeveniments històrics passaren hui a la història
ca,ovos-skill-days-in-history.openvoiceos:today_in_history.intent,què esdeveniments històrics passaren hui en la història
ca,ovos-skill-days-in-history.openvoiceos:today_in_history.intent,què esdeveniments històrics passà aquest dia
ca,ovos-skill-days-in-history.openvoiceos:today_in_history.intent,què esdeveniments històrics passà aquest dia a la història
ca,ovos-skill-days-in-history.openvoiceos:today_in_history.intent,què esdeveniments històrics passà aquest dia en la història
ca,ovos-skill-days-in-history.openvoiceos:today_in_history.intent,què esdeveniments històrics passà avui
ca,ovos-skill-days-in-history.openvoiceos:today_in_history.intent,què esdeveniments històrics passà avui a la història
ca,ovos-skill-days-in-history.openvoiceos:today_in_history.intent,què esdeveniments històrics passà avui en la història
ca,ovos-skill-days-in-history.openvoiceos:today_in_history.intent,què esdeveniments històrics passà en aquesta data
ca,ovos-skill-days-in-history.openvoiceos:today_in_history.intent,què esdeveniments històrics passà en aquesta data a la història
ca,ovos-skill-days-in-history.openvoiceos:today_in_history.intent,què esdeveniments històrics passà en aquesta data en la història
ca,ovos-skill-days-in-history.openvoiceos:today_in_history.intent,què esdeveniments històrics passà en esta data
ca,ovos-skill-days-in-history.openvoiceos:today_in_history.intent,què esdeveniments històrics passà en esta data a la història
ca,ovos-skill-days-in-history.openvoiceos:today_in_history.intent,què esdeveniments històrics passà en esta data en la història
ca,ovos-skill-days-in-history.openvoiceos:today_in_history.intent,què esdeveniments històrics passà este dia
ca,ovos-skill-days-in-history.openvoiceos:today_in_history.intent,què esdeveniments històrics passà este dia a la història
ca,ovos-skill-days-in-history.openvoiceos:today_in_history.intent,què esdeveniments històrics passà este dia en la història
ca,ovos-skill-days-in-history.openvoiceos:today_in_history.intent,què esdeveniments històrics passà hui
ca,ovos-skill-days-in-history.openvoiceos:today_in_history.intent,què esdeveniments històrics passà hui a la història
ca,ovos-skill-days-in-history.openvoiceos:today_in_history.intent,què esdeveniments històrics passà hui en la història
ca,ovos-skill-days-in-history.openvoiceos:today_in_history.intent,què esdeveniments històrics succeiren amb data {date}
ca,ovos-skill-days-in-history.openvoiceos:today_in_history.intent,què esdeveniments històrics succeiren amb data {date} a la història
ca,ovos-skill-days-in-history.openvoiceos:today_in_history.intent,què esdeveniments històrics succeiren amb data {date} en la història
ca,ovos-skill-days-in-history.openvoiceos:today_in_history.intent,què esdeveniments històrics succeiren el {date}
ca,ovos-skill-days-in-history.openvoiceos:today_in_history.intent,què esdeveniments històrics succeiren el {date} a la història
ca,ovos-skill-days-in-history.openvoiceos:today_in_history.intent,què esdeveniments històrics succeiren el {date} en la història
ca,ovos-skill-days-in-history.openvoiceos:today_in_history.intent,què esdeveniments històrics succeiren en data {date}
ca,ovos-skill-days-in-history.openvoiceos:today_in_history.intent,què esdeveniments històrics succeiren en data {date} a la història
ca,ovos-skill-days-in-history.openvoiceos:today_in_history.intent,què esdeveniments històrics succeiren en data {date} en la història
ca,ovos-skill-days-in-history.openvoiceos:today_in_history.intent,què esdeveniments històrics succeiren en {date}
ca,ovos-skill-days-in-history.openvoiceos:today_in_history.intent,què esdeveniments històrics succeiren en {date} a la història
ca,ovos-skill-days-in-history.openvoiceos:today_in_history.intent,què esdeveniments històrics succeiren en {date} en la història
ca,ovos-skill-days-in-history.openvoiceos:today_in_history.intent,què esdeveniments històrics succeí amb data {date}
ca,ovos-skill-days-in-history.openvoiceos:today_in_history.intent,què esdeveniments històrics succeí amb data {date} a la història
ca,ovos-skill-days-in-history.openvoiceos:today_in_history.intent,què esdeveniments històrics succeí amb data {date} en la història
ca,ovos-skill-days-in-history.openvoiceos:today_in_history.intent,què esdeveniments històrics succeí el {date}
ca,ovos-skill-days-in-history.openvoiceos:today_in_history.intent,què esdeveniments històrics succeí el {date} a la història
ca,ovos-skill-days-in-history.openvoiceos:today_in_history.intent,què esdeveniments històrics succeí el {date} en la història
ca,ovos-skill-days-in-history.openvoiceos:today_in_history.intent,què esdeveniments històrics succeí en data {date}
ca,ovos-skill-days-in-history.openvoiceos:today_in_history.intent,què esdeveniments històrics succeí en data {date} a la història
ca,ovos-skill-days-in-history.openvoiceos:today_in_history.intent,què esdeveniments històrics succeí en data {date} en la història
ca,ovos-skill-days-in-history.openvoiceos:today_in_history.intent,què esdeveniments històrics succeí en {date}
ca,ovos-skill-days-in-history.openvoiceos:today_in_history.intent,què esdeveniments històrics succeí en {date} a la història
ca,ovos-skill-days-in-history.openvoiceos:today_in_history.intent,què esdeveniments històrics succeí en {date} en la història
ca,ovos-skill-days-in-history.openvoiceos:today_in_history.intent,què esdeveniments històrics va passar aquest dia
ca,ovos-skill-days-in-history.openvoiceos:today_in_history.intent,què esdeveniments històrics va passar aquest dia a la història
ca,ovos-skill-days-in-history.openvoiceos:today_in_history.intent,què esdeveniments històrics va passar aquest dia en la història
ca,ovos-skill-days-in-history.openvoiceos:today_in_history.intent,què esdeveniments històrics va passar avui
ca,ovos-skill-days-in-history.openvoiceos:today_in_history.intent,què esdeveniments històrics va passar avui a la història
ca,ovos-skill-days-in-history.openvoiceos:today_in_history.intent,què esdeveniments històrics va passar avui en la història
ca,ovos-skill-days-in-history.openvoiceos:today_in_history.intent,què esdeveniments històrics va passar en aquesta data
ca,ovos-skill-days-in-history.openvoiceos:today_in_history.intent,què esdeveniments històrics va passar en aquesta data a la història
ca,ovos-skill-days-in-history.openvoiceos:today_in_history.intent,què esdeveniments històrics va passar en aquesta data en la història
ca,ovos-skill-days-in-history.openvoiceos:today_in_history.intent,què esdeveniments històrics va passar en esta data
ca,ovos-skill-days-in-history.openvoiceos:today_in_history.intent,què esdeveniments històrics va passar en esta data a la història
ca,ovos-skill-days-in-history.openvoiceos:today_in_history.intent,què esdeveniments històrics va passar en esta data en la història
ca,ovos-skill-days-in-history.openvoiceos:today_in_history.intent,què esdeveniments històrics va passar este dia
ca,ovos-skill-days-in-history.openvoiceos:today_in_history.intent,què esdeveniments històrics va passar este dia a la història
ca,ovos-skill-days-in-history.openvoiceos:today_in_history.intent,què esdeveniments històrics va passar este dia en la història
ca,ovos-skill-days-in-history.openvoiceos:today_in_history.intent,què esdeveniments històrics va passar hui
ca,ovos-skill-days-in-history.openvoiceos:today_in_history.intent,què esdeveniments històrics va passar hui a la història
ca,ovos-skill-days-in-history.openvoiceos:today_in_history.intent,què esdeveniments històrics va passar hui en la història
ca,ovos-skill-days-in-history.openvoiceos:today_in_history.intent,què esdeveniments històrics va succeir amb data {date}
ca,ovos-skill-days-in-history.openvoiceos:today_in_history.intent,què esdeveniments històrics va succeir amb data {date} a la història
ca,ovos-skill-days-in-history.openvoiceos:today_in_history.intent,què esdeveniments històrics va succeir amb data {date} en la història
ca,ovos-skill-days-in-history.openvoiceos:today_in_history.intent,què esdeveniments històrics va succeir el {date}
ca,ovos-skill-days-in-history.openvoiceos:today_in_history.intent,què esdeveniments històrics va succeir el {date} a la història
ca,ovos-skill-days-in-history.openvoiceos:today_in_history.intent,què esdeveniments històrics va succeir el {date} en la història
ca,ovos-skill-days-in-history.openvoiceos:today_in_history.intent,què esdeveniments històrics va succeir en data {date}
ca,ovos-skill-days-in-history.openvoiceos:today_in_history.intent,què esdeveniments històrics va succeir en data {date} a la història
ca,ovos-skill-days-in-history.openvoiceos:today_in_history.intent,què esdeveniments històrics va succeir en data {date} en la història
ca,ovos-skill-days-in-history.openvoiceos:today_in_history.intent,què esdeveniments històrics va succeir en {date}
ca,ovos-skill-days-in-history.openvoiceos:today_in_history.intent,què esdeveniments històrics va succeir en {date} a la història
ca,ovos-skill-days-in-history.openvoiceos:today_in_history.intent,què esdeveniments històrics va succeir en {date} en la història
ca,ovos-skill-days-in-history.openvoiceos:today_in_history.intent,què esdeveniments històrics van passar aquest dia
ca,ovos-skill-days-in-history.openvoiceos:today_in_history.intent,què esdeveniments històrics van passar aquest dia a la història
ca,ovos-skill-days-in-history.openvoiceos:today_in_history.intent,què esdeveniments històrics van passar aquest dia en la història
ca,ovos-skill-days-in-history.openvoiceos:today_in_history.intent,què esdeveniments històrics van passar avui
ca,ovos-skill-days-in-history.openvoiceos:today_in_history.intent,què esdeveniments històrics van passar avui a la història
ca,ovos-skill-days-in-history.openvoiceos:today_in_history.intent,què esdeveniments històrics van passar avui en la història
ca,ovos-skill-days-in-history.openvoiceos:today_in_history.intent,què esdeveniments històrics van passar en aquesta data
ca,ovos-skill-days-in-history.openvoiceos:today_in_history.intent,què esdeveniments històrics van passar en aquesta data a la història
ca,ovos-skill-days-in-history.openvoiceos:today_in_history.intent,què esdeveniments històrics van passar en aquesta data en la història
ca,ovos-skill-days-in-history.openvoiceos:today_in_history.intent,què esdeveniments històrics van passar en esta data
ca,ovos-skill-days-in-history.openvoiceos:today_in_history.intent,què esdeveniments històrics van passar en esta data a la història
ca,ovos-skill-days-in-history.openvoiceos:today_in_history.intent,què esdeveniments històrics van passar en esta data en la història
ca,ovos-skill-days-in-history.openvoiceos:today_in_history.intent,què esdeveniments històrics van passar este dia
ca,ovos-skill-days-in-history.openvoiceos:today_in_history.intent,què esdeveniments històrics van passar este dia a la història
ca,ovos-skill-days-in-history.openvoiceos:today_in_history.intent,què esdeveniments històrics van passar este dia en la història
ca,ovos-skill-days-in-history.openvoiceos:today_in_history.intent,què esdeveniments històrics van passar hui
ca,ovos-skill-days-in-history.openvoiceos:today_in_history.intent,què esdeveniments històrics van passar hui a la història
ca,ovos-skill-days-in-history.openvoiceos:today_in_history.intent,què esdeveniments històrics van passar hui en la història
ca,ovos-skill-days-in-history.openvoiceos:today_in_history.intent,què esdeveniments històrics van succeir amb data {date}
ca,ovos-skill-days-in-history.openvoiceos:today_in_history.intent,què esdeveniments històrics van succeir amb data {date} a la història
ca,ovos-skill-days-in-history.openvoiceos:today_in_history.intent,què esdeveniments històrics van succeir amb data {date} en la història
ca,ovos-skill-days-in-history.openvoiceos:today_in_history.intent,què esdeveniments històrics van succeir el {date}
ca,ovos-skill-days-in-history.openvoiceos:today_in_history.intent,què esdeveniments històrics van succeir el {date} a la història
ca,ovos-skill-days-in-history.openvoiceos:today_in_history.intent,què esdeveniments històrics van succeir el {date} en la història
ca,ovos-skill-days-in-history.openvoiceos:today_in_history.intent,què esdeveniments històrics van succeir en data {date}
ca,ovos-skill-days-in-history.openvoiceos:today_in_history.intent,què esdeveniments històrics van succeir en data {date} a la història
ca,ovos-skill-days-in-history.openvoiceos:today_in_history.intent,què esdeveniments històrics van succeir en data {date} en la història
ca,ovos-skill-days-in-history.openvoiceos:today_in_history.intent,què esdeveniments històrics van succeir en {date}
ca,ovos-skill-days-in-history.openvoiceos:today_in_history.intent,què esdeveniments històrics van succeir en {date} a la història
ca,ovos-skill-days-in-history.openvoiceos:today_in_history.intent,què esdeveniments històrics van succeir en {date} en la història
ca,ovos-skill-days-in-history.openvoiceos:today_in_history.intent,què fets històrics passaren aquest dia
ca,ovos-skill-days-in-history.openvoiceos:today_in_history.intent,què fets històrics passaren aquest dia a la història
ca,ovos-skill-days-in-history.openvoiceos:today_in_history.intent,què fets històrics passaren aquest dia en la història
ca,ovos-skill-days-in-history.openvoiceos:today_in_history.intent,què fets històrics passaren avui
ca,ovos-skill-days-in-history.openvoiceos:today_in_history.intent,què fets històrics passaren avui a la història
ca,ovos-skill-days-in-history.openvoiceos:today_in_history.intent,què fets històrics passaren avui en la història
ca,ovos-skill-days-in-history.openvoiceos:today_in_history.intent,què fets històrics passaren en aquesta data
ca,ovos-skill-days-in-history.openvoiceos:today_in_history.intent,què fets històrics passaren en aquesta data a la història
ca,ovos-skill-days-in-history.openvoiceos:today_in_history.intent,què fets històrics passaren en aquesta data en la història
ca,ovos-skill-days-in-history.openvoiceos:today_in_history.intent,què fets històrics passaren en esta data
ca,ovos-skill-days-in-history.openvoiceos:today_in_history.intent,què fets històrics passaren en esta data a la història
ca,ovos-skill-days-in-history.openvoiceos:today_in_history.intent,què fets històrics passaren en esta data en la història
ca,ovos-skill-days-in-history.openvoiceos:today_in_history.intent,què fets històrics passaren este dia
ca,ovos-skill-days-in-history.openvoiceos:today_in_history.intent,què fets històrics passaren este dia a la història
ca,ovos-skill-days-in-history.openvoiceos:today_in_history.intent,què fets històrics passaren este dia en la història
ca,ovos-skill-days-in-history.openvoiceos:today_in_history.intent,què fets històrics passaren hui
ca,ovos-skill-days-in-history.openvoiceos:today_in_history.intent,què fets històrics passaren hui a la història
ca,ovos-skill-days-in-history.openvoiceos:today_in_history.intent,què fets històrics passaren hui en la història
ca,ovos-skill-days-in-history.openvoiceos:today_in_history.intent,què fets històrics passà aquest dia
ca,ovos-skill-days-in-history.openvoiceos:today_in_history.intent,què fets històrics passà aquest dia a la història
ca,ovos-skill-days-in-history.openvoiceos:today_in_history.intent,què fets històrics passà aquest dia en la història
ca,ovos-skill-days-in-history.openvoiceos:today_in_history.intent,què fets històrics passà avui
ca,ovos-skill-days-in-history.openvoiceos:today_in_history.intent,què fets històrics passà avui a la història
ca,ovos-skill-days-in-history.openvoiceos:today_in_history.intent,què fets històrics passà avui en la història
ca,ovos-skill-days-in-history.openvoiceos:today_in_history.intent,què fets històrics passà en aquesta data
ca,ovos-skill-days-in-history.openvoiceos:today_in_history.intent,què fets històrics passà en aquesta data a la història
ca,ovos-skill-days-in-history.openvoiceos:today_in_history.intent,què fets històrics passà en aquesta data en la història
ca,ovos-skill-days-in-history.openvoiceos:today_in_history.intent,què fets històrics passà en esta data
ca,ovos-skill-days-in-history.openvoiceos:today_in_history.intent,què fets històrics passà en esta data a la història
ca,ovos-skill-days-in-history.openvoiceos:today_in_history.intent,què fets històrics passà en esta data en la història
ca,ovos-skill-days-in-history.openvoiceos:today_in_history.intent,què fets històrics passà este dia
ca,ovos-skill-days-in-history.openvoiceos:today_in_history.intent,què fets històrics passà este dia a la història
ca,ovos-skill-days-in-history.openvoiceos:today_in_history.intent,què fets històrics passà este dia en la història
ca,ovos-skill-days-in-history.openvoiceos:today_in_history.intent,què fets històrics passà hui
ca,ovos-skill-days-in-history.openvoiceos:today_in_history.intent,què fets històrics passà hui a la història
ca,ovos-skill-days-in-history.openvoiceos:today_in_history.intent,què fets històrics passà hui en la història
ca,ovos-skill-days-in-history.openvoiceos:today_in_history.intent,què fets històrics succeiren amb data {date}
ca,ovos-skill-days-in-history.openvoiceos:today_in_history.intent,què fets històrics succeiren amb data {date} a la història
ca,ovos-skill-days-in-history.openvoiceos:today_in_history.intent,què fets històrics succeiren amb data {date} en la història
ca,ovos-skill-days-in-history.openvoiceos:today_in_history.intent,què fets històrics succeiren el {date}
ca,ovos-skill-days-in-history.openvoiceos:today_in_history.intent,què fets històrics succeiren el {date} a la història
ca,ovos-skill-days-in-history.openvoiceos:today_in_history.intent,què fets històrics succeiren el {date} en la història
ca,ovos-skill-days-in-history.openvoiceos:today_in_history.intent,què fets històrics succeiren en data {date}
ca,ovos-skill-days-in-history.openvoiceos:today_in_history.intent,què fets històrics succeiren en data {date} a la història
ca,ovos-skill-days-in-history.openvoiceos:today_in_history.intent,què fets històrics succeiren en data {date} en la història
ca,ovos-skill-days-in-history.openvoiceos:today_in_history.intent,què fets històrics succeiren en {date}
ca,ovos-skill-days-in-history.openvoiceos:today_in_history.intent,què fets històrics succeiren en {date} a la història
ca,ovos-skill-days-in-history.openvoiceos:today_in_history.intent,què fets històrics succeiren en {date} en la història
ca,ovos-skill-days-in-history.openvoiceos:today_in_history.intent,què fets històrics succeí amb data {date}
ca,ovos-skill-days-in-history.openvoiceos:today_in_history.intent,què fets històrics succeí amb data {date} a la història
ca,ovos-skill-days-in-history.openvoiceos:today_in_history.intent,què fets històrics succeí amb data {date} en la història
ca,ovos-skill-days-in-history.openvoiceos:today_in_history.intent,què fets històrics succeí el {date}
ca,ovos-skill-days-in-history.openvoiceos:today_in_history.intent,què fets històrics succeí el {date} a la història
ca,ovos-skill-days-in-history.openvoiceos:today_in_history.intent,què fets històrics succeí el {date} en la història
ca,ovos-skill-days-in-history.openvoiceos:today_in_history.intent,què fets històrics succeí en data {date}
ca,ovos-skill-days-in-history.openvoiceos:today_in_history.intent,què fets històrics succeí en data {date} a la història
ca,ovos-skill-days-in-history.openvoiceos:today_in_history.intent,què fets històrics succeí en data {date} en la història
ca,ovos-skill-days-in-history.openvoiceos:today_in_history.intent,què fets històrics succeí en {date}
ca,ovos-skill-days-in-history.openvoiceos:today_in_history.intent,què fets històrics succeí en {date} a la història
ca,ovos-skill-days-in-history.openvoiceos:today_in_history.intent,què fets històrics succeí en {date} en la història
ca,ovos-skill-days-in-history.openvoiceos:today_in_history.intent,què fets històrics va passar aquest dia
ca,ovos-skill-days-in-history.openvoiceos:today_in_history.intent,què fets històrics va passar aquest dia a la història
ca,ovos-skill-days-in-history.openvoiceos:today_in_history.intent,què fets històrics va passar aquest dia en la història
ca,ovos-skill-days-in-history.openvoiceos:today_in_history.intent,què fets històrics va passar avui
ca,ovos-skill-days-in-history.openvoiceos:today_in_history.intent,què fets històrics va passar avui a la història
ca,ovos-skill-days-in-history.openvoiceos:today_in_history.intent,què fets històrics va passar avui en la història
ca,ovos-skill-days-in-history.openvoiceos:today_in_history.intent,què fets històrics va passar en aquesta data
ca,ovos-skill-days-in-history.openvoiceos:today_in_history.intent,què fets històrics va passar en aquesta data a la història
ca,ovos-skill-days-in-history.openvoiceos:today_in_history.intent,què fets històrics va passar en aquesta data en la història
ca,ovos-skill-days-in-history.openvoiceos:today_in_history.intent,què fets històrics va passar en esta data
ca,ovos-skill-days-in-history.openvoiceos:today_in_history.intent,què fets històrics va passar en esta data a la història
ca,ovos-skill-days-in-history.openvoiceos:today_in_history.intent,què fets històrics va passar en esta data en la història
ca,ovos-skill-days-in-history.openvoiceos:today_in_history.intent,què fets històrics va passar este dia
ca,ovos-skill-days-in-history.openvoiceos:today_in_history.intent,què fets històrics va passar este dia a la història
ca,ovos-skill-days-in-history.openvoiceos:today_in_history.intent,què fets històrics va passar este dia en la història
ca,ovos-skill-days-in-history.openvoiceos:today_in_history.intent,què fets històrics va passar hui
ca,ovos-skill-days-in-history.openvoiceos:today_in_history.intent,què fets històrics va passar hui a la història
ca,ovos-skill-days-in-history.openvoiceos:today_in_history.intent,què fets històrics va passar hui en la història
ca,ovos-skill-days-in-history.openvoiceos:today_in_history.intent,què fets històrics va succeir amb data {date}
ca,ovos-skill-days-in-history.openvoiceos:today_in_history.intent,què fets històrics va succeir amb data {date} a la història
ca,ovos-skill-days-in-history.openvoiceos:today_in_history.intent,què fets històrics va succeir amb data {date} en la història
ca,ovos-skill-days-in-history.openvoiceos:today_in_history.intent,què fets històrics va succeir el {date}
ca,ovos-skill-days-in-history.openvoiceos:today_in_history.intent,què fets històrics va succeir el {date} a la història
ca,ovos-skill-days-in-history.openvoiceos:today_in_history.intent,què fets històrics va succeir el {date} en la història
ca,ovos-skill-days-in-history.openvoiceos:today_in_history.intent,què fets històrics va succeir en data {date}
ca,ovos-skill-days-in-history.openvoiceos:today_in_history.intent,què fets històrics va succeir en data {date} a la història
ca,ovos-skill-days-in-history.openvoiceos:today_in_history.intent,què fets històrics va succeir en data {date} en la història
ca,ovos-skill-days-in-history.openvoiceos:today_in_history.intent,què fets històrics va succeir en {date}
ca,ovos-skill-days-in-history.openvoiceos:today_in_history.intent,què fets històrics va succeir en {date} a la història
ca,ovos-skill-days-in-history.openvoiceos:today_in_history.intent,què fets històrics va succeir en {date} en la història
ca,ovos-skill-days-in-history.openvoiceos:today_in_history.intent,què fets històrics van passar aquest dia
ca,ovos-skill-days-in-history.openvoiceos:today_in_history.intent,què fets històrics van passar aquest dia a la història
ca,ovos-skill-days-in-history.openvoiceos:today_in_history.intent,què fets històrics van passar aquest dia en la història
ca,ovos-skill-days-in-history.openvoiceos:today_in_history.intent,què fets històrics van passar avui
ca,ovos-skill-days-in-history.openvoiceos:today_in_history.intent,què fets històrics van passar avui a la història
ca,ovos-skill-days-in-history.openvoiceos:today_in_history.intent,què fets històrics van passar avui en la història
ca,ovos-skill-days-in-history.openvoiceos:today_in_history.intent,què fets històrics van passar en aquesta data
ca,ovos-skill-days-in-history.openvoiceos:today_in_history.intent,què fets històrics van passar en aquesta data a la història
ca,ovos-skill-days-in-history.openvoiceos:today_in_history.intent,què fets històrics van passar en aquesta data en la història
ca,ovos-skill-days-in-history.openvoiceos:today_in_history.intent,què fets històrics van passar en esta data
ca,ovos-skill-days-in-history.openvoiceos:today_in_history.intent,què fets històrics van passar en esta data a la història
ca,ovos-skill-days-in-history.openvoiceos:today_in_history.intent,què fets històrics van passar en esta data en la història
ca,ovos-skill-days-in-history.openvoiceos:today_in_history.intent,què fets històrics van passar este dia
ca,ovos-skill-days-in-history.openvoiceos:today_in_history.intent,què fets històrics van passar este dia a la història
ca,ovos-skill-days-in-history.openvoiceos:today_in_history.intent,què fets històrics van passar este dia en la història
ca,ovos-skill-days-in-history.openvoiceos:today_in_history.intent,què fets històrics van passar hui
ca,ovos-skill-days-in-history.openvoiceos:today_in_history.intent,què fets històrics van passar hui a la història
ca,ovos-skill-days-in-history.openvoiceos:today_in_history.intent,què fets històrics van passar hui en la història
ca,ovos-skill-days-in-history.openvoiceos:today_in_history.intent,què fets històrics van succeir amb data {date}
ca,ovos-skill-days-in-history.openvoiceos:today_in_history.intent,què fets històrics van succeir amb data {date} a la història
ca,ovos-skill-days-in-history.openvoiceos:today_in_history.intent,què fets històrics van succeir amb data {date} en la història
ca,ovos-skill-days-in-history.openvoiceos:today_in_history.intent,què fets històrics van succeir el {date}
ca,ovos-skill-days-in-history.openvoiceos:today_in_history.intent,què fets històrics van succeir el {date} a la història
ca,ovos-skill-days-in-history.openvoiceos:today_in_history.intent,què fets històrics van succeir el {date} en la història
ca,ovos-skill-days-in-history.openvoiceos:today_in_history.intent,què fets històrics van succeir en data {date}
ca,ovos-skill-days-in-history.openvoiceos:today_in_history.intent,què fets històrics van succeir en data {date} a la història
ca,ovos-skill-days-in-history.openvoiceos:today_in_history.intent,què fets històrics van succeir en data {date} en la història
ca,ovos-skill-days-in-history.openvoiceos:today_in_history.intent,què fets històrics van succeir en {date}
ca,ovos-skill-days-in-history.openvoiceos:today_in_history.intent,què fets històrics van succeir en {date} a la història
ca,ovos-skill-days-in-history.openvoiceos:today_in_history.intent,què fets històrics van succeir en {date} en la història
ca,ovos-skill-days-in-history.openvoiceos:today_in_history.intent,tal dia com avui
ca,ovos-skill-days-in-history.openvoiceos:today_in_history.intent,tal dia com avui a la història
ca,ovos-skill-days-in-history.openvoiceos:today_in_history.intent,tal dia com avui en la història
ca,ovos-skill-days-in-history.openvoiceos:today_in_history.intent,tal dia com hui
ca,ovos-skill-days-in-history.openvoiceos:today_in_history.intent,tal dia com hui a la història
ca,ovos-skill-days-in-history.openvoiceos:today_in_history.intent,tal dia com hui en la història
ca,ovos-skill-days-in-history.openvoiceos:deaths_in_history.intent,qui morir tal dia com avui
ca,ovos-skill-days-in-history.openvoiceos:deaths_in_history.intent,qui morir tal dia com avui a la història
ca,ovos-skill-days-in-history.openvoiceos:deaths_in_history.intent,qui morir tal dia com avui en la història
ca,ovos-skill-days-in-history.openvoiceos:deaths_in_history.intent,qui morir tal dia com hui
ca,ovos-skill-days-in-history.openvoiceos:deaths_in_history.intent,qui morir tal dia com hui a la història
ca,ovos-skill-days-in-history.openvoiceos:deaths_in_history.intent,qui morir tal dia com hui en la història
ca,ovos-skill-days-in-history.openvoiceos:deaths_in_history.intent,qui morí tal dia com avui
ca,ovos-skill-days-in-history.openvoiceos:deaths_in_history.intent,qui morí tal dia com avui a la història
ca,ovos-skill-days-in-history.openvoiceos:deaths_in_history.intent,qui morí tal dia com avui en la història
ca,ovos-skill-days-in-history.openvoiceos:deaths_in_history.intent,qui morí tal dia com hui
ca,ovos-skill-days-in-history.openvoiceos:deaths_in_history.intent,qui morí tal dia com hui a la història
ca,ovos-skill-days-in-history.openvoiceos:deaths_in_history.intent,qui morí tal dia com hui en la història
ca,ovos-skill-days-in-history.openvoiceos:deaths_in_history.intent,qui va morir tal dia com avui
ca,ovos-skill-days-in-history.openvoiceos:deaths_in_history.intent,qui va morir tal dia com avui a la història
ca,ovos-skill-days-in-history.openvoiceos:deaths_in_history.intent,qui va morir tal dia com avui en la història
ca,ovos-skill-days-in-history.openvoiceos:deaths_in_history.intent,qui va morir tal dia com hui
ca,ovos-skill-days-in-history.openvoiceos:deaths_in_history.intent,qui va morir tal dia com hui a la història
ca,ovos-skill-days-in-history.openvoiceos:deaths_in_history.intent,qui va morir tal dia com hui en la història
ca,common_query:common_query,quin és l'àmbit d'expertesa de {query}
ca,common_query:common_query,quants fills te {query}
ca,common_query:common_query,quants fills tingué {query}
ca,common_query:common_query,quants fills té {query}
ca,common_query:common_query,quants fills va tenir {query}
ca,common_query:common_query,quin és el tema de la tesi de {query}
ca,common_query:common_query,quan és l'aniversari d' {query}
ca,common_query:common_query,quan és l'aniversari de {query}
ca,common_query:common_query,quin és l'aniversari d' {query}
ca,common_query:common_query,quin és l'aniversari de {query}
ca,common_query:common_query,quan va nàixer {query}
ca,common_query:common_query,quan va néixer {query}
ca,common_query:common_query,quina és la data de naixement d' {query}
ca,common_query:common_query,quina és la data de naixement de {query}
ca,common_query:common_query,quan nasqué {query}
ca,common_query:common_query,quan és {query} aniversari
ca,common_query:common_query,quan és {query} dia de naixement
ca,common_query:common_query,quan és {query} naixement
ca,common_query:common_query,{query} data de naixement
ca,common_query:common_query,{query} dia de naixement
ca,common_query:common_query,qui és {query}
ca,ovos-skill-ddg.openvoiceos:search_duck.intent,busca a ddg {query}
ca,ovos-skill-ddg.openvoiceos:search_duck.intent,busca a de de ge {query}
ca,ovos-skill-ddg.openvoiceos:search_duck.intent,busca a duck duck go {query}
ca,ovos-skill-ddg.openvoiceos:search_duck.intent,busca a l'ànec {query}
ca,ovos-skill-ddg.openvoiceos:search_duck.intent,busca al ddg {query}
ca,ovos-skill-ddg.openvoiceos:search_duck.intent,busca al de de ge {query}
ca,ovos-skill-ddg.openvoiceos:search_duck.intent,busca al duck duck go {query}
ca,ovos-skill-ddg.openvoiceos:search_duck.intent,busca al l'ànec {query}
ca,ovos-skill-ddg.openvoiceos:search_duck.intent,cerca a ddg {query}
ca,ovos-skill-ddg.openvoiceos:search_duck.intent,cerca a de de ge {query}
ca,ovos-skill-ddg.openvoiceos:search_duck.intent,cerca a duck duck go {query}
ca,ovos-skill-ddg.openvoiceos:search_duck.intent,cerca a l'ànec {query}
ca,ovos-skill-ddg.openvoiceos:search_duck.intent,cerca al ddg {query}
ca,ovos-skill-ddg.openvoiceos:search_duck.intent,cerca al de de ge {query}
ca,ovos-skill-ddg.openvoiceos:search_duck.intent,cerca al duck duck go {query}
ca,ovos-skill-ddg.openvoiceos:search_duck.intent,cerca al l'ànec {query}
ca,ovos-skill-ddg.openvoiceos:search_duck.intent,consulta a ddg {query}
ca,ovos-skill-ddg.openvoiceos:search_duck.intent,consulta a de de ge {query}
ca,ovos-skill-ddg.openvoiceos:search_duck.intent,consulta a duck duck go {query}
ca,ovos-skill-ddg.openvoiceos:search_duck.intent,consulta a l'ànec {query}
ca,ovos-skill-ddg.openvoiceos:search_duck.intent,consulta al ddg {query}
ca,ovos-skill-ddg.openvoiceos:search_duck.intent,consulta al de de ge {query}
ca,ovos-skill-ddg.openvoiceos:search_duck.intent,consulta al duck duck go {query}
ca,ovos-skill-ddg.openvoiceos:search_duck.intent,consulta al l'ànec {query}
ca,ovos-skill-ddg.openvoiceos:search_duck.intent,demana a ddg {query}
ca,ovos-skill-ddg.openvoiceos:search_duck.intent,demana a de de ge {query}
ca,ovos-skill-ddg.openvoiceos:search_duck.intent,demana a duck duck go {query}
ca,ovos-skill-ddg.openvoiceos:search_duck.intent,demana a l'ànec {query}
ca,ovos-skill-ddg.openvoiceos:search_duck.intent,demana al ddg {query}
ca,ovos-skill-ddg.openvoiceos:search_duck.intent,demana al de de ge {query}
ca,ovos-skill-ddg.openvoiceos:search_duck.intent,demana al duck duck go {query}
ca,ovos-skill-ddg.openvoiceos:search_duck.intent,demana al l'ànec {query}
ca,ovos-skill-ddg.openvoiceos:search_duck.intent,busca {query} a ddg
ca,ovos-skill-ddg.openvoiceos:search_duck.intent,busca {query} a de de ge
ca,ovos-skill-ddg.openvoiceos:search_duck.intent,busca {query} a duck duck go
ca,ovos-skill-ddg.openvoiceos:search_duck.intent,busca {query} a l'ànec
ca,ovos-skill-ddg.openvoiceos:search_duck.intent,busca {query} al ddg
ca,ovos-skill-ddg.openvoiceos:search_duck.intent,busca {query} al de de ge
ca,ovos-skill-ddg.openvoiceos:search_duck.intent,busca {query} al duck duck go
ca,ovos-skill-ddg.openvoiceos:search_duck.intent,busca {query} al l'ànec
ca,ovos-skill-ddg.openvoiceos:search_duck.intent,cerca {query} a ddg
ca,ovos-skill-ddg.openvoiceos:search_duck.intent,cerca {query} a de de ge
ca,ovos-skill-ddg.openvoiceos:search_duck.intent,cerca {query} a duck duck go
ca,ovos-skill-ddg.openvoiceos:search_duck.intent,cerca {query} a l'ànec
ca,ovos-skill-ddg.openvoiceos:search_duck.intent,cerca {query} al ddg
ca,ovos-skill-ddg.openvoiceos:search_duck.intent,cerca {query} al de de ge
ca,ovos-skill-ddg.openvoiceos:search_duck.intent,cerca {query} al duck duck go
ca,ovos-skill-ddg.openvoiceos:search_duck.intent,cerca {query} al l'ànec
ca,ovos-skill-ddg.openvoiceos:search_duck.intent,consulta {query} a ddg
ca,ovos-skill-ddg.openvoiceos:search_duck.intent,consulta {query} a de de ge
ca,ovos-skill-ddg.openvoiceos:search_duck.intent,consulta {query} a duck duck go
ca,ovos-skill-ddg.openvoiceos:search_duck.intent,consulta {query} a l'ànec
ca,ovos-skill-ddg.openvoiceos:search_duck.intent,consulta {query} al ddg
ca,ovos-skill-ddg.openvoiceos:search_duck.intent,consulta {query} al de de ge
ca,ovos-skill-ddg.openvoiceos:search_duck.intent,consulta {query} al duck duck go
ca,ovos-skill-ddg.openvoiceos:search_duck.intent,consulta {query} al l'ànec
ca,ovos-skill-ddg.openvoiceos:search_duck.intent,demana {query} a ddg
ca,ovos-skill-ddg.openvoiceos:search_duck.intent,demana {query} a de de ge
ca,ovos-skill-ddg.openvoiceos:search_duck.intent,demana {query} a duck duck go
ca,ovos-skill-ddg.openvoiceos:search_duck.intent,demana {query} a l'ànec
ca,ovos-skill-ddg.openvoiceos:search_duck.intent,demana {query} al ddg
ca,ovos-skill-ddg.openvoiceos:search_duck.intent,demana {query} al de de ge
ca,ovos-skill-ddg.openvoiceos:search_duck.intent,demana {query} al duck duck go
ca,ovos-skill-ddg.openvoiceos:search_duck.intent,demana {query} al l'ànec
ca,ovos-skill-ddg.openvoiceos:search_duck.intent,què diu ddg de {query}
ca,ovos-skill-ddg.openvoiceos:search_duck.intent,què diu ddg sobre {query}
ca,ovos-skill-ddg.openvoiceos:search_duck.intent,què diu de de ge de {query}
ca,ovos-skill-ddg.openvoiceos:search_duck.intent,què diu de de ge sobre {query}
ca,ovos-skill-ddg.openvoiceos:search_duck.intent,què diu duck duck go de {query}
ca,ovos-skill-ddg.openvoiceos:search_duck.intent,què diu duck duck go sobre {query}
ca,ovos-skill-ddg.openvoiceos:search_duck.intent,què diu l'ànec de {query}
ca,ovos-skill-ddg.openvoiceos:search_duck.intent,què diu l'ànec sobre {query}
ca,ovos-skill-ddg.openvoiceos:search_duck.intent,què diu el ddg de {query}
ca,ovos-skill-ddg.openvoiceos:search_duck.intent,què diu el ddg sobre {query}
ca,ovos-skill-ddg.openvoiceos:search_duck.intent,què diu el de de ge de {query}
ca,ovos-skill-ddg.openvoiceos:search_duck.intent,què diu el de de ge sobre {query}
ca,ovos-skill-ddg.openvoiceos:search_duck.intent,què diu el duck duck go de {query}
ca,ovos-skill-ddg.openvoiceos:search_duck.intent,què diu el duck duck go sobre {query}
ca,ovos-skill-ddg.openvoiceos:search_duck.intent,què diu el l'ànec de {query}
ca,ovos-skill-ddg.openvoiceos:search_duck.intent,què diu el l'ànec sobre {query}
ca,ovos-skill-ddg.openvoiceos:search_duck.intent,què diu es ddg de {query}
ca,ovos-skill-ddg.openvoiceos:search_duck.intent,què diu es ddg sobre {query}
ca,ovos-skill-ddg.openvoiceos:search_duck.intent,què diu es de de ge de {query}
ca,ovos-skill-ddg.openvoiceos:search_duck.intent,què diu es de de ge sobre {query}
ca,ovos-skill-ddg.openvoiceos:search_duck.intent,què diu es duck duck go de {query}
ca,ovos-skill-ddg.openvoiceos:search_duck.intent,què diu es duck duck go sobre {query}
ca,ovos-skill-ddg.openvoiceos:search_duck.intent,què diu es l'ànec de {query}
ca,ovos-skill-ddg.openvoiceos:search_duck.intent,què diu es l'ànec sobre {query}
ca,ovos-skill-ddg.openvoiceos:search_duck.intent,què posa a ddg de {query}
ca,ovos-skill-ddg.openvoiceos:search_duck.intent,què posa a ddg sobre {query}
ca,ovos-skill-ddg.openvoiceos:search_duck.intent,què posa a de de ge de {query}
ca,ovos-skill-ddg.openvoiceos:search_duck.intent,què posa a de de ge sobre {query}
ca,ovos-skill-ddg.openvoiceos:search_duck.intent,què posa a duck duck go de {query}
ca,ovos-skill-ddg.openvoiceos:search_duck.intent,què posa a duck duck go sobre {query}
ca,ovos-skill-ddg.openvoiceos:search_duck.intent,què posa a l'ànec de {query}
ca,ovos-skill-ddg.openvoiceos:search_duck.intent,què posa a l'ànec sobre {query}
ca,ovos-skill-ddg.openvoiceos:search_duck.intent,què posa al ddg de {query}
ca,ovos-skill-ddg.openvoiceos:search_duck.intent,què posa al ddg sobre {query}
ca,ovos-skill-ddg.openvoiceos:search_duck.intent,què posa al de de ge de {query}
ca,ovos-skill-ddg.openvoiceos:search_duck.intent,què posa al de de ge sobre {query}
ca,ovos-skill-ddg.openvoiceos:search_duck.intent,què posa al duck duck go de {query}
ca,ovos-skill-ddg.openvoiceos:search_duck.intent,què posa al duck duck go sobre {query}
ca,ovos-skill-ddg.openvoiceos:search_duck.intent,què posa al l'ànec de {query}
ca,ovos-skill-ddg.openvoiceos:search_duck.intent,què posa al l'ànec sobre {query}
ca,common_query:common_query,on estudià {query}
ca,common_query:common_query,on va estudiar {query}
ca,common_query:common_query,on estudià {query}?
ca,common_query:common_query,on va estudiar {query}?
ca,common_query:common_query,quan morí {query}
ca,common_query:common_query,quan va morir {query}
ca,common_query:common_query,quan fou la mort de {query}
ca,common_query:common_query,quan va ser la mort de {query}
ca,common_query:common_query,{query} data de la mort
ca,common_query:common_query,{query} dia de la mort
ca,common_query:common_query,on està enterrat {query}
ca,common_query:common_query,on és enterrat {query}
ca,common_query:common_query,on està la tomba de {query}
ca,common_query:common_query,on és la tomba de {query}
ca,common_query:common_query,quina és l'alma mater de {query}
ca,common_query:common_query,quants anys tenia {query} el dia que morí
ca,common_query:common_query,quants anys tenia {query} el dia que va morir
ca,common_query:common_query,quants anys tenia {query} el dia que ell morí
ca,common_query:common_query,quants anys tenia {query} el dia que ell va morir
ca,common_query:common_query,quants anys tenia {query} el dia que ella morí
ca,common_query:common_query,quants anys tenia {query} el dia que ella va morir
ca,common_query:common_query,quants anys tenia {query} en morir
ca,common_query:common_query,quants anys tenia {query} quan morí
ca,common_query:common_query,quants anys tenia {query} quan va morir
ca,common_query:common_query,quants anys tenia {query} quan ell morí
ca,common_query:common_query,quants anys tenia {query} quan ell va morir
ca,common_query:common_query,quants anys tenia {query} quan ella morí
ca,common_query:common_query,quants anys tenia {query} quan ella va morir
ca,common_query:common_query,quin és el lloc web oficial de {query}
ca,common_query:common_query,per a què es coneix {query}
ca,common_query:common_query,per què és famós {query}
ca,ovos-skill-fuster-quotes.openvoiceos:who.intent,que era fuster
ca,ovos-skill-fuster-quotes.openvoiceos:who.intent,que era joan fuster
ca,ovos-skill-fuster-quotes.openvoiceos:who.intent,que fou fuster
ca,ovos-skill-fuster-quotes.openvoiceos:who.intent,que fou joan fuster
ca,ovos-skill-fuster-quotes.openvoiceos:who.intent,que va ser fuster
ca,ovos-skill-fuster-quotes.openvoiceos:who.intent,que va ser joan fuster
ca,ovos-skill-fuster-quotes.openvoiceos:who.intent,qui és fuster
ca,ovos-skill-fuster-quotes.openvoiceos:who.intent,qui és joan fuster
ca,ovos-skill-fuster-quotes.openvoiceos:fuster_quotes.intent,algun pensament fusterià
ca,ovos-skill-fuster-quotes.openvoiceos:fuster_quotes.intent,cita del dia de fuster
ca,ovos-skill-fuster-quotes.openvoiceos:fuster_quotes.intent,cita del dia de joan fuster
ca,ovos-skill-fuster-quotes.openvoiceos:fuster_quotes.intent,digues-me alguna cosa fusteriana
ca,ovos-skill-fuster-quotes.openvoiceos:fuster_quotes.intent,digue’m un aforisme del fuster
ca,ovos-skill-fuster-quotes.openvoiceos:fuster_quotes.intent,digue’m una cita de fuster
ca,ovos-skill-fuster-quotes.openvoiceos:fuster_quotes.intent,digue’m una cita de joan fuster
ca,ovos-skill-fuster-quotes.openvoiceos:fuster_quotes.intent,dóna’m un pensament de fuster
ca,ovos-skill-fuster-quotes.openvoiceos:fuster_quotes.intent,dóna’m un pensament de joan fuster
ca,ovos-skill-fuster-quotes.openvoiceos:fuster_quotes.intent,dóna’m una frase del fuster
ca,ovos-skill-fuster-quotes.openvoiceos:fuster_quotes.intent,la frase del fuster del dia
ca,ovos-skill-fuster-quotes.openvoiceos:fuster_quotes.intent,necessito alguna idea fusteriana
ca,ovos-skill-fuster-quotes.openvoiceos:fuster_quotes.intent,què diria fuster aquí
ca,ovos-skill-fuster-quotes.openvoiceos:fuster_quotes.intent,què diria joan fuster aquí
ca,ovos-skill-fuster-quotes.openvoiceos:fuster_quotes.intent,què diria en fuster
ca,ovos-skill-fuster-quotes.openvoiceos:fuster_quotes.intent,què diu fuster
ca,ovos-skill-fuster-quotes.openvoiceos:fuster_quotes.intent,què diu joan fuster
ca,ovos-skill-fuster-quotes.openvoiceos:fuster_quotes.intent,què diu en fuster
ca,ovos-skill-fuster-quotes.openvoiceos:fuster_quotes.intent,què pensen els fusterians
ca,ovos-skill-fuster-quotes.openvoiceos:fuster_quotes.intent,tens algun aforisme del fuster
ca,ovos-skill-fuster-quotes.openvoiceos:fuster_quotes.intent,tens alguna frase de fuster
ca,ovos-skill-fuster-quotes.openvoiceos:fuster_quotes.intent,tens alguna frase de joan fuster
ca,ovos-skill-fuster-quotes.openvoiceos:fuster_quotes.intent,tens alguna idea fusteriana
ca,ovos-skill-fuster-quotes.openvoiceos:fuster_quotes.intent,vull sentir un aforisme fusterià
ca,ovos-skill-wikihow.openvoiceos:wikihow.intent,explica pas a pas {query}
ca,ovos-skill-wikihow.openvoiceos:wikihow.intent,explica pas a pas com fer {query}
ca,ovos-skill-wikihow.openvoiceos:wikihow.intent,explica pas a pas com {query}
ca,ovos-skill-wikihow.openvoiceos:wikihow.intent,explica pas a passa {query}
ca,ovos-skill-wikihow.openvoiceos:wikihow.intent,explica pas a passa com fer {query}
ca,ovos-skill-wikihow.openvoiceos:wikihow.intent,explica pas a passa com {query}
ca,ovos-skill-wikihow.openvoiceos:wikihow.intent,explica pas per pas {query}
ca,ovos-skill-wikihow.openvoiceos:wikihow.intent,explica pas per pas com fer {query}
ca,ovos-skill-wikihow.openvoiceos:wikihow.intent,explica pas per pas com {query}
ca,ovos-skill-wikihow.openvoiceos:wikihow.intent,explica pas per passa {query}
ca,ovos-skill-wikihow.openvoiceos:wikihow.intent,explica pas per passa com fer {query}
ca,ovos-skill-wikihow.openvoiceos:wikihow.intent,explica pas per passa com {query}
ca,ovos-skill-wikihow.openvoiceos:wikihow.intent,explica passa a pas {query}
ca,ovos-skill-wikihow.openvoiceos:wikihow.intent,explica passa a pas com fer {query}
ca,ovos-skill-wikihow.openvoiceos:wikihow.intent,explica passa a pas com {query}
ca,ovos-skill-wikihow.openvoiceos:wikihow.intent,explica passa a passa {query}
ca,ovos-skill-wikihow.openvoiceos:wikihow.intent,explica passa a passa com fer {query}
ca,ovos-skill-wikihow.openvoiceos:wikihow.intent,explica passa a passa com {query}
ca,ovos-skill-wikihow.openvoiceos:wikihow.intent,explica passa per pas {query}
ca,ovos-skill-wikihow.openvoiceos:wikihow.intent,explica passa per pas com fer {query}
ca,ovos-skill-wikihow.openvoiceos:wikihow.intent,explica passa per pas com {query}
ca,ovos-skill-wikihow.openvoiceos:wikihow.intent,explica passa per passa {query}
ca,ovos-skill-wikihow.openvoiceos:wikihow.intent,explica passa per passa com fer {query}
ca,ovos-skill-wikihow.openvoiceos:wikihow.intent,explica passa per passa com {query}
ca,ovos-skill-wikihow.openvoiceos:wikihow.intent,explica'm pas a pas {query}
ca,ovos-skill-wikihow.openvoiceos:wikihow.intent,explica'm pas a pas com fer {query}
ca,ovos-skill-wikihow.openvoiceos:wikihow.intent,explica'm pas a pas com {query}
ca,ovos-skill-wikihow.openvoiceos:wikihow.intent,explica'm pas a passa {query}
ca,ovos-skill-wikihow.openvoiceos:wikihow.intent,explica'm pas a passa com fer {query}
ca,ovos-skill-wikihow.openvoiceos:wikihow.intent,explica'm pas a passa com {query}
ca,ovos-skill-wikihow.openvoiceos:wikihow.intent,explica'm pas per pas {query}
ca,ovos-skill-wikihow.openvoiceos:wikihow.intent,explica'm pas per pas com fer {query}
ca,ovos-skill-wikihow.openvoiceos:wikihow.intent,explica'm pas per pas com {query}
ca,ovos-skill-wikihow.openvoiceos:wikihow.intent,explica'm pas per passa {query}
ca,ovos-skill-wikihow.openvoiceos:wikihow.intent,explica'm pas per passa com fer {query}
ca,ovos-skill-wikihow.openvoiceos:wikihow.intent,explica'm pas per passa com {query}
ca,ovos-skill-wikihow.openvoiceos:wikihow.intent,explica'm passa a pas {query}
ca,ovos-skill-wikihow.openvoiceos:wikihow.intent,explica'm passa a pas com fer {query}
ca,ovos-skill-wikihow.openvoiceos:wikihow.intent,explica'm passa a pas com {query}
ca,ovos-skill-wikihow.openvoiceos:wikihow.intent,explica'm passa a passa {query}
ca,ovos-skill-wikihow.openvoiceos:wikihow.intent,explica'm passa a passa com fer {query}
ca,ovos-skill-wikihow.openvoiceos:wikihow.intent,explica'm passa a passa com {query}
ca,ovos-skill-wikihow.openvoiceos:wikihow.intent,explica'm passa per pas {query}
ca,ovos-skill-wikihow.openvoiceos:wikihow.intent,explica'm passa per pas com fer {query}
ca,ovos-skill-wikihow.openvoiceos:wikihow.intent,explica'm passa per pas com {query}
ca,ovos-skill-wikihow.openvoiceos:wikihow.intent,explica'm passa per passa {query}
ca,ovos-skill-wikihow.openvoiceos:wikihow.intent,explica'm passa per passa com fer {query}
ca,ovos-skill-wikihow.openvoiceos:wikihow.intent,explica'm passa per passa com {query}
ca,ovos-skill-wikihow.openvoiceos:wikihow.intent,passes per a {query}
ca,ovos-skill-wikihow.openvoiceos:wikihow.intent,passes per {query}
ca,ovos-skill-wikihow.openvoiceos:wikihow.intent,passos per a {query}
ca,ovos-skill-wikihow.openvoiceos:wikihow.intent,passos per {query}
ca,ovos-skill-wikihow.openvoiceos:wikihow.intent,com es pot fer {query}
ca,ovos-skill-wikihow.openvoiceos:wikihow.intent,com es pot {query}
ca,ovos-skill-wikihow.openvoiceos:wikihow.intent,com faig {query}
ca,ovos-skill-wikihow.openvoiceos:wikihow.intent,com puc {query}
ca,ovos-skill-wikihow.openvoiceos:wikihow.intent,com {query}
ca,ovos-skill-wikihow.openvoiceos:wikihow.intent,busca wiki how {query}
ca,ovos-skill-wikihow.openvoiceos:wikihow.intent,busca wiki how com {query}
ca,ovos-skill-wikihow.openvoiceos:wikihow.intent,busca wiki how sobre {query}
ca,ovos-skill-wikihow.openvoiceos:wikihow.intent,busca wikihow {query}
ca,ovos-skill-wikihow.openvoiceos:wikihow.intent,busca wikihow com {query}
ca,ovos-skill-wikihow.openvoiceos:wikihow.intent,busca wikihow sobre {query}
ca,ovos-skill-wikihow.openvoiceos:wikihow.intent,busca a wiki how {query}
ca,ovos-skill-wikihow.openvoiceos:wikihow.intent,busca a wiki how com {query}
ca,ovos-skill-wikihow.openvoiceos:wikihow.intent,busca a wiki how sobre {query}
ca,ovos-skill-wikihow.openvoiceos:wikihow.intent,busca a wikihow {query}
ca,ovos-skill-wikihow.openvoiceos:wikihow.intent,busca a wikihow com {query}
ca,ovos-skill-wikihow.openvoiceos:wikihow.intent,busca a wikihow sobre {query}
ca,ovos-skill-wikihow.openvoiceos:wikihow.intent,busca en wiki how {query}
ca,ovos-skill-wikihow.openvoiceos:wikihow.intent,busca en wiki how com {query}
ca,ovos-skill-wikihow.openvoiceos:wikihow.intent,busca en wiki how sobre {query}
ca,ovos-skill-wikihow.openvoiceos:wikihow.intent,busca en wikihow {query}
ca,ovos-skill-wikihow.openvoiceos:wikihow.intent,busca en wikihow com {query}
ca,ovos-skill-wikihow.openvoiceos:wikihow.intent,busca en wikihow sobre {query}
ca,ovos-skill-wikihow.openvoiceos:wikihow.intent,cerca wiki how {query}
ca,ovos-skill-wikihow.openvoiceos:wikihow.intent,cerca wiki how com {query}
ca,ovos-skill-wikihow.openvoiceos:wikihow.intent,cerca wiki how sobre {query}
ca,ovos-skill-wikihow.openvoiceos:wikihow.intent,cerca wikihow {query}
ca,ovos-skill-wikihow.openvoiceos:wikihow.intent,cerca wikihow com {query}
ca,ovos-skill-wikihow.openvoiceos:wikihow.intent,cerca wikihow sobre {query}
ca,ovos-skill-wikihow.openvoiceos:wikihow.intent,cerca a wiki how {query}
ca,ovos-skill-wikihow.openvoiceos:wikihow.intent,cerca a wiki how com {query}
ca,ovos-skill-wikihow.openvoiceos:wikihow.intent,cerca a wiki how sobre {query}
ca,ovos-skill-wikihow.openvoiceos:wikihow.intent,cerca a wikihow {query}
ca,ovos-skill-wikihow.openvoiceos:wikihow.intent,cerca a wikihow com {query}
ca,ovos-skill-wikihow.openvoiceos:wikihow.intent,cerca a wikihow sobre {query}
ca,ovos-skill-wikihow.openvoiceos:wikihow.intent,cerca en wiki how {query}
ca,ovos-skill-wikihow.openvoiceos:wikihow.intent,cerca en wiki how com {query}
ca,ovos-skill-wikihow.openvoiceos:wikihow.intent,cerca en wiki how sobre {query}
ca,ovos-skill-wikihow.openvoiceos:wikihow.intent,cerca en wikihow {query}
ca,ovos-skill-wikihow.openvoiceos:wikihow.intent,cerca en wikihow com {query}
ca,ovos-skill-wikihow.openvoiceos:wikihow.intent,cerca en wikihow sobre {query}
ca,ovos-skill-wikihow.openvoiceos:wikihow.intent,què diuwiki how sobre {query}
ca,ovos-skill-wikihow.openvoiceos:wikihow.intent,què diuwikihow sobre {query}
ca,ovos-skill-wikihow.openvoiceos:wikihow.intent,què indicawiki how sobre {query}
ca,ovos-skill-wikihow.openvoiceos:wikihow.intent,què indicawikihow sobre {query}
ca,ovos-skill-wikihow.openvoiceos:wikihow.intent,què pensawiki how sobre {query}
ca,ovos-skill-wikihow.openvoiceos:wikihow.intent,què pensawikihow sobre {query}
ca,ovos-skill-wikipedia.openvoiceos:wiki.intent,busca a la viqui {query}
ca,ovos-skill-wikipedia.openvoiceos:wiki.intent,busca a la viqui qui era {query}
ca,ovos-skill-wikipedia.openvoiceos:wiki.intent,busca a la viqui sobre {query}
ca,ovos-skill-wikipedia.openvoiceos:wiki.intent,busca a la viquipèdia {query}
ca,ovos-skill-wikipedia.openvoiceos:wiki.intent,busca a la viquipèdia qui era {query}
ca,ovos-skill-wikipedia.openvoiceos:wiki.intent,busca a la viquipèdia sobre {query}
ca,ovos-skill-wikipedia.openvoiceos:wiki.intent,busca a la wiki {query}
ca,ovos-skill-wikipedia.openvoiceos:wiki.intent,busca a la wiki qui era {query}
ca,ovos-skill-wikipedia.openvoiceos:wiki.intent,busca a la wiki sobre {query}
ca,ovos-skill-wikipedia.openvoiceos:wiki.intent,busca a la wikipedia {query}
ca,ovos-skill-wikipedia.openvoiceos:wiki.intent,busca a la wikipedia qui era {query}
ca,ovos-skill-wikipedia.openvoiceos:wiki.intent,busca a la wikipedia sobre {query}
ca,ovos-skill-wikipedia.openvoiceos:wiki.intent,busca viqui {query}
ca,ovos-skill-wikipedia.openvoiceos:wiki.intent,busca viqui qui era {query}
ca,ovos-skill-wikipedia.openvoiceos:wiki.intent,busca viqui sobre {query}
ca,ovos-skill-wikipedia.openvoiceos:wiki.intent,busca viquipèdia {query}
ca,ovos-skill-wikipedia.openvoiceos:wiki.intent,busca viquipèdia qui era {query}
ca,ovos-skill-wikipedia.openvoiceos:wiki.intent,busca viquipèdia sobre {query}
ca,ovos-skill-wikipedia.openvoiceos:wiki.intent,busca wiki {query}
ca,ovos-skill-wikipedia.openvoiceos:wiki.intent,busca wiki qui era {query}
ca,ovos-skill-wikipedia.openvoiceos:wiki.intent,busca wiki sobre {query}
ca,ovos-skill-wikipedia.openvoiceos:wiki.intent,busca wikipedia {query}
ca,ovos-skill-wikipedia.openvoiceos:wiki.intent,busca wikipedia qui era {query}
ca,ovos-skill-wikipedia.openvoiceos:wiki.intent,busca wikipedia sobre {query}
ca,ovos-skill-wikipedia.openvoiceos:wiki.intent,busca {query} a la viqui
ca,ovos-skill-wikipedia.openvoiceos:wiki.intent,busca {query} a la viquipèdia
ca,ovos-skill-wikipedia.openvoiceos:wiki.intent,busca {query} a la wiki
ca,ovos-skill-wikipedia.openvoiceos:wiki.intent,busca {query} a la wikipedia
ca,ovos-skill-wikipedia.openvoiceos:wiki.intent,digue'm qui era {query} a la viqui
ca,ovos-skill-wikipedia.openvoiceos:wiki.intent,digue'm qui era {query} a la viquipèdia
ca,ovos-skill-wikipedia.openvoiceos:wiki.intent,digue'm qui era {query} a la wiki
ca,ovos-skill-wikipedia.openvoiceos:wiki.intent,digue'm qui era {query} a la wikipedia
ca,ovos-skill-wikipedia.openvoiceos:wiki.intent,digue'm qui era {query} segons la viqui
ca,ovos-skill-wikipedia.openvoiceos:wiki.intent,digue'm qui era {query} segons la viquipèdia
ca,ovos-skill-wikipedia.openvoiceos:wiki.intent,digue'm qui era {query} segons la wiki
ca,ovos-skill-wikipedia.openvoiceos:wiki.intent,digue'm qui era {query} segons la wikipedia
ca,ovos-skill-wikipedia.openvoiceos:wiki.intent,digue'm què en saps de {query} a la viqui
ca,ovos-skill-wikipedia.openvoiceos:wiki.intent,digue'm què en saps de {query} a la viquipèdia
ca,ovos-skill-wikipedia.openvoiceos:wiki.intent,digue'm què en saps de {query} a la wiki
ca,ovos-skill-wikipedia.openvoiceos:wiki.intent,digue'm què en saps de {query} a la wikipedia
ca,ovos-skill-wikipedia.openvoiceos:wiki.intent,digue'm què en saps de {query} segons la viqui
ca,ovos-skill-wikipedia.openvoiceos:wiki.intent,digue'm què en saps de {query} segons la viquipèdia
ca,ovos-skill-wikipedia.openvoiceos:wiki.intent,digue'm què en saps de {query} segons la wiki
ca,ovos-skill-wikipedia.openvoiceos:wiki.intent,digue'm què en saps de {query} segons la wikipedia
ca,ovos-skill-wikipedia.openvoiceos:wiki.intent,digue'm què és {query} a la viqui
ca,ovos-skill-wikipedia.openvoiceos:wiki.intent,digue'm què és {query} a la viquipèdia
ca,ovos-skill-wikipedia.openvoiceos:wiki.intent,digue'm què és {query} a la wiki
ca,ovos-skill-wikipedia.openvoiceos:wiki.intent,digue'm què és {query} a la wikipedia
ca,ovos-skill-wikipedia.openvoiceos:wiki.intent,digue'm què és {query} segons la viqui
ca,ovos-skill-wikipedia.openvoiceos:wiki.intent,digue'm què és {query} segons la viquipèdia
ca,ovos-skill-wikipedia.openvoiceos:wiki.intent,digue'm què és {query} segons la wiki
ca,ovos-skill-wikipedia.openvoiceos:wiki.intent,digue'm què és {query} segons la wikipedia
ca,ovos-skill-wikipedia.openvoiceos:wiki.intent,explica sobre {query} a la viqui
ca,ovos-skill-wikipedia.openvoiceos:wiki.intent,explica sobre {query} a la viquipèdia
ca,ovos-skill-wikipedia.openvoiceos:wiki.intent,explica sobre {query} a la wiki
ca,ovos-skill-wikipedia.openvoiceos:wiki.intent,explica sobre {query} a la wikipedia
ca,ovos-skill-wikipedia.openvoiceos:wiki.intent,explica sobre {query} a viqui
ca,ovos-skill-wikipedia.openvoiceos:wiki.intent,explica sobre {query} a viquipèdia
ca,ovos-skill-wikipedia.openvoiceos:wiki.intent,explica sobre {query} a wiki
ca,ovos-skill-wikipedia.openvoiceos:wiki.intent,explica sobre {query} a wikipedia
ca,ovos-skill-wikipedia.openvoiceos:wiki.intent,explica'm sobre {query} a la viqui
ca,ovos-skill-wikipedia.openvoiceos:wiki.intent,explica'm sobre {query} a la viquipèdia
ca,ovos-skill-wikipedia.openvoiceos:wiki.intent,explica'm sobre {query} a la wiki
ca,ovos-skill-wikipedia.openvoiceos:wiki.intent,explica'm sobre {query} a la wikipedia
ca,ovos-skill-wikipedia.openvoiceos:wiki.intent,explica'm sobre {query} a viqui
ca,ovos-skill-wikipedia.openvoiceos:wiki.intent,explica'm sobre {query} a viquipèdia
ca,ovos-skill-wikipedia.openvoiceos:wiki.intent,explica'm sobre {query} a wiki
ca,ovos-skill-wikipedia.openvoiceos:wiki.intent,explica'm sobre {query} a wikipedia
ca,ovos-skill-wikipedia.openvoiceos:wiki.intent,explicans sobre {query} a la viqui
ca,ovos-skill-wikipedia.openvoiceos:wiki.intent,explicans sobre {query} a la viquipèdia
ca,ovos-skill-wikipedia.openvoiceos:wiki.intent,explicans sobre {query} a la wiki
ca,ovos-skill-wikipedia.openvoiceos:wiki.intent,explicans sobre {query} a la wikipedia
ca,ovos-skill-wikipedia.openvoiceos:wiki.intent,explicans sobre {query} a viqui
ca,ovos-skill-wikipedia.openvoiceos:wiki.intent,explicans sobre {query} a viquipèdia
ca,ovos-skill-wikipedia.openvoiceos:wiki.intent,explicans sobre {query} a wiki
ca,ovos-skill-wikipedia.openvoiceos:wiki.intent,explicans sobre {query} a wikipedia
ca,ovos-skill-wikipedia.openvoiceos:wiki.intent,fes una cerca sobre {query} a la viqui
ca,ovos-skill-wikipedia.openvoiceos:wiki.intent,fes una cerca sobre {query} a la viquipèdia
ca,ovos-skill-wikipedia.openvoiceos:wiki.intent,fes una cerca sobre {query} a la wiki
ca,ovos-skill-wikipedia.openvoiceos:wiki.intent,fes una cerca sobre {query} a la wikipedia
ca,ovos-skill-wikipedia.openvoiceos:wiki.intent,informa'm sobre {query} a la viqui
ca,ovos-skill-wikipedia.openvoiceos:wiki.intent,informa'm sobre {query} a la viquipèdia
ca,ovos-skill-wikipedia.openvoiceos:wiki.intent,informa'm sobre {query} a la wiki
ca,ovos-skill-wikipedia.openvoiceos:wiki.intent,informa'm sobre {query} a la wikipedia
ca,ovos-skill-wikipedia.openvoiceos:wiki.intent,què diu la viqui {query}
ca,ovos-skill-wikipedia.openvoiceos:wiki.intent,què diu la viqui de {query}
ca,ovos-skill-wikipedia.openvoiceos:wiki.intent,què diu la viqui qui era {query}
ca,ovos-skill-wikipedia.openvoiceos:wiki.intent,què diu la viqui sobre {query}
ca,ovos-skill-wikipedia.openvoiceos:wiki.intent,què diu la viquipèdia {query}
ca,ovos-skill-wikipedia.openvoiceos:wiki.intent,què diu la viquipèdia de {query}
ca,ovos-skill-wikipedia.openvoiceos:wiki.intent,què diu la viquipèdia qui era {query}
ca,ovos-skill-wikipedia.openvoiceos:wiki.intent,què diu la viquipèdia sobre {query}
ca,ovos-skill-wikipedia.openvoiceos:wiki.intent,què diu la wiki {query}
ca,ovos-skill-wikipedia.openvoiceos:wiki.intent,què diu la wiki de {query}
ca,ovos-skill-wikipedia.openvoiceos:wiki.intent,què diu la wiki qui era {query}
ca,ovos-skill-wikipedia.openvoiceos:wiki.intent,què diu la wiki sobre {query}
ca,ovos-skill-wikipedia.openvoiceos:wiki.intent,què diu la wikipedia {query}
ca,ovos-skill-wikipedia.openvoiceos:wiki.intent,què diu la wikipedia de {query}
ca,ovos-skill-wikipedia.openvoiceos:wiki.intent,què diu la wikipedia qui era {query}
ca,ovos-skill-wikipedia.openvoiceos:wiki.intent,què diu la wikipedia sobre {query}
ca,ovos-skill-wikipedia.openvoiceos:wiki.intent,què es sap de {query} a la viqui
ca,ovos-skill-wikipedia.openvoiceos:wiki.intent,què es sap de {query} a la viquipèdia
ca,ovos-skill-wikipedia.openvoiceos:wiki.intent,què es sap de {query} a la wiki
ca,ovos-skill-wikipedia.openvoiceos:wiki.intent,què es sap de {query} a la wikipedia
ca,ovos-skill-wikipedia.openvoiceos:wiki.intent,què es sap de {query} a sa viqui
ca,ovos-skill-wikipedia.openvoiceos:wiki.intent,què es sap de {query} a sa viquipèdia
ca,ovos-skill-wikipedia.openvoiceos:wiki.intent,què es sap de {query} a sa wiki
ca,ovos-skill-wikipedia.openvoiceos:wiki.intent,què es sap de {query} a sa wikipedia
ca,ovos-skill-wikipedia.openvoiceos:wiki.intent,què es sap sobre {query} a la viqui
ca,ovos-skill-wikipedia.openvoiceos:wiki.intent,què es sap sobre {query} a la viquipèdia
ca,ovos-skill-wikipedia.openvoiceos:wiki.intent,què es sap sobre {query} a la wiki
ca,ovos-skill-wikipedia.openvoiceos:wiki.intent,què es sap sobre {query} a la wikipedia
ca,ovos-skill-wikipedia.openvoiceos:wiki.intent,què es sap sobre {query} a sa viqui
ca,ovos-skill-wikipedia.openvoiceos:wiki.intent,què es sap sobre {query} a sa viquipèdia
ca,ovos-skill-wikipedia.openvoiceos:wiki.intent,què es sap sobre {query} a sa wiki
ca,ovos-skill-wikipedia.openvoiceos:wiki.intent,què es sap sobre {query} a sa wikipedia
ca,ovos-skill-wikipedia.openvoiceos:wiki.intent,què hi ha a la viqui sobre {query}
ca,ovos-skill-wikipedia.openvoiceos:wiki.intent,què hi ha a la viquipèdia sobre {query}
ca,ovos-skill-wikipedia.openvoiceos:wiki.intent,què hi ha a la wiki sobre {query}
ca,ovos-skill-wikipedia.openvoiceos:wiki.intent,què hi ha a la wikipedia sobre {query}
ca,ovos-skill-wikipedia.openvoiceos:wiki.intent,què posa a la viqui de {query}
ca,ovos-skill-wikipedia.openvoiceos:wiki.intent,què posa a la viquipèdia de {query}
ca,ovos-skill-wikipedia.openvoiceos:wiki.intent,què posa a la wiki de {query}
ca,ovos-skill-wikipedia.openvoiceos:wiki.intent,què posa a la wikipedia de {query}
ca,ovos-skill-wikipedia.openvoiceos:wiki.intent,què se sap de {query} a la viqui
ca,ovos-skill-wikipedia.openvoiceos:wiki.intent,què se sap de {query} a la viquipèdia
ca,ovos-skill-wikipedia.openvoiceos:wiki.intent,què se sap de {query} a la wiki
ca,ovos-skill-wikipedia.openvoiceos:wiki.intent,què se sap de {query} a la wikipedia
ca,ovos-skill-wikipedia.openvoiceos:wiki.intent,què se sap de {query} a sa viqui
ca,ovos-skill-wikipedia.openvoiceos:wiki.intent,què se sap de {query} a sa viquipèdia
ca,ovos-skill-wikipedia.openvoiceos:wiki.intent,què se sap de {query} a sa wiki
ca,ovos-skill-wikipedia.openvoiceos:wiki.intent,què se sap de {query} a sa wikipedia
ca,ovos-skill-wikipedia.openvoiceos:wiki.intent,què se sap sobre {query} a la viqui
ca,ovos-skill-wikipedia.openvoiceos:wiki.intent,què se sap sobre {query} a la viquipèdia
ca,ovos-skill-wikipedia.openvoiceos:wiki.intent,què se sap sobre {query} a la wiki
ca,ovos-skill-wikipedia.openvoiceos:wiki.intent,què se sap sobre {query} a la wikipedia
ca,ovos-skill-wikipedia.openvoiceos:wiki.intent,què se sap sobre {query} a sa viqui
ca,ovos-skill-wikipedia.openvoiceos:wiki.intent,què se sap sobre {query} a sa viquipèdia
ca,ovos-skill-wikipedia.openvoiceos:wiki.intent,què se sap sobre {query} a sa wiki
ca,ovos-skill-wikipedia.openvoiceos:wiki.intent,què se sap sobre {query} a sa wikipedia
ca,ovos-skill-wikipedia.openvoiceos:wiki.intent,què és {query} a la viqui
ca,ovos-skill-wikipedia.openvoiceos:wiki.intent,què és {query} a la viquipèdia
ca,ovos-skill-wikipedia.openvoiceos:wiki.intent,què és {query} a la wiki
ca,ovos-skill-wikipedia.openvoiceos:wiki.intent,què és {query} a la wikipedia
ca,ovos-skill-wikipedia.openvoiceos:wiki.intent,què és {query} segons la viqui
ca,ovos-skill-wikipedia.openvoiceos:wiki.intent,què és {query} segons la viquipèdia
ca,ovos-skill-wikipedia.openvoiceos:wiki.intent,què és {query} segons la wiki
ca,ovos-skill-wikipedia.openvoiceos:wiki.intent,què és {query} segons la wikipedia
ca,ovos-skill-wikipedia.openvoiceos:wiki.intent,troba informació sobre {query} a la viqui
ca,ovos-skill-wikipedia.openvoiceos:wiki.intent,troba informació sobre {query} a la viquipèdia
ca,ovos-skill-wikipedia.openvoiceos:wiki.intent,troba informació sobre {query} a la wiki
ca,ovos-skill-wikipedia.openvoiceos:wiki.intent,troba informació sobre {query} a la wikipedia
ca,ovos-skill-wikipedia.openvoiceos:wiki.intent,troba informació sobre {query} a viqui
ca,ovos-skill-wikipedia.openvoiceos:wiki.intent,troba informació sobre {query} a viquipèdia
ca,ovos-skill-wikipedia.openvoiceos:wiki.intent,troba informació sobre {query} a wiki
ca,ovos-skill-wikipedia.openvoiceos:wiki.intent,troba informació sobre {query} a wikipedia
ca,ovos-skill-wikipedia.openvoiceos:wiki.intent,viqui {query}
ca,ovos-skill-wikipedia.openvoiceos:wiki.intent,viqui qui era {query}
ca,ovos-skill-wikipedia.openvoiceos:wiki.intent,viqui sobre {query}
ca,ovos-skill-wikipedia.openvoiceos:wiki.intent,viquipèdia {query}
ca,ovos-skill-wikipedia.openvoiceos:wiki.intent,viquipèdia qui era {query}
ca,ovos-skill-wikipedia.openvoiceos:wiki.intent,viquipèdia sobre {query}
ca,ovos-skill-wikipedia.openvoiceos:wiki.intent,wiki {query}
ca,ovos-skill-wikipedia.openvoiceos:wiki.intent,wiki qui era {query}
ca,ovos-skill-wikipedia.openvoiceos:wiki.intent,wiki sobre {query}
ca,ovos-skill-wikipedia.openvoiceos:wiki.intent,wikipedia {query}
ca,ovos-skill-wikipedia.openvoiceos:wiki.intent,wikipedia qui era {query}
ca,ovos-skill-wikipedia.openvoiceos:wiki.intent,wikipedia sobre {query}
ca,ovos-skill-wikipedia.openvoiceos:wikiroulette.intent,article a l'atzar de la viqui
ca,ovos-skill-wikipedia.openvoiceos:wikiroulette.intent,article a l'atzar de la viquipèdia
ca,ovos-skill-wikipedia.openvoiceos:wikiroulette.intent,article a l'atzar de la wiki
ca,ovos-skill-wikipedia.openvoiceos:wikiroulette.intent,article a l'atzar de la wikipedia
ca,ovos-skill-wikipedia.openvoiceos:wikiroulette.intent,article aleatori de la viqui
ca,ovos-skill-wikipedia.openvoiceos:wikiroulette.intent,article aleatori de la viquipèdia
ca,ovos-skill-wikipedia.openvoiceos:wikiroulette.intent,article aleatori de la wiki
ca,ovos-skill-wikipedia.openvoiceos:wikiroulette.intent,article aleatori de la wikipedia
ca,ovos-skill-wikipedia.openvoiceos:wikiroulette.intent,article aleatòria de la viqui
ca,ovos-skill-wikipedia.openvoiceos:wikiroulette.intent,article aleatòria de la viquipèdia
ca,ovos-skill-wikipedia.openvoiceos:wikiroulette.intent,article aleatòria de la wiki
ca,ovos-skill-wikipedia.openvoiceos:wikiroulette.intent,article aleatòria de la wikipedia
ca,ovos-skill-wikipedia.openvoiceos:wikiroulette.intent,article viqui a l'atzar
ca,ovos-skill-wikipedia.openvoiceos:wikiroulette.intent,article viqui aleatori
ca,ovos-skill-wikipedia.openvoiceos:wikiroulette.intent,article viqui aleatòria
ca,ovos-skill-wikipedia.openvoiceos:wikiroulette.intent,article viquipèdia a l'atzar
ca,ovos-skill-wikipedia.openvoiceos:wikiroulette.intent,article viquipèdia aleatori
ca,ovos-skill-wikipedia.openvoiceos:wikiroulette.intent,article viquipèdia aleatòria
ca,ovos-skill-wikipedia.openvoiceos:wikiroulette.intent,article wiki a l'atzar
ca,ovos-skill-wikipedia.openvoiceos:wikiroulette.intent,article wiki aleatori
ca,ovos-skill-wikipedia.openvoiceos:wikiroulette.intent,article wiki aleatòria
ca,ovos-skill-wikipedia.openvoiceos:wikiroulette.intent,article wikipedia a l'atzar
ca,ovos-skill-wikipedia.openvoiceos:wikiroulette.intent,article wikipedia aleatori
ca,ovos-skill-wikipedia.openvoiceos:wikiroulette.intent,article wikipedia aleatòria
ca,ovos-skill-wikipedia.openvoiceos:wikiroulette.intent,juga a la wiki roda
ca,ovos-skill-wikipedia.openvoiceos:wikiroulette.intent,juga a la wiki ruleta
ca,ovos-skill-wikipedia.openvoiceos:wikiroulette.intent,juga a la wikipedia roda
ca,ovos-skill-wikipedia.openvoiceos:wikiroulette.intent,juga a la wikipedia ruleta
ca,ovos-skill-wikipedia.openvoiceos:wikiroulette.intent,jugar a la wiki roda
ca,ovos-skill-wikipedia.openvoiceos:wikiroulette.intent,jugar a la wiki ruleta
ca,ovos-skill-wikipedia.openvoiceos:wikiroulette.intent,jugar a la wikipedia roda
ca,ovos-skill-wikipedia.openvoiceos:wikiroulette.intent,jugar a la wikipedia ruleta
ca,ovos-skill-wikipedia.openvoiceos:wikiroulette.intent,juguem a la wiki roda
ca,ovos-skill-wikipedia.openvoiceos:wikiroulette.intent,juguem a la wiki ruleta
ca,ovos-skill-wikipedia.openvoiceos:wikiroulette.intent,juguem a la wikipedia roda
ca,ovos-skill-wikipedia.openvoiceos:wikiroulette.intent,juguem a la wikipedia ruleta
ca,ovos-skill-wikipedia.openvoiceos:wikiroulette.intent,pàgina a l'atzar de la viqui
ca,ovos-skill-wikipedia.openvoiceos:wikiroulette.intent,pàgina a l'atzar de la viquipèdia
ca,ovos-skill-wikipedia.openvoiceos:wikiroulette.intent,pàgina a l'atzar de la wiki
ca,ovos-skill-wikipedia.openvoiceos:wikiroulette.intent,pàgina a l'atzar de la wikipedia
ca,ovos-skill-wikipedia.openvoiceos:wikiroulette.intent,pàgina aleatori de la viqui
ca,ovos-skill-wikipedia.openvoiceos:wikiroulette.intent,pàgina aleatori de la viquipèdia
ca,ovos-skill-wikipedia.openvoiceos:wikiroulette.intent,pàgina aleatori de la wiki
ca,ovos-skill-wikipedia.openvoiceos:wikiroulette.intent,pàgina aleatori de la wikipedia
ca,ovos-skill-wikipedia.openvoiceos:wikiroulette.intent,pàgina aleatòria de la viqui
ca,ovos-skill-wikipedia.openvoiceos:wikiroulette.intent,pàgina aleatòria de la viquipèdia
ca,ovos-skill-wikipedia.openvoiceos:wikiroulette.intent,pàgina aleatòria de la wiki
ca,ovos-skill-wikipedia.openvoiceos:wikiroulette.intent,pàgina aleatòria de la wikipedia
ca,ovos-skill-wikipedia.openvoiceos:wikiroulette.intent,pàgina viqui a l'atzar
ca,ovos-skill-wikipedia.openvoiceos:wikiroulette.intent,pàgina viqui aleatori
ca,ovos-skill-wikipedia.openvoiceos:wikiroulette.intent,pàgina viqui aleatòria
ca,ovos-skill-wikipedia.openvoiceos:wikiroulette.intent,pàgina viquipèdia a l'atzar
ca,ovos-skill-wikipedia.openvoiceos:wikiroulette.intent,pàgina viquipèdia aleatori
ca,ovos-skill-wikipedia.openvoiceos:wikiroulette.intent,pàgina viquipèdia aleatòria
ca,ovos-skill-wikipedia.openvoiceos:wikiroulette.intent,pàgina wiki a l'atzar
ca,ovos-skill-wikipedia.openvoiceos:wikiroulette.intent,pàgina wiki aleatori
ca,ovos-skill-wikipedia.openvoiceos:wikiroulette.intent,pàgina wiki aleatòria
ca,ovos-skill-wikipedia.openvoiceos:wikiroulette.intent,pàgina wikipedia a l'atzar
ca,ovos-skill-wikipedia.openvoiceos:wikiroulette.intent,pàgina wikipedia aleatori
ca,ovos-skill-wikipedia.openvoiceos:wikiroulette.intent,pàgina wikipedia aleatòria
ca,ovos-skill-wikipedia.openvoiceos:wikiroulette.intent,roda viqui
ca,ovos-skill-wikipedia.openvoiceos:wikiroulette.intent,roda viquipèdia
ca,ovos-skill-wikipedia.openvoiceos:wikiroulette.intent,roda wiki
ca,ovos-skill-wikipedia.openvoiceos:wikiroulette.intent,roda wikipedia
ca,ovos-skill-wikipedia.openvoiceos:wikiroulette.intent,ruleta viqui
ca,ovos-skill-wikipedia.openvoiceos:wikiroulette.intent,ruleta viquipèdia
ca,ovos-skill-wikipedia.openvoiceos:wikiroulette.intent,ruleta wiki
ca,ovos-skill-wikipedia.openvoiceos:wikiroulette.intent,ruleta wikipedia
ca,ovos-skill-wikipedia.openvoiceos:wikiroulette.intent,viqui roda
ca,ovos-skill-wikipedia.openvoiceos:wikiroulette.intent,viqui ruleta
ca,ovos-skill-wikipedia.openvoiceos:wikiroulette.intent,viquipèdia roda
ca,ovos-skill-wikipedia.openvoiceos:wikiroulette.intent,viquipèdia ruleta
ca,ovos-skill-wikipedia.openvoiceos:wikiroulette.intent,wiki roda
ca,ovos-skill-wikipedia.openvoiceos:wikiroulette.intent,wiki ruleta
ca,ovos-skill-wikipedia.openvoiceos:wikiroulette.intent,wikipedia roda
ca,ovos-skill-wikipedia.openvoiceos:wikiroulette.intent,wikipedia ruleta
ca,ovos-skill-wolfie.openvoiceos:search_wolfie.intent,busca a wolfram {query}
ca,ovos-skill-wolfie.openvoiceos:search_wolfie.intent,busca a wolfram sobre {query}
ca,ovos-skill-wolfie.openvoiceos:search_wolfie.intent,cerca a wolfram {query}
ca,ovos-skill-wolfie.openvoiceos:search_wolfie.intent,cerca a wolfram sobre {query}
ca,ovos-skill-wolfie.openvoiceos:search_wolfie.intent,busca a wolfram alfa {query}
ca,ovos-skill-wolfie.openvoiceos:search_wolfie.intent,busca a wolfram alfa sobre {query}
ca,ovos-skill-wolfie.openvoiceos:search_wolfie.intent,cerca a wolfram alfa {query}
ca,ovos-skill-wolfie.openvoiceos:search_wolfie.intent,cerca a wolfram alfa sobre {query}
ca,ovos-skill-wolfie.openvoiceos:search_wolfie.intent,busca al llop {query}
ca,ovos-skill-wolfie.openvoiceos:search_wolfie.intent,busca al llop sobre {query}
ca,ovos-skill-wolfie.openvoiceos:search_wolfie.intent,cerca al llop {query}
ca,ovos-skill-wolfie.openvoiceos:search_wolfie.intent,cerca al llop sobre {query}
ca,ovos-skill-wolfie.openvoiceos:search_wolfie.intent,demana a wolfram  {query}
ca,ovos-skill-wolfie.openvoiceos:search_wolfie.intent,demana a wolfram sobre {query}
ca,ovos-skill-wolfie.openvoiceos:search_wolfie.intent,pregunta a wolfram  {query}
ca,ovos-skill-wolfie.openvoiceos:search_wolfie.intent,pregunta a wolfram sobre {query}
ca,ovos-skill-wolfie.openvoiceos:search_wolfie.intent,demana a wolfram alfa {query}
ca,ovos-skill-wolfie.openvoiceos:search_wolfie.intent,demana a wolfram alfa sobre {query}
ca,ovos-skill-wolfie.openvoiceos:search_wolfie.intent,pregunta a wolfram alfa {query}
ca,ovos-skill-wolfie.openvoiceos:search_wolfie.intent,pregunta a wolfram alfa sobre {query}
ca,ovos-skill-wolfie.openvoiceos:search_wolfie.intent,demana al llop {query}
ca,ovos-skill-wolfie.openvoiceos:search_wolfie.intent,demana al llop sobre {query}
ca,ovos-skill-wolfie.openvoiceos:search_wolfie.intent,pregunta al llop {query}
ca,ovos-skill-wolfie.openvoiceos:search_wolfie.intent,pregunta al llop sobre {query}
ca,ovos-skill-wolfie.openvoiceos:search_wolfie.intent,què diu el llop de {query}
ca,ovos-skill-wolfie.openvoiceos:search_wolfie.intent,què diu el llop sobre {query}
ca,ovos-skill-wolfie.openvoiceos:search_wolfie.intent,què diu es llop de {query}
ca,ovos-skill-wolfie.openvoiceos:search_wolfie.intent,què diu es llop sobre {query}
ca,ovos-skill-wolfie.openvoiceos:search_wolfie.intent,què explica el llop de {query}
ca,ovos-skill-wolfie.openvoiceos:search_wolfie.intent,què explica el llop sobre {query}
ca,ovos-skill-wolfie.openvoiceos:search_wolfie.intent,què explica es llop de {query}
ca,ovos-skill-wolfie.openvoiceos:search_wolfie.intent,què explica es llop sobre {query}
ca,ovos-skill-wolfie.openvoiceos:search_wolfie.intent,què diu wolfram de {query}
ca,ovos-skill-wolfie.openvoiceos:search_wolfie.intent,què diu wolfram sobre {query}
ca,ovos-skill-wolfie.openvoiceos:search_wolfie.intent,què explica wolfram de {query}
ca,ovos-skill-wolfie.openvoiceos:search_wolfie.intent,què explica wolfram sobre {query}
ca,ovos-skill-wolfie.openvoiceos:search_wolfie.intent,què diu wolfram alfa de {query}
ca,ovos-skill-wolfie.openvoiceos:search_wolfie.intent,què diu wolfram alfa sobre {query}
ca,ovos-skill-wolfie.openvoiceos:search_wolfie.intent,què explica wolfram alfa de {query}
ca,ovos-skill-wolfie.openvoiceos:search_wolfie.intent,què explica wolfram alfa sobre {query}
ca,ovos-skill-wordnet.openvoiceos:definition.intent,quina és la definició d' {query}
ca,ovos-skill-wordnet.openvoiceos:definition.intent,quina és la definició de {query}
ca,ovos-skill-wordnet.openvoiceos:definition.intent,quina és sa definició d' {query}
ca,ovos-skill-wordnet.openvoiceos:definition.intent,quina és sa definició de {query}
ca,ovos-skill-wordnet.openvoiceos:definition.intent,què és {query}
ca,ovos-skill-wordnet.openvoiceos:search_wordnet.intent,busca a la xarxa de mots {query}
ca,ovos-skill-wordnet.openvoiceos:search_wordnet.intent,busca al diccionari de sinònims {query}
ca,ovos-skill-wordnet.openvoiceos:search_wordnet.intent,busca al tesaure {query}
ca,ovos-skill-wordnet.openvoiceos:search_wordnet.intent,busca en el diccionari de sinònims {query}
ca,ovos-skill-wordnet.openvoiceos:search_wordnet.intent,busca en el tesaure {query}
ca,ovos-skill-wordnet.openvoiceos:search_wordnet.intent,busca en la xarxa de mots {query}
ca,ovos-skill-wordnet.openvoiceos:search_wordnet.intent,cerca a la xarxa de mots {query}
ca,ovos-skill-wordnet.openvoiceos:search_wordnet.intent,cerca al diccionari de sinònims {query}
ca,ovos-skill-wordnet.openvoiceos:search_wordnet.intent,cerca al tesaure {query}
ca,ovos-skill-wordnet.openvoiceos:search_wordnet.intent,cerca en el diccionari de sinònims {query}
ca,ovos-skill-wordnet.openvoiceos:search_wordnet.intent,cerca en el tesaure {query}
ca,ovos-skill-wordnet.openvoiceos:search_wordnet.intent,cerca en la xarxa de mots {query}
ca,ovos-skill-wordnet.openvoiceos:search_wordnet.intent,busca {query} a la xarxa de mots
ca,ovos-skill-wordnet.openvoiceos:search_wordnet.intent,busca {query} al diccionari de sinònims
ca,ovos-skill-wordnet.openvoiceos:search_wordnet.intent,busca {query} al tesaure
ca,ovos-skill-wordnet.openvoiceos:search_wordnet.intent,cerca {query} a la xarxa de mots
ca,ovos-skill-wordnet.openvoiceos:search_wordnet.intent,cerca {query} al diccionari de sinònims
ca,ovos-skill-wordnet.openvoiceos:search_wordnet.intent,cerca {query} al tesaure
ca,ovos-skill-wordnet.openvoiceos:search_wordnet.intent,demana a la xarxa de mots sobre {query}
ca,ovos-skill-wordnet.openvoiceos:search_wordnet.intent,demana al diccionari de sinònims sobre {query}
ca,ovos-skill-wordnet.openvoiceos:search_wordnet.intent,demana al tesaure sobre {query}
ca,ovos-skill-wordnet.openvoiceos:search_wordnet.intent,pregunta a la xarxa de mots sobre {query}
ca,ovos-skill-wordnet.openvoiceos:search_wordnet.intent,pregunta al diccionari de sinònims sobre {query}
ca,ovos-skill-wordnet.openvoiceos:search_wordnet.intent,pregunta al tesaure sobre {query}
ca,ovos-skill-wordnet.openvoiceos:search_wordnet.intent,demana a la xarxa de mots {query}
ca,ovos-skill-wordnet.openvoiceos:search_wordnet.intent,demana al diccionari de sinònims {query}
ca,ovos-skill-wordnet.openvoiceos:search_wordnet.intent,demana al tesaure {query}
ca,ovos-skill-wordnet.openvoiceos:search_wordnet.intent,pregunta a la xarxa de mots {query}
ca,ovos-skill-wordnet.openvoiceos:search_wordnet.intent,pregunta al diccionari de sinònims {query}
ca,ovos-skill-wordnet.openvoiceos:search_wordnet.intent,pregunta al tesaure {query}
ca,ovos-skill-wordnet.openvoiceos:search_wordnet.intent,què diu el diccionari de sinònims {query}
ca,ovos-skill-wordnet.openvoiceos:search_wordnet.intent,què diu el diccionari de sinònimsd' {query}
ca,ovos-skill-wordnet.openvoiceos:search_wordnet.intent,què diu el diccionari de sinònimsde {query}
ca,ovos-skill-wordnet.openvoiceos:search_wordnet.intent,què diu el diccionari de sinònimssobre {query}
ca,ovos-skill-wordnet.openvoiceos:search_wordnet.intent,què diu el tesaure {query}
ca,ovos-skill-wordnet.openvoiceos:search_wordnet.intent,què diu el tesaured' {query}
ca,ovos-skill-wordnet.openvoiceos:search_wordnet.intent,què diu el tesaurede {query}
ca,ovos-skill-wordnet.openvoiceos:search_wordnet.intent,què diu el tesauresobre {query}
ca,ovos-skill-wordnet.openvoiceos:search_wordnet.intent,què diu la xarxa de mots {query}
ca,ovos-skill-wordnet.openvoiceos:search_wordnet.intent,què diu la xarxa de motsd' {query}
ca,ovos-skill-wordnet.openvoiceos:search_wordnet.intent,què diu la xarxa de motsde {query}
ca,ovos-skill-wordnet.openvoiceos:search_wordnet.intent,què diu la xarxa de motssobre {query}
ca,ovos-skill-wordnet.openvoiceos:search_wordnet.intent,què diu es diccionari de sinònims {query}
ca,ovos-skill-wordnet.openvoiceos:search_wordnet.intent,què diu es diccionari de sinònimsd' {query}
ca,ovos-skill-wordnet.openvoiceos:search_wordnet.intent,què diu es diccionari de sinònimsde {query}
ca,ovos-skill-wordnet.openvoiceos:search_wordnet.intent,què diu es diccionari de sinònimssobre {query}
ca,ovos-skill-wordnet.openvoiceos:search_wordnet.intent,què diu es tesaure {query}
ca,ovos-skill-wordnet.openvoiceos:search_wordnet.intent,què diu es tesaured' {query}
ca,ovos-skill-wordnet.openvoiceos:search_wordnet.intent,què diu es tesaurede {query}
ca,ovos-skill-wordnet.openvoiceos:search_wordnet.intent,què diu es tesauresobre {query}
ca,ovos-skill-wordnet.openvoiceos:search_wordnet.intent,què diu sa xarxa de mots {query}
ca,ovos-skill-wordnet.openvoiceos:search_wordnet.intent,què diu sa xarxa de motsd' {query}
ca,ovos-skill-wordnet.openvoiceos:search_wordnet.intent,què diu sa xarxa de motsde {query}
ca,ovos-skill-wordnet.openvoiceos:search_wordnet.intent,què diu sa xarxa de motssobre {query}
ca,ovos-skill-wordnet.openvoiceos:antonym.intent,digue'm antònim de {query}
ca,ovos-skill-wordnet.openvoiceos:antonym.intent,digue'm l'antònim de {query}
ca,ovos-skill-wordnet.openvoiceos:antonym.intent,digue'm s'antònim de {query}
ca,ovos-skill-wordnet.openvoiceos:antonym.intent,digues antònim de {query}
ca,ovos-skill-wordnet.openvoiceos:antonym.intent,digues l'antònim de {query}
ca,ovos-skill-wordnet.openvoiceos:antonym.intent,digues s'antònim de {query}
ca,ovos-skill-wordnet.openvoiceos:antonym.intent,digues-me antònim de {query}
ca,ovos-skill-wordnet.openvoiceos:antonym.intent,digues-me l'antònim de {query}
ca,ovos-skill-wordnet.openvoiceos:antonym.intent,digues-me s'antònim de {query}
ca,ovos-skill-wordnet.openvoiceos:antonym.intent,dona antònim de {query}
ca,ovos-skill-wordnet.openvoiceos:antonym.intent,dona l'antònim de {query}
ca,ovos-skill-wordnet.openvoiceos:antonym.intent,dona s'antònim de {query}
ca,ovos-skill-wordnet.openvoiceos:antonym.intent,dona'm antònim de {query}
ca,ovos-skill-wordnet.openvoiceos:antonym.intent,dona'm l'antònim de {query}
ca,ovos-skill-wordnet.openvoiceos:antonym.intent,dona'm s'antònim de {query}
ca,ovos-skill-wordnet.openvoiceos:antonym.intent,dóna antònim de {query}
ca,ovos-skill-wordnet.openvoiceos:antonym.intent,dóna l'antònim de {query}
ca,ovos-skill-wordnet.openvoiceos:antonym.intent,dóna s'antònim de {query}
ca,ovos-skill-wordnet.openvoiceos:antonym.intent,dóna'm antònim de {query}
ca,ovos-skill-wordnet.openvoiceos:antonym.intent,dóna'm l'antònim de {query}
ca,ovos-skill-wordnet.openvoiceos:antonym.intent,dóna'm s'antònim de {query}
ca,ovos-skill-wordnet.openvoiceos:antonym.intent,indica antònim de {query}
ca,ovos-skill-wordnet.openvoiceos:antonym.intent,indica l'antònim de {query}
ca,ovos-skill-wordnet.openvoiceos:antonym.intent,indica s'antònim de {query}
ca,ovos-skill-wordnet.openvoiceos:antonym.intent,indica'm antònim de {query}
ca,ovos-skill-wordnet.openvoiceos:antonym.intent,indica'm l'antònim de {query}
ca,ovos-skill-wordnet.openvoiceos:antonym.intent,indica'm s'antònim de {query}
ca,ovos-skill-wordnet.openvoiceos:antonym.intent,quin és antònim de {query}
ca,ovos-skill-wordnet.openvoiceos:antonym.intent,quin és l'antònim de {query}
ca,ovos-skill-wordnet.openvoiceos:antonym.intent,quin és s'antònim de {query}
ca,ovos-skill-wordnet.openvoiceos:antonym.intent,vull saber antònim de {query}
ca,ovos-skill-wordnet.openvoiceos:antonym.intent,vull saber l'antònim de {query}
ca,ovos-skill-wordnet.openvoiceos:antonym.intent,vull saber s'antònim de {query}
ca,ovos-skill-wordnet.openvoiceos:antonym.intent,digue'm els antònims de {query}
ca,ovos-skill-wordnet.openvoiceos:antonym.intent,digues els antònims de {query}
ca,ovos-skill-wordnet.openvoiceos:antonym.intent,digues-me els antònims de {query}
ca,ovos-skill-wordnet.openvoiceos:antonym.intent,dona els antònims de {query}
ca,ovos-skill-wordnet.openvoiceos:antonym.intent,dona'm els antònims de {query}
ca,ovos-skill-wordnet.openvoiceos:antonym.intent,dóna els antònims de {query}
ca,ovos-skill-wordnet.openvoiceos:antonym.intent,dóna'm els antònims de {query}
ca,ovos-skill-wordnet.openvoiceos:antonym.intent,indica els antònims de {query}
ca,ovos-skill-wordnet.openvoiceos:antonym.intent,indica'm els antònims de {query}
ca,ovos-skill-wordnet.openvoiceos:antonym.intent,quins són els antònims de {query}
ca,ovos-skill-wordnet.openvoiceos:antonym.intent,vull saber els antònims de {query}
ca,ovos-skill-wordnet.openvoiceos:antonym.intent,digue'm un antònim de {query}
ca,ovos-skill-wordnet.openvoiceos:antonym.intent,digues un antònim de {query}
ca,ovos-skill-wordnet.openvoiceos:antonym.intent,digues-me un antònim de {query}
ca,ovos-skill-wordnet.openvoiceos:antonym.intent,dona un antònim de {query}
ca,ovos-skill-wordnet.openvoiceos:antonym.intent,dona'm un antònim de {query}
ca,ovos-skill-wordnet.openvoiceos:antonym.intent,dóna un antònim de {query}
ca,ovos-skill-wordnet.openvoiceos:antonym.intent,dóna'm un antònim de {query}
ca,ovos-skill-wordnet.openvoiceos:antonym.intent,indica un antònim de {query}
ca,ovos-skill-wordnet.openvoiceos:antonym.intent,indica'm un antònim de {query}
ca,ovos-skill-wordnet.openvoiceos:antonym.intent,què és un antònim de {query}
ca,ovos-skill-wordnet.openvoiceos:antonym.intent,vull saber un antònim de {query}
ca,ovos-skill-wordnet.openvoiceos:hypernym.intent,digue'm el hiperònim de {query}
ca,ovos-skill-wordnet.openvoiceos:hypernym.intent,digue'm el sinònim de {query}
ca,ovos-skill-wordnet.openvoiceos:hypernym.intent,digue'm es hiperònim de {query}
ca,ovos-skill-wordnet.openvoiceos:hypernym.intent,digue'm es sinònim de {query}
ca,ovos-skill-wordnet.openvoiceos:hypernym.intent,digue'm l'hiperònim de {query}
ca,ovos-skill-wordnet.openvoiceos:hypernym.intent,digue'm l'sinònim de {query}
ca,ovos-skill-wordnet.openvoiceos:hypernym.intent,digue'm s'hiperònim de {query}
ca,ovos-skill-wordnet.openvoiceos:hypernym.intent,digue'm s'sinònim de {query}
ca,ovos-skill-wordnet.openvoiceos:hypernym.intent,digues el hiperònim de {query}
ca,ovos-skill-wordnet.openvoiceos:hypernym.intent,digues el sinònim de {query}
ca,ovos-skill-wordnet.openvoiceos:hypernym.intent,digues es hiperònim de {query}
ca,ovos-skill-wordnet.openvoiceos:hypernym.intent,digues es sinònim de {query}
ca,ovos-skill-wordnet.openvoiceos:hypernym.intent,digues l'hiperònim de {query}
ca,ovos-skill-wordnet.openvoiceos:hypernym.intent,digues l'sinònim de {query}
ca,ovos-skill-wordnet.openvoiceos:hypernym.intent,digues s'hiperònim de {query}
ca,ovos-skill-wordnet.openvoiceos:hypernym.intent,digues s'sinònim de {query}
ca,ovos-skill-wordnet.openvoiceos:hypernym.intent,digues-me el hiperònim de {query}
ca,ovos-skill-wordnet.openvoiceos:hypernym.intent,digues-me el sinònim de {query}
ca,ovos-skill-wordnet.openvoiceos:hypernym.intent,digues-me es hiperònim de {query}
ca,ovos-skill-wordnet.openvoiceos:hypernym.intent,digues-me es sinònim de {query}
ca,ovos-skill-wordnet.openvoiceos:hypernym.intent,digues-me l'hiperònim de {query}
ca,ovos-skill-wordnet.openvoiceos:hypernym.intent,digues-me l'sinònim de {query}
ca,ovos-skill-wordnet.openvoiceos:hypernym.intent,digues-me s'hiperònim de {query}
ca,ovos-skill-wordnet.openvoiceos:hypernym.intent,digues-me s'sinònim de {query}
ca,ovos-skill-wordnet.openvoiceos:hypernym.intent,dona el hiperònim de {query}
ca,ovos-skill-wordnet.openvoiceos:hypernym.intent,dona el sinònim de {query}
ca,ovos-skill-wordnet.openvoiceos:hypernym.intent,dona es hiperònim de {query}
ca,ovos-skill-wordnet.openvoiceos:hypernym.intent,dona es sinònim de {query}
ca,ovos-skill-wordnet.openvoiceos:hypernym.intent,dona l'hiperònim de {query}
ca,ovos-skill-wordnet.openvoiceos:hypernym.intent,dona l'sinònim de {query}
ca,ovos-skill-wordnet.openvoiceos:hypernym.intent,dona s'hiperònim de {query}
ca,ovos-skill-wordnet.openvoiceos:hypernym.intent,dona s'sinònim de {query}
ca,ovos-skill-wordnet.openvoiceos:hypernym.intent,dona'm el hiperònim de {query}
ca,ovos-skill-wordnet.openvoiceos:hypernym.intent,dona'm el sinònim de {query}
ca,ovos-skill-wordnet.openvoiceos:hypernym.intent,dona'm es hiperònim de {query}
ca,ovos-skill-wordnet.openvoiceos:hypernym.intent,dona'm es sinònim de {query}
ca,ovos-skill-wordnet.openvoiceos:hypernym.intent,dona'm l'hiperònim de {query}
ca,ovos-skill-wordnet.openvoiceos:hypernym.intent,dona'm l'sinònim de {query}
ca,ovos-skill-wordnet.openvoiceos:hypernym.intent,dona'm s'hiperònim de {query}
ca,ovos-skill-wordnet.openvoiceos:hypernym.intent,dona'm s'sinònim de {query}
ca,ovos-skill-wordnet.openvoiceos:hypernym.intent,dóna el hiperònim de {query}
ca,ovos-skill-wordnet.openvoiceos:hypernym.intent,dóna el sinònim de {query}
ca,ovos-skill-wordnet.openvoiceos:hypernym.intent,dóna es hiperònim de {query}
ca,ovos-skill-wordnet.openvoiceos:hypernym.intent,dóna es sinònim de {query}
ca,ovos-skill-wordnet.openvoiceos:hypernym.intent,dóna l'hiperònim de {query}
ca,ovos-skill-wordnet.openvoiceos:hypernym.intent,dóna l'sinònim de {query}
ca,ovos-skill-wordnet.openvoiceos:hypernym.intent,dóna s'hiperònim de {query}
ca,ovos-skill-wordnet.openvoiceos:hypernym.intent,dóna s'sinònim de {query}
ca,ovos-skill-wordnet.openvoiceos:hypernym.intent,dóna'm el hiperònim de {query}
ca,ovos-skill-wordnet.openvoiceos:hypernym.intent,dóna'm el sinònim de {query}
ca,ovos-skill-wordnet.openvoiceos:hypernym.intent,dóna'm es hiperònim de {query}
ca,ovos-skill-wordnet.openvoiceos:hypernym.intent,dóna'm es sinònim de {query}
ca,ovos-skill-wordnet.openvoiceos:hypernym.intent,dóna'm l'hiperònim de {query}
ca,ovos-skill-wordnet.openvoiceos:hypernym.intent,dóna'm l'sinònim de {query}
ca,ovos-skill-wordnet.openvoiceos:hypernym.intent,dóna'm s'hiperònim de {query}
ca,ovos-skill-wordnet.openvoiceos:hypernym.intent,dóna'm s'sinònim de {query}
ca,ovos-skill-wordnet.openvoiceos:hypernym.intent,indica el hiperònim de {query}
ca,ovos-skill-wordnet.openvoiceos:hypernym.intent,indica el sinònim de {query}
ca,ovos-skill-wordnet.openvoiceos:hypernym.intent,indica es hiperònim de {query}
ca,ovos-skill-wordnet.openvoiceos:hypernym.intent,indica es sinònim de {query}
ca,ovos-skill-wordnet.openvoiceos:hypernym.intent,indica l'hiperònim de {query}
ca,ovos-skill-wordnet.openvoiceos:hypernym.intent,indica l'sinònim de {query}
ca,ovos-skill-wordnet.openvoiceos:hypernym.intent,indica s'hiperònim de {query}
ca,ovos-skill-wordnet.openvoiceos:hypernym.intent,indica s'sinònim de {query}
ca,ovos-skill-wordnet.openvoiceos:hypernym.intent,indica'm el hiperònim de {query}
ca,ovos-skill-wordnet.openvoiceos:hypernym.intent,indica'm el sinònim de {query}
ca,ovos-skill-wordnet.openvoiceos:hypernym.intent,indica'm es hiperònim de {query}
ca,ovos-skill-wordnet.openvoiceos:hypernym.intent,indica'm es sinònim de {query}
ca,ovos-skill-wordnet.openvoiceos:hypernym.intent,indica'm l'hiperònim de {query}
ca,ovos-skill-wordnet.openvoiceos:hypernym.intent,indica'm l'sinònim de {query}
ca,ovos-skill-wordnet.openvoiceos:hypernym.intent,indica'm s'hiperònim de {query}
ca,ovos-skill-wordnet.openvoiceos:hypernym.intent,indica'm s'sinònim de {query}
ca,ovos-skill-wordnet.openvoiceos:hypernym.intent,quin és el hiperònim de {query}
ca,ovos-skill-wordnet.openvoiceos:hypernym.intent,quin és el sinònim de {query}
ca,ovos-skill-wordnet.openvoiceos:hypernym.intent,quin és es hiperònim de {query}
ca,ovos-skill-wordnet.openvoiceos:hypernym.intent,quin és es sinònim de {query}
ca,ovos-skill-wordnet.openvoiceos:hypernym.intent,quin és l'hiperònim de {query}
ca,ovos-skill-wordnet.openvoiceos:hypernym.intent,quin és l'sinònim de {query}
ca,ovos-skill-wordnet.openvoiceos:hypernym.intent,quin és s'hiperònim de {query}
ca,ovos-skill-wordnet.openvoiceos:hypernym.intent,quin és s'sinònim de {query}
ca,ovos-skill-wordnet.openvoiceos:hypernym.intent,vull saber el hiperònim de {query}
ca,ovos-skill-wordnet.openvoiceos:hypernym.intent,vull saber el sinònim de {query}
ca,ovos-skill-wordnet.openvoiceos:hypernym.intent,vull saber es hiperònim de {query}
ca,ovos-skill-wordnet.openvoiceos:hypernym.intent,vull saber es sinònim de {query}
ca,ovos-skill-wordnet.openvoiceos:hypernym.intent,vull saber l'hiperònim de {query}
ca,ovos-skill-wordnet.openvoiceos:hypernym.intent,vull saber l'sinònim de {query}
ca,ovos-skill-wordnet.openvoiceos:hypernym.intent,vull saber s'hiperònim de {query}
ca,ovos-skill-wordnet.openvoiceos:hypernym.intent,vull saber s'sinònim de {query}
ca,ovos-skill-wordnet.openvoiceos:hypernym.intent,digue'm els hiperònims de {query}
ca,ovos-skill-wordnet.openvoiceos:hypernym.intent,digue'm els sinònims de {query}
ca,ovos-skill-wordnet.openvoiceos:hypernym.intent,digues els hiperònims de {query}
ca,ovos-skill-wordnet.openvoiceos:hypernym.intent,digues els sinònims de {query}
ca,ovos-skill-wordnet.openvoiceos:hypernym.intent,digues-me els hiperònims de {query}
ca,ovos-skill-wordnet.openvoiceos:hypernym.intent,digues-me els sinònims de {query}
ca,ovos-skill-wordnet.openvoiceos:hypernym.intent,dona els hiperònims de {query}
ca,ovos-skill-wordnet.openvoiceos:hypernym.intent,dona els sinònims de {query}
ca,ovos-skill-wordnet.openvoiceos:hypernym.intent,dona'm els hiperònims de {query}
ca,ovos-skill-wordnet.openvoiceos:hypernym.intent,dona'm els sinònims de {query}
ca,ovos-skill-wordnet.openvoiceos:hypernym.intent,dóna els hiperònims de {query}
ca,ovos-skill-wordnet.openvoiceos:hypernym.intent,dóna els sinònims de {query}
ca,ovos-skill-wordnet.openvoiceos:hypernym.intent,dóna'm els hiperònims de {query}
ca,ovos-skill-wordnet.openvoiceos:hypernym.intent,dóna'm els sinònims de {query}
ca,ovos-skill-wordnet.openvoiceos:hypernym.intent,indica els hiperònims de {query}
ca,ovos-skill-wordnet.openvoiceos:hypernym.intent,indica els sinònims de {query}
ca,ovos-skill-wordnet.openvoiceos:hypernym.intent,indica'm els hiperònims de {query}
ca,ovos-skill-wordnet.openvoiceos:hypernym.intent,indica'm els sinònims de {query}
ca,ovos-skill-wordnet.openvoiceos:hypernym.intent,quins són els hiperònims de {query}
ca,ovos-skill-wordnet.openvoiceos:hypernym.intent,quins són els sinònims de {query}
ca,ovos-skill-wordnet.openvoiceos:hypernym.intent,vull saber els hiperònims de {query}
ca,ovos-skill-wordnet.openvoiceos:hypernym.intent,vull saber els sinònims de {query}
ca,ovos-skill-wordnet.openvoiceos:hypernym.intent,digue'm un hiperònim de {query}
ca,ovos-skill-wordnet.openvoiceos:hypernym.intent,digue'm un sinònim de {query}
ca,ovos-skill-wordnet.openvoiceos:hypernym.intent,digues un hiperònim de {query}
ca,ovos-skill-wordnet.openvoiceos:hypernym.intent,digues un sinònim de {query}
ca,ovos-skill-wordnet.openvoiceos:hypernym.intent,digues-me un hiperònim de {query}
ca,ovos-skill-wordnet.openvoiceos:hypernym.intent,digues-me un sinònim de {query}
ca,ovos-skill-wordnet.openvoiceos:hypernym.intent,dona un hiperònim de {query}
ca,ovos-skill-wordnet.openvoiceos:hypernym.intent,dona un sinònim de {query}
ca,ovos-skill-wordnet.openvoiceos:hypernym.intent,dona'm un hiperònim de {query}
ca,ovos-skill-wordnet.openvoiceos:hypernym.intent,dona'm un sinònim de {query}
ca,ovos-skill-wordnet.openvoiceos:hypernym.intent,dóna un hiperònim de {query}
ca,ovos-skill-wordnet.openvoiceos:hypernym.intent,dóna un sinònim de {query}
ca,ovos-skill-wordnet.openvoiceos:hypernym.intent,dóna'm un hiperònim de {query}
ca,ovos-skill-wordnet.openvoiceos:hypernym.intent,dóna'm un sinònim de {query}
ca,ovos-skill-wordnet.openvoiceos:hypernym.intent,indica un hiperònim de {query}
ca,ovos-skill-wordnet.openvoiceos:hypernym.intent,indica un sinònim de {query}
ca,ovos-skill-wordnet.openvoiceos:hypernym.intent,indica'm un hiperònim de {query}
ca,ovos-skill-wordnet.openvoiceos:hypernym.intent,indica'm un sinònim de {query}
ca,ovos-skill-wordnet.openvoiceos:hypernym.intent,què és un hiperònim de {query}
ca,ovos-skill-wordnet.openvoiceos:hypernym.intent,què és un sinònim de {query}
ca,ovos-skill-wordnet.openvoiceos:hypernym.intent,vull saber un hiperònim de {query}
ca,ovos-skill-wordnet.openvoiceos:hypernym.intent,vull saber un sinònim de {query}
ca,ovos-skill-wordnet.openvoiceos:hyponym.intent,digue'm els hipònims de {query}
ca,ovos-skill-wordnet.openvoiceos:hyponym.intent,digue'm els termes més especialitzats de {query}
ca,ovos-skill-wordnet.openvoiceos:hyponym.intent,digue'm els termes més específics de {query}
ca,ovos-skill-wordnet.openvoiceos:hyponym.intent,digue'm es hipònims de {query}
ca,ovos-skill-wordnet.openvoiceos:hyponym.intent,digue'm es termes més especialitzats de {query}
ca,ovos-skill-wordnet.openvoiceos:hyponym.intent,digue'm es termes més específics de {query}
ca,ovos-skill-wordnet.openvoiceos:hyponym.intent,digue'm l'hipònims de {query}
ca,ovos-skill-wordnet.openvoiceos:hyponym.intent,digue'm l'termes més especialitzats de {query}
ca,ovos-skill-wordnet.openvoiceos:hyponym.intent,digue'm l'termes més específics de {query}
ca,ovos-skill-wordnet.openvoiceos:hyponym.intent,digue'm s'hipònims de {query}
ca,ovos-skill-wordnet.openvoiceos:hyponym.intent,digue'm s'termes més especialitzats de {query}
ca,ovos-skill-wordnet.openvoiceos:hyponym.intent,digue'm s'termes més específics de {query}
ca,ovos-skill-wordnet.openvoiceos:hyponym.intent,digues els hipònims de {query}
ca,ovos-skill-wordnet.openvoiceos:hyponym.intent,digues els termes més especialitzats de {query}
ca,ovos-skill-wordnet.openvoiceos:hyponym.intent,digues els termes més específics de {query}
ca,ovos-skill-wordnet.openvoiceos:hyponym.intent,digues es hipònims de {query}
ca,ovos-skill-wordnet.openvoiceos:hyponym.intent,digues es termes més especialitzats de {query}
ca,ovos-skill-wordnet.openvoiceos:hyponym.intent,digues es termes més específics de {query}
ca,ovos-skill-wordnet.openvoiceos:hyponym.intent,digues l'hipònims de {query}
ca,ovos-skill-wordnet.openvoiceos:hyponym.intent,digues l'termes més especialitzats de {query}
ca,ovos-skill-wordnet.openvoiceos:hyponym.intent,digues l'termes més específics de {query}
ca,ovos-skill-wordnet.openvoiceos:hyponym.intent,digues s'hipònims de {query}
ca,ovos-skill-wordnet.openvoiceos:hyponym.intent,digues s'termes més especialitzats de {query}
ca,ovos-skill-wordnet.openvoiceos:hyponym.intent,digues s'termes més específics de {query}
ca,ovos-skill-wordnet.openvoiceos:hyponym.intent,digues-me els hipònims de {query}
ca,ovos-skill-wordnet.openvoiceos:hyponym.intent,digues-me els termes més especialitzats de {query}
ca,ovos-skill-wordnet.openvoiceos:hyponym.intent,digues-me els termes més específics de {query}
ca,ovos-skill-wordnet.openvoiceos:hyponym.intent,digues-me es hipònims de {query}
ca,ovos-skill-wordnet.openvoiceos:hyponym.intent,digues-me es termes més especialitzats de {query}
ca,ovos-skill-wordnet.openvoiceos:hyponym.intent,digues-me es termes més específics de {query}
ca,ovos-skill-wordnet.openvoiceos:hyponym.intent,digues-me l'hipònims de {query}
ca,ovos-skill-wordnet.openvoiceos:hyponym.intent,digues-me l'termes més especialitzats de {query}
ca,ovos-skill-wordnet.openvoiceos:hyponym.intent,digues-me l'termes més específics de {query}
ca,ovos-skill-wordnet.openvoiceos:hyponym.intent,digues-me s'hipònims de {query}
ca,ovos-skill-wordnet.openvoiceos:hyponym.intent,digues-me s'termes més especialitzats de {query}
ca,ovos-skill-wordnet.openvoiceos:hyponym.intent,digues-me s'termes més específics de {query}
ca,ovos-skill-wordnet.openvoiceos:hyponym.intent,dona els hipònims de {query}
ca,ovos-skill-wordnet.openvoiceos:hyponym.intent,dona els termes més especialitzats de {query}
ca,ovos-skill-wordnet.openvoiceos:hyponym.intent,dona els termes més específics de {query}
ca,ovos-skill-wordnet.openvoiceos:hyponym.intent,dona es hipònims de {query}
ca,ovos-skill-wordnet.openvoiceos:hyponym.intent,dona es termes més especialitzats de {query}
ca,ovos-skill-wordnet.openvoiceos:hyponym.intent,dona es termes més específics de {query}
ca,ovos-skill-wordnet.openvoiceos:hyponym.intent,dona l'hipònims de {query}
ca,ovos-skill-wordnet.openvoiceos:hyponym.intent,dona l'termes més especialitzats de {query}
ca,ovos-skill-wordnet.openvoiceos:hyponym.intent,dona l'termes més específics de {query}
ca,ovos-skill-wordnet.openvoiceos:hyponym.intent,dona s'hipònims de {query}
ca,ovos-skill-wordnet.openvoiceos:hyponym.intent,dona s'termes més especialitzats de {query}
ca,ovos-skill-wordnet.openvoiceos:hyponym.intent,dona s'termes més específics de {query}
ca,ovos-skill-wordnet.openvoiceos:hyponym.intent,dona'm els hipònims de {query}
ca,ovos-skill-wordnet.openvoiceos:hyponym.intent,dona'm els termes més especialitzats de {query}
ca,ovos-skill-wordnet.openvoiceos:hyponym.intent,dona'm els termes més específics de {query}
ca,ovos-skill-wordnet.openvoiceos:hyponym.intent,dona'm es hipònims de {query}
ca,ovos-skill-wordnet.openvoiceos:hyponym.intent,dona'm es termes més especialitzats de {query}
ca,ovos-skill-wordnet.openvoiceos:hyponym.intent,dona'm es termes més específics de {query}
ca,ovos-skill-wordnet.openvoiceos:hyponym.intent,dona'm l'hipònims de {query}
ca,ovos-skill-wordnet.openvoiceos:hyponym.intent,dona'm l'termes més especialitzats de {query}
ca,ovos-skill-wordnet.openvoiceos:hyponym.intent,dona'm l'termes més específics de {query}
ca,ovos-skill-wordnet.openvoiceos:hyponym.intent,dona'm s'hipònims de {query}
ca,ovos-skill-wordnet.openvoiceos:hyponym.intent,dona'm s'termes més especialitzats de {query}
ca,ovos-skill-wordnet.openvoiceos:hyponym.intent,dona'm s'termes més específics de {query}
ca,ovos-skill-wordnet.openvoiceos:hyponym.intent,dóna els hipònims de {query}
ca,ovos-skill-wordnet.openvoiceos:hyponym.intent,dóna els termes més especialitzats de {query}
ca,ovos-skill-wordnet.openvoiceos:hyponym.intent,dóna els termes més específics de {query}
ca,ovos-skill-wordnet.openvoiceos:hyponym.intent,dóna es hipònims de {query}
ca,ovos-skill-wordnet.openvoiceos:hyponym.intent,dóna es termes més especialitzats de {query}
ca,ovos-skill-wordnet.openvoiceos:hyponym.intent,dóna es termes més específics de {query}
ca,ovos-skill-wordnet.openvoiceos:hyponym.intent,dóna l'hipònims de {query}
ca,ovos-skill-wordnet.openvoiceos:hyponym.intent,dóna l'termes més especialitzats de {query}
ca,ovos-skill-wordnet.openvoiceos:hyponym.intent,dóna l'termes més específics de {query}
ca,ovos-skill-wordnet.openvoiceos:hyponym.intent,dóna s'hipònims de {query}
ca,ovos-skill-wordnet.openvoiceos:hyponym.intent,dóna s'termes més especialitzats de {query}
ca,ovos-skill-wordnet.openvoiceos:hyponym.intent,dóna s'termes més específics de {query}
ca,ovos-skill-wordnet.openvoiceos:hyponym.intent,dóna'm els hipònims de {query}
ca,ovos-skill-wordnet.openvoiceos:hyponym.intent,dóna'm els termes més especialitzats de {query}
ca,ovos-skill-wordnet.openvoiceos:hyponym.intent,dóna'm els termes més específics de {query}
ca,ovos-skill-wordnet.openvoiceos:hyponym.intent,dóna'm es hipònims de {query}
ca,ovos-skill-wordnet.openvoiceos:hyponym.intent,dóna'm es termes més especialitzats de {query}
ca,ovos-skill-wordnet.openvoiceos:hyponym.intent,dóna'm es termes més específics de {query}
ca,ovos-skill-wordnet.openvoiceos:hyponym.intent,dóna'm l'hipònims de {query}
ca,ovos-skill-wordnet.openvoiceos:hyponym.intent,dóna'm l'termes més especialitzats de {query}
ca,ovos-skill-wordnet.openvoiceos:hyponym.intent,dóna'm l'termes més específics de {query}
ca,ovos-skill-wordnet.openvoiceos:hyponym.intent,dóna'm s'hipònims de {query}
ca,ovos-skill-wordnet.openvoiceos:hyponym.intent,dóna'm s'termes més especialitzats de {query}
ca,ovos-skill-wordnet.openvoiceos:hyponym.intent,dóna'm s'termes més específics de {query}
ca,ovos-skill-wordnet.openvoiceos:hyponym.intent,indica els hipònims de {query}
ca,ovos-skill-wordnet.openvoiceos:hyponym.intent,indica els termes més especialitzats de {query}
ca,ovos-skill-wordnet.openvoiceos:hyponym.intent,indica els termes més específics de {query}
ca,ovos-skill-wordnet.openvoiceos:hyponym.intent,indica es hipònims de {query}
ca,ovos-skill-wordnet.openvoiceos:hyponym.intent,indica es termes més especialitzats de {query}
ca,ovos-skill-wordnet.openvoiceos:hyponym.intent,indica es termes més específics de {query}
ca,ovos-skill-wordnet.openvoiceos:hyponym.intent,indica l'hipònims de {query}
ca,ovos-skill-wordnet.openvoiceos:hyponym.intent,indica l'termes més especialitzats de {query}
ca,ovos-skill-wordnet.openvoiceos:hyponym.intent,indica l'termes més específics de {query}
ca,ovos-skill-wordnet.openvoiceos:hyponym.intent,indica s'hipònims de {query}
ca,ovos-skill-wordnet.openvoiceos:hyponym.intent,indica s'termes més especialitzats de {query}
ca,ovos-skill-wordnet.openvoiceos:hyponym.intent,indica s'termes més específics de {query}
ca,ovos-skill-wordnet.openvoiceos:hyponym.intent,indica'm els hipònims de {query}
ca,ovos-skill-wordnet.openvoiceos:hyponym.intent,indica'm els termes més especialitzats de {query}
ca,ovos-skill-wordnet.openvoiceos:hyponym.intent,indica'm els termes més específics de {query}
ca,ovos-skill-wordnet.openvoiceos:hyponym.intent,indica'm es hipònims de {query}
ca,ovos-skill-wordnet.openvoiceos:hyponym.intent,indica'm es termes més especialitzats de {query}
ca,ovos-skill-wordnet.openvoiceos:hyponym.intent,indica'm es termes més específics de {query}
ca,ovos-skill-wordnet.openvoiceos:hyponym.intent,indica'm l'hipònims de {query}
ca,ovos-skill-wordnet.openvoiceos:hyponym.intent,indica'm l'termes més especialitzats de {query}
ca,ovos-skill-wordnet.openvoiceos:hyponym.intent,indica'm l'termes més específics de {query}
ca,ovos-skill-wordnet.openvoiceos:hyponym.intent,indica'm s'hipònims de {query}
ca,ovos-skill-wordnet.openvoiceos:hyponym.intent,indica'm s'termes més especialitzats de {query}
ca,ovos-skill-wordnet.openvoiceos:hyponym.intent,indica'm s'termes més específics de {query}
ca,ovos-skill-wordnet.openvoiceos:hyponym.intent,quin és els hipònims de {query}
ca,ovos-skill-wordnet.openvoiceos:hyponym.intent,quin és els termes més especialitzats de {query}
ca,ovos-skill-wordnet.openvoiceos:hyponym.intent,quin és els termes més específics de {query}
ca,ovos-skill-wordnet.openvoiceos:hyponym.intent,quin és es hipònims de {query}
ca,ovos-skill-wordnet.openvoiceos:hyponym.intent,quin és es termes més especialitzats de {query}
ca,ovos-skill-wordnet.openvoiceos:hyponym.intent,quin és es termes més específics de {query}
ca,ovos-skill-wordnet.openvoiceos:hyponym.intent,quin és l'hipònims de {query}
ca,ovos-skill-wordnet.openvoiceos:hyponym.intent,quin és l'termes més especialitzats de {query}
ca,ovos-skill-wordnet.openvoiceos:hyponym.intent,quin és l'termes més específics de {query}
ca,ovos-skill-wordnet.openvoiceos:hyponym.intent,quin és s'hipònims de {query}
ca,ovos-skill-wordnet.openvoiceos:hyponym.intent,quin és s'termes més especialitzats de {query}
ca,ovos-skill-wordnet.openvoiceos:hyponym.intent,quin és s'termes més específics de {query}
ca,ovos-skill-wordnet.openvoiceos:hyponym.intent,vull saber els hipònims de {query}
ca,ovos-skill-wordnet.openvoiceos:hyponym.intent,vull saber els termes més especialitzats de {query}
ca,ovos-skill-wordnet.openvoiceos:hyponym.intent,vull saber els termes més específics de {query}
ca,ovos-skill-wordnet.openvoiceos:hyponym.intent,vull saber es hipònims de {query}
ca,ovos-skill-wordnet.openvoiceos:hyponym.intent,vull saber es termes més especialitzats de {query}
ca,ovos-skill-wordnet.openvoiceos:hyponym.intent,vull saber es termes més específics de {query}
ca,ovos-skill-wordnet.openvoiceos:hyponym.intent,vull saber l'hipònims de {query}
ca,ovos-skill-wordnet.openvoiceos:hyponym.intent,vull saber l'termes més especialitzats de {query}
ca,ovos-skill-wordnet.openvoiceos:hyponym.intent,vull saber l'termes més específics de {query}
ca,ovos-skill-wordnet.openvoiceos:hyponym.intent,vull saber s'hipònims de {query}
ca,ovos-skill-wordnet.openvoiceos:hyponym.intent,vull saber s'termes més especialitzats de {query}
ca,ovos-skill-wordnet.openvoiceos:hyponym.intent,vull saber s'termes més específics de {query}
ca,ovos-skill-wordnet.openvoiceos:hyponym.intent,digue'm el hipònim de {query}
ca,ovos-skill-wordnet.openvoiceos:hyponym.intent,digue'm el terme més especialitzat de {query}
ca,ovos-skill-wordnet.openvoiceos:hyponym.intent,digue'm el terme més específic de {query}
ca,ovos-skill-wordnet.openvoiceos:hyponym.intent,digue'm es hipònim de {query}
ca,ovos-skill-wordnet.openvoiceos:hyponym.intent,digue'm es terme més especialitzat de {query}
ca,ovos-skill-wordnet.openvoiceos:hyponym.intent,digue'm es terme més específic de {query}
ca,ovos-skill-wordnet.openvoiceos:hyponym.intent,digue'm l'hipònim de {query}
ca,ovos-skill-wordnet.openvoiceos:hyponym.intent,digue'm l'terme més especialitzat de {query}
ca,ovos-skill-wordnet.openvoiceos:hyponym.intent,digue'm l'terme més específic de {query}
ca,ovos-skill-wordnet.openvoiceos:hyponym.intent,digue'm s'hipònim de {query}
ca,ovos-skill-wordnet.openvoiceos:hyponym.intent,digue'm s'terme més especialitzat de {query}
ca,ovos-skill-wordnet.openvoiceos:hyponym.intent,digue'm s'terme més específic de {query}
ca,ovos-skill-wordnet.openvoiceos:hyponym.intent,digues el hipònim de {query}
ca,ovos-skill-wordnet.openvoiceos:hyponym.intent,digues el terme més especialitzat de {query}
ca,ovos-skill-wordnet.openvoiceos:hyponym.intent,digues el terme més específic de {query}
ca,ovos-skill-wordnet.openvoiceos:hyponym.intent,digues es hipònim de {query}
ca,ovos-skill-wordnet.openvoiceos:hyponym.intent,digues es terme més especialitzat de {query}
ca,ovos-skill-wordnet.openvoiceos:hyponym.intent,digues es terme més específic de {query}
ca,ovos-skill-wordnet.openvoiceos:hyponym.intent,digues l'hipònim de {query}
ca,ovos-skill-wordnet.openvoiceos:hyponym.intent,digues l'terme més especialitzat de {query}
ca,ovos-skill-wordnet.openvoiceos:hyponym.intent,digues l'terme més específic de {query}
ca,ovos-skill-wordnet.openvoiceos:hyponym.intent,digues s'hipònim de {query}
ca,ovos-skill-wordnet.openvoiceos:hyponym.intent,digues s'terme més especialitzat de {query}
ca,ovos-skill-wordnet.openvoiceos:hyponym.intent,digues s'terme més específic de {query}
ca,ovos-skill-wordnet.openvoiceos:hyponym.intent,digues-me el hipònim de {query}
ca,ovos-skill-wordnet.openvoiceos:hyponym.intent,digues-me el terme més especialitzat de {query}
ca,ovos-skill-wordnet.openvoiceos:hyponym.intent,digues-me el terme més específic de {query}
ca,ovos-skill-wordnet.openvoiceos:hyponym.intent,digues-me es hipònim de {query}
ca,ovos-skill-wordnet.openvoiceos:hyponym.intent,digues-me es terme més especialitzat de {query}
ca,ovos-skill-wordnet.openvoiceos:hyponym.intent,digues-me es terme més específic de {query}
ca,ovos-skill-wordnet.openvoiceos:hyponym.intent,digues-me l'hipònim de {query}
ca,ovos-skill-wordnet.openvoiceos:hyponym.intent,digues-me l'terme més especialitzat de {query}
ca,ovos-skill-wordnet.openvoiceos:hyponym.intent,digues-me l'terme més específic de {query}
ca,ovos-skill-wordnet.openvoiceos:hyponym.intent,digues-me s'hipònim de {query}
ca,ovos-skill-wordnet.openvoiceos:hyponym.intent,digues-me s'terme més especialitzat de {query}
ca,ovos-skill-wordnet.openvoiceos:hyponym.intent,digues-me s'terme més específic de {query}
ca,ovos-skill-wordnet.openvoiceos:hyponym.intent,dona el hipònim de {query}
ca,ovos-skill-wordnet.openvoiceos:hyponym.intent,dona el terme més especialitzat de {query}
ca,ovos-skill-wordnet.openvoiceos:hyponym.intent,dona el terme més específic de {query}
ca,ovos-skill-wordnet.openvoiceos:hyponym.intent,dona es hipònim de {query}
ca,ovos-skill-wordnet.openvoiceos:hyponym.intent,dona es terme més especialitzat de {query}
ca,ovos-skill-wordnet.openvoiceos:hyponym.intent,dona es terme més específic de {query}
ca,ovos-skill-wordnet.openvoiceos:hyponym.intent,dona l'hipònim de {query}
ca,ovos-skill-wordnet.openvoiceos:hyponym.intent,dona l'terme més especialitzat de {query}
ca,ovos-skill-wordnet.openvoiceos:hyponym.intent,dona l'terme més específic de {query}
ca,ovos-skill-wordnet.openvoiceos:hyponym.intent,dona s'hipònim de {query}
ca,ovos-skill-wordnet.openvoiceos:hyponym.intent,dona s'terme més especialitzat de {query}
ca,ovos-skill-wordnet.openvoiceos:hyponym.intent,dona s'terme més específic de {query}
ca,ovos-skill-wordnet.openvoiceos:hyponym.intent,dona'm el hipònim de {query}
ca,ovos-skill-wordnet.openvoiceos:hyponym.intent,dona'm el terme més especialitzat de {query}
ca,ovos-skill-wordnet.openvoiceos:hyponym.intent,dona'm el terme més específic de {query}
ca,ovos-skill-wordnet.openvoiceos:hyponym.intent,dona'm es hipònim de {query}
ca,ovos-skill-wordnet.openvoiceos:hyponym.intent,dona'm es terme més especialitzat de {query}
ca,ovos-skill-wordnet.openvoiceos:hyponym.intent,dona'm es terme més específic de {query}
ca,ovos-skill-wordnet.openvoiceos:hyponym.intent,dona'm l'hipònim de {query}
ca,ovos-skill-wordnet.openvoiceos:hyponym.intent,dona'm l'terme més especialitzat de {query}
ca,ovos-skill-wordnet.openvoiceos:hyponym.intent,dona'm l'terme més específic de {query}
ca,ovos-skill-wordnet.openvoiceos:hyponym.intent,dona'm s'hipònim de {query}
ca,ovos-skill-wordnet.openvoiceos:hyponym.intent,dona'm s'terme més especialitzat de {query}
ca,ovos-skill-wordnet.openvoiceos:hyponym.intent,dona'm s'terme més específic de {query}
ca,ovos-skill-wordnet.openvoiceos:hyponym.intent,dóna el hipònim de {query}
ca,ovos-skill-wordnet.openvoiceos:hyponym.intent,dóna el terme més especialitzat de {query}
ca,ovos-skill-wordnet.openvoiceos:hyponym.intent,dóna el terme més específic de {query}
ca,ovos-skill-wordnet.openvoiceos:hyponym.intent,dóna es hipònim de {query}
ca,ovos-skill-wordnet.openvoiceos:hyponym.intent,dóna es terme més especialitzat de {query}
ca,ovos-skill-wordnet.openvoiceos:hyponym.intent,dóna es terme més específic de {query}
ca,ovos-skill-wordnet.openvoiceos:hyponym.intent,dóna l'hipònim de {query}
ca,ovos-skill-wordnet.openvoiceos:hyponym.intent,dóna l'terme més especialitzat de {query}
ca,ovos-skill-wordnet.openvoiceos:hyponym.intent,dóna l'terme més específic de {query}
ca,ovos-skill-wordnet.openvoiceos:hyponym.intent,dóna s'hipònim de {query}
ca,ovos-skill-wordnet.openvoiceos:hyponym.intent,dóna s'terme més especialitzat de {query}
ca,ovos-skill-wordnet.openvoiceos:hyponym.intent,dóna s'terme més específic de {query}
ca,ovos-skill-wordnet.openvoiceos:hyponym.intent,dóna'm el hipònim de {query}
ca,ovos-skill-wordnet.openvoiceos:hyponym.intent,dóna'm el terme més especialitzat de {query}
ca,ovos-skill-wordnet.openvoiceos:hyponym.intent,dóna'm el terme més específic de {query}
ca,ovos-skill-wordnet.openvoiceos:hyponym.intent,dóna'm es hipònim de {query}
ca,ovos-skill-wordnet.openvoiceos:hyponym.intent,dóna'm es terme més especialitzat de {query}
ca,ovos-skill-wordnet.openvoiceos:hyponym.intent,dóna'm es terme més específic de {query}
ca,ovos-skill-wordnet.openvoiceos:hyponym.intent,dóna'm l'hipònim de {query}
ca,ovos-skill-wordnet.openvoiceos:hyponym.intent,dóna'm l'terme més especialitzat de {query}
ca,ovos-skill-wordnet.openvoiceos:hyponym.intent,dóna'm l'terme més específic de {query}
ca,ovos-skill-wordnet.openvoiceos:hyponym.intent,dóna'm s'hipònim de {query}
ca,ovos-skill-wordnet.openvoiceos:hyponym.intent,dóna'm s'terme més especialitzat de {query}
ca,ovos-skill-wordnet.openvoiceos:hyponym.intent,dóna'm s'terme més específic de {query}
ca,ovos-skill-wordnet.openvoiceos:hyponym.intent,indica el hipònim de {query}
ca,ovos-skill-wordnet.openvoiceos:hyponym.intent,indica el terme més especialitzat de {query}
ca,ovos-skill-wordnet.openvoiceos:hyponym.intent,indica el terme més específic de {query}
ca,ovos-skill-wordnet.openvoiceos:hyponym.intent,indica es hipònim de {query}
ca,ovos-skill-wordnet.openvoiceos:hyponym.intent,indica es terme més especialitzat de {query}
ca,ovos-skill-wordnet.openvoiceos:hyponym.intent,indica es terme més específic de {query}
ca,ovos-skill-wordnet.openvoiceos:hyponym.intent,indica l'hipònim de {query}
ca,ovos-skill-wordnet.openvoiceos:hyponym.intent,indica l'terme més especialitzat de {query}
ca,ovos-skill-wordnet.openvoiceos:hyponym.intent,indica l'terme més específic de {query}
ca,ovos-skill-wordnet.openvoiceos:hyponym.intent,indica s'hipònim de {query}
ca,ovos-skill-wordnet.openvoiceos:hyponym.intent,indica s'terme més especialitzat de {query}
ca,ovos-skill-wordnet.openvoiceos:hyponym.intent,indica s'terme més específic de {query}
ca,ovos-skill-wordnet.openvoiceos:hyponym.intent,indica'm el hipònim de {query}
ca,ovos-skill-wordnet.openvoiceos:hyponym.intent,indica'm el terme més especialitzat de {query}
ca,ovos-skill-wordnet.openvoiceos:hyponym.intent,indica'm el terme més específic de {query}
ca,ovos-skill-wordnet.openvoiceos:hyponym.intent,indica'm es hipònim de {query}
ca,ovos-skill-wordnet.openvoiceos:hyponym.intent,indica'm es terme més especialitzat de {query}
ca,ovos-skill-wordnet.openvoiceos:hyponym.intent,indica'm es terme més específic de {query}
ca,ovos-skill-wordnet.openvoiceos:hyponym.intent,indica'm l'hipònim de {query}
ca,ovos-skill-wordnet.openvoiceos:hyponym.intent,indica'm l'terme més especialitzat de {query}
ca,ovos-skill-wordnet.openvoiceos:hyponym.intent,indica'm l'terme més específic de {query}
ca,ovos-skill-wordnet.openvoiceos:hyponym.intent,indica'm s'hipònim de {query}
ca,ovos-skill-wordnet.openvoiceos:hyponym.intent,indica'm s'terme més especialitzat de {query}
ca,ovos-skill-wordnet.openvoiceos:hyponym.intent,indica'm s'terme més específic de {query}
ca,ovos-skill-wordnet.openvoiceos:hyponym.intent,què és el hipònim de {query}
ca,ovos-skill-wordnet.openvoiceos:hyponym.intent,què és el terme més especialitzat de {query}
ca,ovos-skill-wordnet.openvoiceos:hyponym.intent,què és el terme més específic de {query}
ca,ovos-skill-wordnet.openvoiceos:hyponym.intent,què és es hipònim de {query}
ca,ovos-skill-wordnet.openvoiceos:hyponym.intent,què és es terme més especialitzat de {query}
ca,ovos-skill-wordnet.openvoiceos:hyponym.intent,què és es terme més específic de {query}
ca,ovos-skill-wordnet.openvoiceos:hyponym.intent,què és l'hipònim de {query}
ca,ovos-skill-wordnet.openvoiceos:hyponym.intent,què és l'terme més especialitzat de {query}
ca,ovos-skill-wordnet.openvoiceos:hyponym.intent,què és l'terme més específic de {query}
ca,ovos-skill-wordnet.openvoiceos:hyponym.intent,què és s'hipònim de {query}
ca,ovos-skill-wordnet.openvoiceos:hyponym.intent,què és s'terme més especialitzat de {query}
ca,ovos-skill-wordnet.openvoiceos:hyponym.intent,què és s'terme més específic de {query}
ca,ovos-skill-wordnet.openvoiceos:hyponym.intent,vull saber el hipònim de {query}
ca,ovos-skill-wordnet.openvoiceos:hyponym.intent,vull saber el terme més especialitzat de {query}
ca,ovos-skill-wordnet.openvoiceos:hyponym.intent,vull saber el terme més específic de {query}
ca,ovos-skill-wordnet.openvoiceos:hyponym.intent,vull saber es hipònim de {query}
ca,ovos-skill-wordnet.openvoiceos:hyponym.intent,vull saber es terme més especialitzat de {query}
ca,ovos-skill-wordnet.openvoiceos:hyponym.intent,vull saber es terme més específic de {query}
ca,ovos-skill-wordnet.openvoiceos:hyponym.intent,vull saber l'hipònim de {query}
ca,ovos-skill-wordnet.openvoiceos:hyponym.intent,vull saber l'terme més especialitzat de {query}
ca,ovos-skill-wordnet.openvoiceos:hyponym.intent,vull saber l'terme més específic de {query}
ca,ovos-skill-wordnet.openvoiceos:hyponym.intent,vull saber s'hipònim de {query}
ca,ovos-skill-wordnet.openvoiceos:hyponym.intent,vull saber s'terme més especialitzat de {query}
ca,ovos-skill-wordnet.openvoiceos:hyponym.intent,vull saber s'terme més específic de {query}
ca,ovos-skill-wordnet.openvoiceos:hyponym.intent,digue'm un hipònim de {query}
ca,ovos-skill-wordnet.openvoiceos:hyponym.intent,digue'm un terme més especialitzat de {query}
ca,ovos-skill-wordnet.openvoiceos:hyponym.intent,digue'm un terme més específic de {query}
ca,ovos-skill-wordnet.openvoiceos:hyponym.intent,digues un hipònim de {query}
ca,ovos-skill-wordnet.openvoiceos:hyponym.intent,digues un terme més especialitzat de {query}
ca,ovos-skill-wordnet.openvoiceos:hyponym.intent,digues un terme més específic de {query}
ca,ovos-skill-wordnet.openvoiceos:hyponym.intent,digues-me un hipònim de {query}
ca,ovos-skill-wordnet.openvoiceos:hyponym.intent,digues-me un terme més especialitzat de {query}
ca,ovos-skill-wordnet.openvoiceos:hyponym.intent,digues-me un terme més específic de {query}
ca,ovos-skill-wordnet.openvoiceos:hyponym.intent,dona un hipònim de {query}
ca,ovos-skill-wordnet.openvoiceos:hyponym.intent,dona un terme més especialitzat de {query}
ca,ovos-skill-wordnet.openvoiceos:hyponym.intent,dona un terme més específic de {query}
ca,ovos-skill-wordnet.openvoiceos:hyponym.intent,dona'm un hipònim de {query}
ca,ovos-skill-wordnet.openvoiceos:hyponym.intent,dona'm un terme més especialitzat de {query}
ca,ovos-skill-wordnet.openvoiceos:hyponym.intent,dona'm un terme més específic de {query}
ca,ovos-skill-wordnet.openvoiceos:hyponym.intent,dóna un hipònim de {query}
ca,ovos-skill-wordnet.openvoiceos:hyponym.intent,dóna un terme més especialitzat de {query}
ca,ovos-skill-wordnet.openvoiceos:hyponym.intent,dóna un terme més específic de {query}
ca,ovos-skill-wordnet.openvoiceos:hyponym.intent,dóna'm un hipònim de {query}
ca,ovos-skill-wordnet.openvoiceos:hyponym.intent,dóna'm un terme més especialitzat de {query}
ca,ovos-skill-wordnet.openvoiceos:hyponym.intent,dóna'm un terme més específic de {query}
ca,ovos-skill-wordnet.openvoiceos:hyponym.intent,indica un hipònim de {query}
ca,ovos-skill-wordnet.openvoiceos:hyponym.intent,indica un terme més especialitzat de {query}
ca,ovos-skill-wordnet.openvoiceos:hyponym.intent,indica un terme més específic de {query}
ca,ovos-skill-wordnet.openvoiceos:hyponym.intent,indica'm un hipònim de {query}
ca,ovos-skill-wordnet.openvoiceos:hyponym.intent,indica'm un terme més especialitzat de {query}
ca,ovos-skill-wordnet.openvoiceos:hyponym.intent,indica'm un terme més específic de {query}
ca,ovos-skill-wordnet.openvoiceos:hyponym.intent,què és un hipònim de {query}
ca,ovos-skill-wordnet.openvoiceos:hyponym.intent,què és un terme més especialitzat de {query}
ca,ovos-skill-wordnet.openvoiceos:hyponym.intent,què és un terme més específic de {query}
ca,ovos-skill-wordnet.openvoiceos:hyponym.intent,vull saber un hipònim de {query}
ca,ovos-skill-wordnet.openvoiceos:hyponym.intent,vull saber un terme més especialitzat de {query}
ca,ovos-skill-wordnet.openvoiceos:hyponym.intent,vull saber un terme més específic de {query}
ca,ovos-skill-wordnet.openvoiceos:holonym.intent,digue'm holònim de {query}
ca,ovos-skill-wordnet.openvoiceos:holonym.intent,digue'm l'holònim de {query}
ca,ovos-skill-wordnet.openvoiceos:holonym.intent,digue'm s'holònim de {query}
ca,ovos-skill-wordnet.openvoiceos:holonym.intent,digues holònim de {query}
ca,ovos-skill-wordnet.openvoiceos:holonym.intent,digues l'holònim de {query}
ca,ovos-skill-wordnet.openvoiceos:holonym.intent,digues s'holònim de {query}
ca,ovos-skill-wordnet.openvoiceos:holonym.intent,digues-me holònim de {query}
ca,ovos-skill-wordnet.openvoiceos:holonym.intent,digues-me l'holònim de {query}
ca,ovos-skill-wordnet.openvoiceos:holonym.intent,digues-me s'holònim de {query}
ca,ovos-skill-wordnet.openvoiceos:holonym.intent,dona holònim de {query}
ca,ovos-skill-wordnet.openvoiceos:holonym.intent,dona l'holònim de {query}
ca,ovos-skill-wordnet.openvoiceos:holonym.intent,dona s'holònim de {query}
ca,ovos-skill-wordnet.openvoiceos:holonym.intent,dona'm holònim de {query}
ca,ovos-skill-wordnet.openvoiceos:holonym.intent,dona'm l'holònim de {query}
ca,ovos-skill-wordnet.openvoiceos:holonym.intent,dona'm s'holònim de {query}
ca,ovos-skill-wordnet.openvoiceos:holonym.intent,dóna holònim de {query}
ca,ovos-skill-wordnet.openvoiceos:holonym.intent,dóna l'holònim de {query}
ca,ovos-skill-wordnet.openvoiceos:holonym.intent,dóna s'holònim de {query}
ca,ovos-skill-wordnet.openvoiceos:holonym.intent,dóna'm holònim de {query}
ca,ovos-skill-wordnet.openvoiceos:holonym.intent,dóna'm l'holònim de {query}
ca,ovos-skill-wordnet.openvoiceos:holonym.intent,dóna'm s'holònim de {query}
ca,ovos-skill-wordnet.openvoiceos:holonym.intent,indica holònim de {query}
ca,ovos-skill-wordnet.openvoiceos:holonym.intent,indica l'holònim de {query}
ca,ovos-skill-wordnet.openvoiceos:holonym.intent,indica s'holònim de {query}
ca,ovos-skill-wordnet.openvoiceos:holonym.intent,indica'm holònim de {query}
ca,ovos-skill-wordnet.openvoiceos:holonym.intent,indica'm l'holònim de {query}
ca,ovos-skill-wordnet.openvoiceos:holonym.intent,indica'm s'holònim de {query}
ca,ovos-skill-wordnet.openvoiceos:holonym.intent,quin és holònim de {query}
ca,ovos-skill-wordnet.openvoiceos:holonym.intent,quin és l'holònim de {query}
ca,ovos-skill-wordnet.openvoiceos:holonym.intent,quin és s'holònim de {query}
ca,ovos-skill-wordnet.openvoiceos:holonym.intent,vull saber holònim de {query}
ca,ovos-skill-wordnet.openvoiceos:holonym.intent,vull saber l'holònim de {query}
ca,ovos-skill-wordnet.openvoiceos:holonym.intent,vull saber s'holònim de {query}
ca,ovos-skill-wordnet.openvoiceos:holonym.intent,digue'm els holònims de {query}
ca,ovos-skill-wordnet.openvoiceos:holonym.intent,digues els holònims de {query}
ca,ovos-skill-wordnet.openvoiceos:holonym.intent,digues-me els holònims de {query}
ca,ovos-skill-wordnet.openvoiceos:holonym.intent,dona els holònims de {query}
ca,ovos-skill-wordnet.openvoiceos:holonym.intent,dona'm els holònims de {query}
ca,ovos-skill-wordnet.openvoiceos:holonym.intent,dóna els holònims de {query}
ca,ovos-skill-wordnet.openvoiceos:holonym.intent,dóna'm els holònims de {query}
ca,ovos-skill-wordnet.openvoiceos:holonym.intent,indica els holònims de {query}
ca,ovos-skill-wordnet.openvoiceos:holonym.intent,indica'm els holònims de {query}
ca,ovos-skill-wordnet.openvoiceos:holonym.intent,quins són els holònims de {query}
ca,ovos-skill-wordnet.openvoiceos:holonym.intent,vull saber els holònims de {query}
ca,ovos-skill-wordnet.openvoiceos:holonym.intent,digue'm un holònim de {query}
ca,ovos-skill-wordnet.openvoiceos:holonym.intent,digues un holònim de {query}
ca,ovos-skill-wordnet.openvoiceos:holonym.intent,digues-me un holònim de {query}
ca,ovos-skill-wordnet.openvoiceos:holonym.intent,dona un holònim de {query}
ca,ovos-skill-wordnet.openvoiceos:holonym.intent,dona'm un holònim de {query}
ca,ovos-skill-wordnet.openvoiceos:holonym.intent,dóna un holònim de {query}
ca,ovos-skill-wordnet.openvoiceos:holonym.intent,dóna'm un holònim de {query}
ca,ovos-skill-wordnet.openvoiceos:holonym.intent,indica un holònim de {query}
ca,ovos-skill-wordnet.openvoiceos:holonym.intent,indica'm un holònim de {query}
ca,ovos-skill-wordnet.openvoiceos:holonym.intent,què és un holònim de {query}
ca,ovos-skill-wordnet.openvoiceos:holonym.intent,vull saber un holònim de {query}
ca,ovos-skill-wordnet.openvoiceos:lemma.intent,digue'me quin lema té {query}
ca,ovos-skill-wordnet.openvoiceos:lemma.intent,digues quin lema té {query}
ca,ovos-skill-wordnet.openvoiceos:lemma.intent,dis-me quin lema té {query}
ca,ovos-skill-wordnet.openvoiceos:lemma.intent,quin lema té {query}
ca,ovos-skill-wordnet.openvoiceos:lemma.intent,digue'me quin és el lema d' {query}
ca,ovos-skill-wordnet.openvoiceos:lemma.intent,digue'me quin és el lema de {query}
ca,ovos-skill-wordnet.openvoiceos:lemma.intent,digue'me quin és el lema per a {query}
ca,ovos-skill-wordnet.openvoiceos:lemma.intent,digue'me quin és el lema per {query}
ca,ovos-skill-wordnet.openvoiceos:lemma.intent,digues quin és el lema d' {query}
ca,ovos-skill-wordnet.openvoiceos:lemma.intent,digues quin és el lema de {query}
ca,ovos-skill-wordnet.openvoiceos:lemma.intent,digues quin és el lema per a {query}
ca,ovos-skill-wordnet.openvoiceos:lemma.intent,digues quin és el lema per {query}
ca,ovos-skill-wordnet.openvoiceos:lemma.intent,dis-me quin és el lema d' {query}
ca,ovos-skill-wordnet.openvoiceos:lemma.intent,dis-me quin és el lema de {query}
ca,ovos-skill-wordnet.openvoiceos:lemma.intent,dis-me quin és el lema per a {query}
ca,ovos-skill-wordnet.openvoiceos:lemma.intent,dis-me quin és el lema per {query}
ca,ovos-skill-wordnet.openvoiceos:lemma.intent,quin és el lema d' {query}
ca,ovos-skill-wordnet.openvoiceos:lemma.intent,quin és el lema de {query}
ca,ovos-skill-wordnet.openvoiceos:lemma.intent,quin és el lema per a {query}
ca,ovos-skill-wordnet.openvoiceos:lemma.intent,quin és el lema per {query}
ca,ovos-skill-wordnet.openvoiceos:lemma.intent,digue'me quins són els lemes d' {query}
ca,ovos-skill-wordnet.openvoiceos:lemma.intent,digue'me quins són els lemes de {query}
ca,ovos-skill-wordnet.openvoiceos:lemma.intent,digue'me quins són els lemes per a {query}
ca,ovos-skill-wordnet.openvoiceos:lemma.intent,digue'me quins són els lemes per {query}
ca,ovos-skill-wordnet.openvoiceos:lemma.intent,digues quins són els lemes d' {query}
ca,ovos-skill-wordnet.openvoiceos:lemma.intent,digues quins són els lemes de {query}
ca,ovos-skill-wordnet.openvoiceos:lemma.intent,digues quins són els lemes per a {query}
ca,ovos-skill-wordnet.openvoiceos:lemma.intent,digues quins són els lemes per {query}
ca,ovos-skill-wordnet.openvoiceos:lemma.intent,dis-me quins són els lemes d' {query}
ca,ovos-skill-wordnet.openvoiceos:lemma.intent,dis-me quins són els lemes de {query}
ca,ovos-skill-wordnet.openvoiceos:lemma.intent,dis-me quins són els lemes per a {query}
ca,ovos-skill-wordnet.openvoiceos:lemma.intent,dis-me quins són els lemes per {query}
ca,ovos-skill-wordnet.openvoiceos:lemma.intent,quins són els lemes d' {query}
ca,ovos-skill-wordnet.openvoiceos:lemma.intent,quins són els lemes de {query}
ca,ovos-skill-wordnet.openvoiceos:lemma.intent,quins són els lemes per a {query}
ca,ovos-skill-wordnet.openvoiceos:lemma.intent,quins són els lemes per {query}
it,common_query:common_query,quand'è il compleanno di {query}
it,common_query:common_query,quando è il compleanno di {query}
it,common_query:common_query,quand'è nata {query}
it,common_query:common_query,quand'è nato {query}
it,common_query:common_query,quando è nata {query}
it,common_query:common_query,quando è nato {query}
it,common_query:common_query,chi è {query}
it,ovos-skill-ddg.openvoiceos:search_duck.intent,cerca con duck duck {query}
it,ovos-skill-ddg.openvoiceos:search_duck.intent,cerca con duck duck go {query}
it,ovos-skill-ddg.openvoiceos:search_duck.intent,cerca su duck duck {query}
it,ovos-skill-ddg.openvoiceos:search_duck.intent,cerca su duck duck go {query}
it,ovos-skill-ddg.openvoiceos:search_duck.intent,cerca {query} con duck duck
it,ovos-skill-ddg.openvoiceos:search_duck.intent,cerca {query} con duck duck go
it,ovos-skill-ddg.openvoiceos:search_duck.intent,cerca {query} su duck duck
it,ovos-skill-ddg.openvoiceos:search_duck.intent,cerca {query} su duck duck go
it,common_query:common_query,qual è il sito di {query}
it,common_query:common_query,qual è il sito ufficiale di {query}
it,ovos-skill-wikihow.openvoiceos:wikihow.intent,mostra passo dopo passo {query}
it,ovos-skill-wikihow.openvoiceos:wikihow.intent,mostra step by step {query}
it,ovos-skill-wikihow.openvoiceos:wikihow.intent,passo dopo passo {query}
it,ovos-skill-wikihow.openvoiceos:wikihow.intent,spiega passo dopo passo {query}
it,ovos-skill-wikihow.openvoiceos:wikihow.intent,spiega step by step {query}
it,ovos-skill-wikihow.openvoiceos:wikihow.intent,step by step {query}
it,ovos-skill-wikihow.openvoiceos:wikihow.intent,come faccio a {query}
it,ovos-skill-wikihow.openvoiceos:wikihow.intent,come faccio {query}
it,ovos-skill-wikihow.openvoiceos:wikihow.intent,come fare a {query}
it,ovos-skill-wikihow.openvoiceos:wikihow.intent,come fare {query}
it,ovos-skill-wikihow.openvoiceos:wikihow.intent,come posso  {query}
it,ovos-skill-wikihow.openvoiceos:wikihow.intent,come posso fare a {query}
it,ovos-skill-wikihow.openvoiceos:wikihow.intent,come posso fare {query}
it,ovos-skill-wikihow.openvoiceos:wikihow.intent,come poter  {query}
it,ovos-skill-wikihow.openvoiceos:wikihow.intent,come poter fare a {query}
it,ovos-skill-wikihow.openvoiceos:wikihow.intent,come poter fare {query}
it,ovos-skill-wikihow.openvoiceos:wikihow.intent,come potere  {query}
it,ovos-skill-wikihow.openvoiceos:wikihow.intent,come potere fare a {query}
it,ovos-skill-wikihow.openvoiceos:wikihow.intent,come potere fare {query}
it,ovos-skill-wikihow.openvoiceos:wikihow.intent,come {query}
it,ovos-skill-wikihow.openvoiceos:wikihow.intent,passaggi per {query}
it,ovos-skill-wikihow.openvoiceos:wikihow.intent,cerca su wiki how {query}
it,ovos-skill-wikihow.openvoiceos:wikihow.intent,cerca su wiki how per {query}
it,ovos-skill-wikihow.openvoiceos:wikihow.intent,cerca su wikihow {query}
it,ovos-skill-wikihow.openvoiceos:wikihow.intent,cerca su wikihow per {query}
it,ovos-skill-wikihow.openvoiceos:wikihow.intent,cosa dice wiki how su gli {query}
it,ovos-skill-wikihow.openvoiceos:wikihow.intent,cosa dice wiki how su i {query}
it,ovos-skill-wikihow.openvoiceos:wikihow.intent,cosa dice wiki how su il {query}
it,ovos-skill-wikihow.openvoiceos:wikihow.intent,cosa dice wiki how su l' {query}
it,ovos-skill-wikihow.openvoiceos:wikihow.intent,cosa dice wiki how su la {query}
it,ovos-skill-wikihow.openvoiceos:wikihow.intent,cosa dice wiki how su le {query}
it,ovos-skill-wikihow.openvoiceos:wikihow.intent,cosa dice wiki how su lo {query}
it,ovos-skill-wikihow.openvoiceos:wikihow.intent,cosa dice wiki how su {query}
it,ovos-skill-wikihow.openvoiceos:wikihow.intent,cosa dice wiki how sugli {query}
it,ovos-skill-wikihow.openvoiceos:wikihow.intent,cosa dice wiki how sui {query}
it,ovos-skill-wikihow.openvoiceos:wikihow.intent,cosa dice wiki how sul {query}
it,ovos-skill-wikihow.openvoiceos:wikihow.intent,cosa dice wiki how sull' {query}
it,ovos-skill-wikihow.openvoiceos:wikihow.intent,cosa dice wiki how sulla {query}
it,ovos-skill-wikihow.openvoiceos:wikihow.intent,cosa dice wiki how sulle {query}
it,ovos-skill-wikihow.openvoiceos:wikihow.intent,cosa dice wiki how sullo {query}
it,ovos-skill-wikihow.openvoiceos:wikihow.intent,cosa dice wikihow su gli {query}
it,ovos-skill-wikihow.openvoiceos:wikihow.intent,cosa dice wikihow su i {query}
it,ovos-skill-wikihow.openvoiceos:wikihow.intent,cosa dice wikihow su il {query}
it,ovos-skill-wikihow.openvoiceos:wikihow.intent,cosa dice wikihow su l' {query}
it,ovos-skill-wikihow.openvoiceos:wikihow.intent,cosa dice wikihow su la {query}
it,ovos-skill-wikihow.openvoiceos:wikihow.intent,cosa dice wikihow su le {query}
it,ovos-skill-wikihow.openvoiceos:wikihow.intent,cosa dice wikihow su lo {query}
it,ovos-skill-wikihow.openvoiceos:wikihow.intent,cosa dice wikihow su {query}
it,ovos-skill-wikihow.openvoiceos:wikihow.intent,cosa dice wikihow sugli {query}
it,ovos-skill-wikihow.openvoiceos:wikihow.intent,cosa dice wikihow sui {query}
it,ovos-skill-wikihow.openvoiceos:wikihow.intent,cosa dice wikihow sul {query}
it,ovos-skill-wikihow.openvoiceos:wikihow.intent,cosa dice wikihow sull' {query}
it,ovos-skill-wikihow.openvoiceos:wikihow.intent,cosa dice wikihow sulla {query}
it,ovos-skill-wikihow.openvoiceos:wikihow.intent,cosa dice wikihow sulle {query}
it,ovos-skill-wikihow.openvoiceos:wikihow.intent,cosa dice wikihow sullo {query}
it,ovos-skill-wikihow.openvoiceos:wikihow.intent,cosa pensa wiki how su gli {query}
it,ovos-skill-wikihow.openvoiceos:wikihow.intent,cosa pensa wiki how su i {query}
it,ovos-skill-wikihow.openvoiceos:wikihow.intent,cosa pensa wiki how su il {query}
it,ovos-skill-wikihow.openvoiceos:wikihow.intent,cosa pensa wiki how su l' {query}
it,ovos-skill-wikihow.openvoiceos:wikihow.intent,cosa pensa wiki how su la {query}
it,ovos-skill-wikihow.openvoiceos:wikihow.intent,cosa pensa wiki how su le {query}
it,ovos-skill-wikihow.openvoiceos:wikihow.intent,cosa pensa wiki how su lo {query}
it,ovos-skill-wikihow.openvoiceos:wikihow.intent,cosa pensa wiki how su {query}
it,ovos-skill-wikihow.openvoiceos:wikihow.intent,cosa pensa wiki how sugli {query}
it,ovos-skill-wikihow.openvoiceos:wikihow.intent,cosa pensa wiki how sui {query}
it,ovos-skill-wikihow.openvoiceos:wikihow.intent,cosa pensa wiki how sul {query}
it,ovos-skill-wikihow.openvoiceos:wikihow.intent,cosa pensa wiki how sull' {query}
it,ovos-skill-wikihow.openvoiceos:wikihow.intent,cosa pensa wiki how sulla {query}
it,ovos-skill-wikihow.openvoiceos:wikihow.intent,cosa pensa wiki how sulle {query}
it,ovos-skill-wikihow.openvoiceos:wikihow.intent,cosa pensa wiki how sullo {query}
it,ovos-skill-wikihow.openvoiceos:wikihow.intent,cosa pensa wikihow su gli {query}
it,ovos-skill-wikihow.openvoiceos:wikihow.intent,cosa pensa wikihow su i {query}
it,ovos-skill-wikihow.openvoiceos:wikihow.intent,cosa pensa wikihow su il {query}
it,ovos-skill-wikihow.openvoiceos:wikihow.intent,cosa pensa wikihow su l' {query}
it,ovos-skill-wikihow.openvoiceos:wikihow.intent,cosa pensa wikihow su la {query}
it,ovos-skill-wikihow.openvoiceos:wikihow.intent,cosa pensa wikihow su le {query}
it,ovos-skill-wikihow.openvoiceos:wikihow.intent,cosa pensa wikihow su lo {query}
it,ovos-skill-wikihow.openvoiceos:wikihow.intent,cosa pensa wikihow su {query}
it,ovos-skill-wikihow.openvoiceos:wikihow.intent,cosa pensa wikihow sugli {query}
it,ovos-skill-wikihow.openvoiceos:wikihow.intent,cosa pensa wikihow sui {query}
it,ovos-skill-wikihow.openvoiceos:wikihow.intent,cosa pensa wikihow sul {query}
it,ovos-skill-wikihow.openvoiceos:wikihow.intent,cosa pensa wikihow sull' {query}
it,ovos-skill-wikihow.openvoiceos:wikihow.intent,cosa pensa wikihow sulla {query}
it,ovos-skill-wikihow.openvoiceos:wikihow.intent,cosa pensa wikihow sulle {query}
it,ovos-skill-wikihow.openvoiceos:wikihow.intent,cosa pensa wikihow sullo {query}
it,ovos-skill-wikipedia.openvoiceos:wiki.intent,cerca su wikipedia {query}
it,ovos-skill-wikipedia.openvoiceos:wiki.intent,cerca su wiki {query}
it,ovos-skill-wikipedia.openvoiceos:wiki.intent,cosa afferma wikipedia su gli {query}
it,ovos-skill-wikipedia.openvoiceos:wiki.intent,cosa afferma wikipedia su i {query}
it,ovos-skill-wikipedia.openvoiceos:wiki.intent,cosa afferma wikipedia su il {query}
it,ovos-skill-wikipedia.openvoiceos:wiki.intent,cosa afferma wikipedia su l' {query}
it,ovos-skill-wikipedia.openvoiceos:wiki.intent,cosa afferma wikipedia su la {query}
it,ovos-skill-wikipedia.openvoiceos:wiki.intent,cosa afferma wikipedia su le {query}
it,ovos-skill-wikipedia.openvoiceos:wiki.intent,cosa afferma wikipedia su lo {query}
it,ovos-skill-wikipedia.openvoiceos:wiki.intent,cosa afferma wikipedia su {query}
it,ovos-skill-wikipedia.openvoiceos:wiki.intent,cosa afferma wikipedia sugli {query}
it,ovos-skill-wikipedia.openvoiceos:wiki.intent,cosa afferma wikipedia sui {query}
it,ovos-skill-wikipedia.openvoiceos:wiki.intent,cosa afferma wikipedia sul {query}
it,ovos-skill-wikipedia.openvoiceos:wiki.intent,cosa afferma wikipedia sull' {query}
it,ovos-skill-wikipedia.openvoiceos:wiki.intent,cosa afferma wikipedia sulla {query}
it,ovos-skill-wikipedia.openvoiceos:wiki.intent,cosa afferma wikipedia sulle {query}
it,ovos-skill-wikipedia.openvoiceos:wiki.intent,cosa afferma wikipedia sullo {query}
it,ovos-skill-wikipedia.openvoiceos:wiki.intent,cosa afferma wiki su gli {query}
it,ovos-skill-wikipedia.openvoiceos:wiki.intent,cosa afferma wiki su i {query}
it,ovos-skill-wikipedia.openvoiceos:wiki.intent,cosa afferma wiki su il {query}
it,ovos-skill-wikipedia.openvoiceos:wiki.intent,cosa afferma wiki su l' {query}
it,ovos-skill-wikipedia.openvoiceos:wiki.intent,cosa afferma wiki su la {query}
it,ovos-skill-wikipedia.openvoiceos:wiki.intent,cosa afferma wiki su le {query}
it,ovos-skill-wikipedia.openvoiceos:wiki.intent,cosa afferma wiki su lo {query}
it,ovos-skill-wikipedia.openvoiceos:wiki.intent,cosa afferma wiki su {query}
it,ovos-skill-wikipedia.openvoiceos:wiki.intent,cosa afferma wiki sugli {query}
it,ovos-skill-wikipedia.openvoiceos:wiki.intent,cosa afferma wiki sui {query}
it,ovos-skill-wikipedia.openvoiceos:wiki.intent,cosa afferma wiki sul {query}
it,ovos-skill-wikipedia.openvoiceos:wiki.intent,cosa afferma wiki sull' {query}
it,ovos-skill-wikipedia.openvoiceos:wiki.intent,cosa afferma wiki sulla {query}
it,ovos-skill-wikipedia.openvoiceos:wiki.intent,cosa afferma wiki sulle {query}
it,ovos-skill-wikipedia.openvoiceos:wiki.intent,cosa afferma wiki sullo {query}
it,ovos-skill-wikipedia.openvoiceos:wiki.intent,cosa c'è scritto su wikipedia su gli {query}
it,ovos-skill-wikipedia.openvoiceos:wiki.intent,cosa c'è scritto su wikipedia su i {query}
it,ovos-skill-wikipedia.openvoiceos:wiki.intent,cosa c'è scritto su wikipedia su il {query}
it,ovos-skill-wikipedia.openvoiceos:wiki.intent,cosa c'è scritto su wikipedia su l' {query}
it,ovos-skill-wikipedia.openvoiceos:wiki.intent,cosa c'è scritto su wikipedia su la {query}
it,ovos-skill-wikipedia.openvoiceos:wiki.intent,cosa c'è scritto su wikipedia su le {query}
it,ovos-skill-wikipedia.openvoiceos:wiki.intent,cosa c'è scritto su wikipedia su lo {query}
it,ovos-skill-wikipedia.openvoiceos:wiki.intent,cosa c'è scritto su wikipedia su {query}
it,ovos-skill-wikipedia.openvoiceos:wiki.intent,cosa c'è scritto su wikipedia sugli {query}
it,ovos-skill-wikipedia.openvoiceos:wiki.intent,cosa c'è scritto su wikipedia sui {query}
it,ovos-skill-wikipedia.openvoiceos:wiki.intent,cosa c'è scritto su wikipedia sul {query}
it,ovos-skill-wikipedia.openvoiceos:wiki.intent,cosa c'è scritto su wikipedia sull' {query}
it,ovos-skill-wikipedia.openvoiceos:wiki.intent,cosa c'è scritto su wikipedia sulla {query}
it,ovos-skill-wikipedia.openvoiceos:wiki.intent,cosa c'è scritto su wikipedia sulle {query}
it,ovos-skill-wikipedia.openvoiceos:wiki.intent,cosa c'è scritto su wikipedia sullo {query}
it,ovos-skill-wikipedia.openvoiceos:wiki.intent,cosa c'è scritto su wiki su gli {query}
it,ovos-skill-wikipedia.openvoiceos:wiki.intent,cosa c'è scritto su wiki su i {query}
it,ovos-skill-wikipedia.openvoiceos:wiki.intent,cosa c'è scritto su wiki su il {query}
it,ovos-skill-wikipedia.openvoiceos:wiki.intent,cosa c'è scritto su wiki su l' {query}
it,ovos-skill-wikipedia.openvoiceos:wiki.intent,cosa c'è scritto su wiki su la {query}
it,ovos-skill-wikipedia.openvoiceos:wiki.intent,cosa c'è scritto su wiki su le {query}
it,ovos-skill-wikipedia.openvoiceos:wiki.intent,cosa c'è scritto su wiki su lo {query}
it,ovos-skill-wikipedia.openvoiceos:wiki.intent,cosa c'è scritto su wiki su {query}
it,ovos-skill-wikipedia.openvoiceos:wiki.intent,cosa c'è scritto su wiki sugli {query}
it,ovos-skill-wikipedia.openvoiceos:wiki.intent,cosa c'è scritto su wiki sui {query}
it,ovos-skill-wikipedia.openvoiceos:wiki.intent,cosa c'è scritto su wiki sul {query}
it,ovos-skill-wikipedia.openvoiceos:wiki.intent,cosa c'è scritto su wiki sull' {query}
it,ovos-skill-wikipedia.openvoiceos:wiki.intent,cosa c'è scritto su wiki sulla {query}
it,ovos-skill-wikipedia.openvoiceos:wiki.intent,cosa c'è scritto su wiki sulle {query}
it,ovos-skill-wikipedia.openvoiceos:wiki.intent,cosa c'è scritto su wiki sullo {query}
it,ovos-skill-wikipedia.openvoiceos:wiki.intent,cosa c'è su wikipedia su gli {query}
it,ovos-skill-wikipedia.openvoiceos:wiki.intent,cosa c'è su wikipedia su i {query}
it,ovos-skill-wikipedia.openvoiceos:wiki.intent,cosa c'è su wikipedia su il {query}
it,ovos-skill-wikipedia.openvoiceos:wiki.intent,cosa c'è su wikipedia su l' {query}
it,ovos-skill-wikipedia.openvoiceos:wiki.intent,cosa c'è su wikipedia su la {query}
it,ovos-skill-wikipedia.openvoiceos:wiki.intent,cosa c'è su wikipedia su le {query}
it,ovos-skill-wikipedia.openvoiceos:wiki.intent,cosa c'è su wikipedia su lo {query}
it,ovos-skill-wikipedia.openvoiceos:wiki.intent,cosa c'è su wikipedia su {query}
it,ovos-skill-wikipedia.openvoiceos:wiki.intent,cosa c'è su wikipedia sugli {query}
it,ovos-skill-wikipedia.openvoiceos:wiki.intent,cosa c'è su wikipedia sui {query}
it,ovos-skill-wikipedia.openvoiceos:wiki.intent,cosa c'è su wikipedia sul {query}
it,ovos-skill-wikipedia.openvoiceos:wiki.intent,cosa c'è su wikipedia sull' {query}
it,ovos-skill-wikipedia.openvoiceos:wiki.intent,cosa c'è su wikipedia sulla {query}
it,ovos-skill-wikipedia.openvoiceos:wiki.intent,cosa c'è su wikipedia sulle {query}
it,ovos-skill-wikipedia.openvoiceos:wiki.intent,cosa c'è su wikipedia sullo {query}
it,ovos-skill-wikipedia.openvoiceos:wiki.intent,cosa c'è su wiki su gli {query}
it,ovos-skill-wikipedia.openvoiceos:wiki.intent,cosa c'è su wiki su i {query}
it,ovos-skill-wikipedia.openvoiceos:wiki.intent,cosa c'è su wiki su il {query}
it,ovos-skill-wikipedia.openvoiceos:wiki.intent,cosa c'è su wiki su l' {query}
it,ovos-skill-wikipedia.openvoiceos:wiki.intent,cosa c'è su wiki su la {query}
it,ovos-skill-wikipedia.openvoiceos:wiki.intent,cosa c'è su wiki su le {query}
it,ovos-skill-wikipedia.openvoiceos:wiki.intent,cosa c'è su wiki su lo {query}
it,ovos-skill-wikipedia.openvoiceos:wiki.intent,cosa c'è su wiki su {query}
it,ovos-skill-wikipedia.openvoiceos:wiki.intent,cosa c'è su wiki sugli {query}
it,ovos-skill-wikipedia.openvoiceos:wiki.intent,cosa c'è su wiki sui {query}
it,ovos-skill-wikipedia.openvoiceos:wiki.intent,cosa c'è su wiki sul {query}
it,ovos-skill-wikipedia.openvoiceos:wiki.intent,cosa c'è su wiki sull' {query}
it,ovos-skill-wikipedia.openvoiceos:wiki.intent,cosa c'è su wiki sulla {query}
it,ovos-skill-wikipedia.openvoiceos:wiki.intent,cosa c'è su wiki sulle {query}
it,ovos-skill-wikipedia.openvoiceos:wiki.intent,cosa c'è su wiki sullo {query}
it,ovos-skill-wikipedia.openvoiceos:wiki.intent,cosa dice wikipedia su gli {query}
it,ovos-skill-wikipedia.openvoiceos:wiki.intent,cosa dice wikipedia su i {query}
it,ovos-skill-wikipedia.openvoiceos:wiki.intent,cosa dice wikipedia su il {query}
it,ovos-skill-wikipedia.openvoiceos:wiki.intent,cosa dice wikipedia su l' {query}
it,ovos-skill-wikipedia.openvoiceos:wiki.intent,cosa dice wikipedia su la {query}
it,ovos-skill-wikipedia.openvoiceos:wiki.intent,cosa dice wikipedia su le {query}
it,ovos-skill-wikipedia.openvoiceos:wiki.intent,cosa dice wikipedia su lo {query}
it,ovos-skill-wikipedia.openvoiceos:wiki.intent,cosa dice wikipedia su {query}
it,ovos-skill-wikipedia.openvoiceos:wiki.intent,cosa dice wikipedia sugli {query}
it,ovos-skill-wikipedia.openvoiceos:wiki.intent,cosa dice wikipedia sui {query}
it,ovos-skill-wikipedia.openvoiceos:wiki.intent,cosa dice wikipedia sul {query}
it,ovos-skill-wikipedia.openvoiceos:wiki.intent,cosa dice wikipedia sull' {query}
it,ovos-skill-wikipedia.openvoiceos:wiki.intent,cosa dice wikipedia sulla {query}
it,ovos-skill-wikipedia.openvoiceos:wiki.intent,cosa dice wikipedia sulle {query}
it,ovos-skill-wikipedia.openvoiceos:wiki.intent,cosa dice wikipedia sullo {query}
it,ovos-skill-wikipedia.openvoiceos:wiki.intent,cosa dice wiki su gli {query}
it,ovos-skill-wikipedia.openvoiceos:wiki.intent,cosa dice wiki su i {query}
it,ovos-skill-wikipedia.openvoiceos:wiki.intent,cosa dice wiki su il {query}
it,ovos-skill-wikipedia.openvoiceos:wiki.intent,cosa dice wiki su l' {query}
it,ovos-skill-wikipedia.openvoiceos:wiki.intent,cosa dice wiki su la {query}
it,ovos-skill-wikipedia.openvoiceos:wiki.intent,cosa dice wiki su le {query}
it,ovos-skill-wikipedia.openvoiceos:wiki.intent,cosa dice wiki su lo {query}
it,ovos-skill-wikipedia.openvoiceos:wiki.intent,cosa dice wiki su {query}
it,ovos-skill-wikipedia.openvoiceos:wiki.intent,cosa dice wiki sugli {query}
it,ovos-skill-wikipedia.openvoiceos:wiki.intent,cosa dice wiki sui {query}
it,ovos-skill-wikipedia.openvoiceos:wiki.intent,cosa dice wiki sul {query}
it,ovos-skill-wikipedia.openvoiceos:wiki.intent,cosa dice wiki sull' {query}
it,ovos-skill-wikipedia.openvoiceos:wiki.intent,cosa dice wiki sulla {query}
it,ovos-skill-wikipedia.openvoiceos:wiki.intent,cosa dice wiki sulle {query}
it,ovos-skill-wikipedia.openvoiceos:wiki.intent,cosa dice wiki sullo {query}
it,ovos-skill-wikipedia.openvoiceos:wiki.intent,wikipedia {query}
it,ovos-skill-wikipedia.openvoiceos:wiki.intent,wiki {query}
it,ovos-skill-wikipedia.openvoiceos:wikiroulette.intent,attiva wikipedia roulette
it,ovos-skill-wikipedia.openvoiceos:wikiroulette.intent,attiva roulette wikipedia
it,ovos-skill-wikipedia.openvoiceos:wikiroulette.intent,attiva roulette wiki
it,ovos-skill-wikipedia.openvoiceos:wikiroulette.intent,attiva wiki roulette
it,ovos-skill-wikipedia.openvoiceos:wikiroulette.intent,attiva la wikipedia roulette
it,ovos-skill-wikipedia.openvoiceos:wikiroulette.intent,attiva la roulette wikipedia
it,ovos-skill-wikipedia.openvoiceos:wikiroulette.intent,attiva la roulette wiki
it,ovos-skill-wikipedia.openvoiceos:wikiroulette.intent,attiva la wiki roulette
it,ovos-skill-wikipedia.openvoiceos:wikiroulette.intent,inizia wikipedia roulette
it,ovos-skill-wikipedia.openvoiceos:wikiroulette.intent,inizia roulette wikipedia
it,ovos-skill-wikipedia.openvoiceos:wikiroulette.intent,inizia roulette wiki
it,ovos-skill-wikipedia.openvoiceos:wikiroulette.intent,inizia wiki roulette
it,ovos-skill-wikipedia.openvoiceos:wikiroulette.intent,inizia la wikipedia roulette
it,ovos-skill-wikipedia.openvoiceos:wikiroulette.intent,inizia la roulette wikipedia
it,ovos-skill-wikipedia.openvoiceos:wikiroulette.intent,inizia la roulette wiki
it,ovos-skill-wikipedia.openvoiceos:wikiroulette.intent,inizia la wiki roulette
it,ovos-skill-wikipedia.openvoiceos:wikiroulette.intent,wikipedia a caso
it,ovos-skill-wikipedia.openvoiceos:wikiroulette.intent,wikipedia casuale
it,ovos-skill-wikipedia.openvoiceos:wikiroulette.intent,wikipedia random
it,ovos-skill-wikipedia.openvoiceos:wikiroulette.intent,wikipedia roulette
it,ovos-skill-wikipedia.openvoiceos:wikiroulette.intent,apri  wikipedia a caso
it,ovos-skill-wikipedia.openvoiceos:wikiroulette.intent,apri  wikipedia casuale
it,ovos-skill-wikipedia.openvoiceos:wikiroulette.intent,apri  wikipedia random
it,ovos-skill-wikipedia.openvoiceos:wikiroulette.intent,apri  wiki a caso
it,ovos-skill-wikipedia.openvoiceos:wikiroulette.intent,apri  wiki casuale
it,ovos-skill-wikipedia.openvoiceos:wikiroulette.intent,apri  wiki random
it,ovos-skill-wikipedia.openvoiceos:wikiroulette.intent,apri di wikipedia a caso
it,ovos-skill-wikipedia.openvoiceos:wikiroulette.intent,apri di wikipedia casuale
it,ovos-skill-wikipedia.openvoiceos:wikiroulette.intent,apri di wikipedia random
it,ovos-skill-wikipedia.openvoiceos:wikiroulette.intent,apri di wiki a caso
it,ovos-skill-wikipedia.openvoiceos:wikiroulette.intent,apri di wiki casuale
it,ovos-skill-wikipedia.openvoiceos:wikiroulette.intent,apri di wiki random
it,ovos-skill-wikipedia.openvoiceos:wikiroulette.intent,apri articolo wikipedia a caso
it,ovos-skill-wikipedia.openvoiceos:wikiroulette.intent,apri articolo wikipedia casuale
it,ovos-skill-wikipedia.openvoiceos:wikiroulette.intent,apri articolo wikipedia random
it,ovos-skill-wikipedia.openvoiceos:wikiroulette.intent,apri articolo wiki a caso
it,ovos-skill-wikipedia.openvoiceos:wikiroulette.intent,apri articolo wiki casuale
it,ovos-skill-wikipedia.openvoiceos:wikiroulette.intent,apri articolo wiki random
it,ovos-skill-wikipedia.openvoiceos:wikiroulette.intent,apri articolo di wikipedia a caso
it,ovos-skill-wikipedia.openvoiceos:wikiroulette.intent,apri articolo di wikipedia casuale
it,ovos-skill-wikipedia.openvoiceos:wikiroulette.intent,apri articolo di wikipedia random
it,ovos-skill-wikipedia.openvoiceos:wikiroulette.intent,apri articolo di wiki a caso
it,ovos-skill-wikipedia.openvoiceos:wikiroulette.intent,apri articolo di wiki casuale
it,ovos-skill-wikipedia.openvoiceos:wikiroulette.intent,apri articolo di wiki random
it,ovos-skill-wikipedia.openvoiceos:wikiroulette.intent,apri pagina wikipedia a caso
it,ovos-skill-wikipedia.openvoiceos:wikiroulette.intent,apri pagina wikipedia casuale
it,ovos-skill-wikipedia.openvoiceos:wikiroulette.intent,apri pagina wikipedia random
it,ovos-skill-wikipedia.openvoiceos:wikiroulette.intent,apri pagina wiki a caso
it,ovos-skill-wikipedia.openvoiceos:wikiroulette.intent,apri pagina wiki casuale
it,ovos-skill-wikipedia.openvoiceos:wikiroulette.intent,apri pagina wiki random
it,ovos-skill-wikipedia.openvoiceos:wikiroulette.intent,apri pagina di wikipedia a caso
it,ovos-skill-wikipedia.openvoiceos:wikiroulette.intent,apri pagina di wikipedia casuale
it,ovos-skill-wikipedia.openvoiceos:wikiroulette.intent,apri pagina di wikipedia random
it,ovos-skill-wikipedia.openvoiceos:wikiroulette.intent,apri pagina di wiki a caso
it,ovos-skill-wikipedia.openvoiceos:wikiroulette.intent,apri pagina di wiki casuale
it,ovos-skill-wikipedia.openvoiceos:wikiroulette.intent,apri pagina di wiki random
it,ovos-skill-wikipedia.openvoiceos:wikiroulette.intent,apri un articolo wikipedia a caso
it,ovos-skill-wikipedia.openvoiceos:wikiroulette.intent,apri un articolo wikipedia casuale
it,ovos-skill-wikipedia.openvoiceos:wikiroulette.intent,apri un articolo wikipedia random
it,ovos-skill-wikipedia.openvoiceos:wikiroulette.intent,apri un articolo wiki a caso
it,ovos-skill-wikipedia.openvoiceos:wikiroulette.intent,apri un articolo wiki casuale
it,ovos-skill-wikipedia.openvoiceos:wikiroulette.intent,apri un articolo wiki random
it,ovos-skill-wikipedia.openvoiceos:wikiroulette.intent,apri un articolo di wikipedia a caso
it,ovos-skill-wikipedia.openvoiceos:wikiroulette.intent,apri un articolo di wikipedia casuale
it,ovos-skill-wikipedia.openvoiceos:wikiroulette.intent,apri un articolo di wikipedia random
it,ovos-skill-wikipedia.openvoiceos:wikiroulette.intent,apri un articolo di wiki a caso
it,ovos-skill-wikipedia.openvoiceos:wikiroulette.intent,apri un articolo di wiki casuale
it,ovos-skill-wikipedia.openvoiceos:wikiroulette.intent,apri un articolo di wiki random
it,ovos-skill-wikipedia.openvoiceos:wikiroulette.intent,apri una pagina wikipedia a caso
it,ovos-skill-wikipedia.openvoiceos:wikiroulette.intent,apri una pagina wikipedia casuale
it,ovos-skill-wikipedia.openvoiceos:wikiroulette.intent,apri una pagina wikipedia random
it,ovos-skill-wikipedia.openvoiceos:wikiroulette.intent,apri una pagina wiki a caso
it,ovos-skill-wikipedia.openvoiceos:wikiroulette.intent,apri una pagina wiki casuale
it,ovos-skill-wikipedia.openvoiceos:wikiroulette.intent,apri una pagina wiki random
it,ovos-skill-wikipedia.openvoiceos:wikiroulette.intent,apri una pagina di wikipedia a caso
it,ovos-skill-wikipedia.openvoiceos:wikiroulette.intent,apri una pagina di wikipedia casuale
it,ovos-skill-wikipedia.openvoiceos:wikiroulette.intent,apri una pagina di wikipedia random
it,ovos-skill-wikipedia.openvoiceos:wikiroulette.intent,apri una pagina di wiki a caso
it,ovos-skill-wikipedia.openvoiceos:wikiroulette.intent,apri una pagina di wiki casuale
it,ovos-skill-wikipedia.openvoiceos:wikiroulette.intent,apri una pagina di wiki random
it,ovos-skill-wikipedia.openvoiceos:wikiroulette.intent,articolo wikipedia a caso
it,ovos-skill-wikipedia.openvoiceos:wikiroulette.intent,articolo wikipedia casuale
it,ovos-skill-wikipedia.openvoiceos:wikiroulette.intent,articolo wikipedia random
it,ovos-skill-wikipedia.openvoiceos:wikiroulette.intent,articolo wiki a caso
it,ovos-skill-wikipedia.openvoiceos:wikiroulette.intent,articolo wiki casuale
it,ovos-skill-wikipedia.openvoiceos:wikiroulette.intent,articolo wiki random
it,ovos-skill-wikipedia.openvoiceos:wikiroulette.intent,articolo di wikipedia a caso
it,ovos-skill-wikipedia.openvoiceos:wikiroulette.intent,articolo di wikipedia casuale
it,ovos-skill-wikipedia.openvoiceos:wikiroulette.intent,articolo di wikipedia random
it,ovos-skill-wikipedia.openvoiceos:wikiroulette.intent,articolo di wiki a caso
it,ovos-skill-wikipedia.openvoiceos:wikiroulette.intent,articolo di wiki casuale
it,ovos-skill-wikipedia.openvoiceos:wikiroulette.intent,articolo di wiki random
it,ovos-skill-wikipedia.openvoiceos:wikiroulette.intent,dammi  wikipedia a caso
it,ovos-skill-wikipedia.openvoiceos:wikiroulette.intent,dammi  wikipedia casuale
it,ovos-skill-wikipedia.openvoiceos:wikiroulette.intent,dammi  wikipedia random
it,ovos-skill-wikipedia.openvoiceos:wikiroulette.intent,dammi  wiki a caso
it,ovos-skill-wikipedia.openvoiceos:wikiroulette.intent,dammi  wiki casuale
it,ovos-skill-wikipedia.openvoiceos:wikiroulette.intent,dammi  wiki random
it,ovos-skill-wikipedia.openvoiceos:wikiroulette.intent,dammi di wikipedia a caso
it,ovos-skill-wikipedia.openvoiceos:wikiroulette.intent,dammi di wikipedia casuale
it,ovos-skill-wikipedia.openvoiceos:wikiroulette.intent,dammi di wikipedia random
it,ovos-skill-wikipedia.openvoiceos:wikiroulette.intent,dammi di wiki a caso
it,ovos-skill-wikipedia.openvoiceos:wikiroulette.intent,dammi di wiki casuale
it,ovos-skill-wikipedia.openvoiceos:wikiroulette.intent,dammi di wiki random
it,ovos-skill-wikipedia.openvoiceos:wikiroulette.intent,dammi articolo wikipedia a caso
it,ovos-skill-wikipedia.openvoiceos:wikiroulette.intent,dammi articolo wikipedia casuale
it,ovos-skill-wikipedia.openvoiceos:wikiroulette.intent,dammi articolo wikipedia random
it,ovos-skill-wikipedia.openvoiceos:wikiroulette.intent,dammi articolo wiki a caso
it,ovos-skill-wikipedia.openvoiceos:wikiroulette.intent,dammi articolo wiki casuale
it,ovos-skill-wikipedia.openvoiceos:wikiroulette.intent,dammi articolo wiki random
it,ovos-skill-wikipedia.openvoiceos:wikiroulette.intent,dammi articolo di wikipedia a caso
it,ovos-skill-wikipedia.openvoiceos:wikiroulette.intent,dammi articolo di wikipedia casuale
it,ovos-skill-wikipedia.openvoiceos:wikiroulette.intent,dammi articolo di wikipedia random
it,ovos-skill-wikipedia.openvoiceos:wikiroulette.intent,dammi articolo di wiki a caso
it,ovos-skill-wikipedia.openvoiceos:wikiroulette.intent,dammi articolo di wiki casuale
it,ovos-skill-wikipedia.openvoiceos:wikiroulette.intent,dammi articolo di wiki random
it,ovos-skill-wikipedia.openvoiceos:wikiroulette.intent,dammi pagina wikipedia a caso
it,ovos-skill-wikipedia.openvoiceos:wikiroulette.intent,dammi pagina wikipedia casuale
it,ovos-skill-wikipedia.openvoiceos:wikiroulette.intent,dammi pagina wikipedia random
it,ovos-skill-wikipedia.openvoiceos:wikiroulette.intent,dammi pagina wiki a caso
it,ovos-skill-wikipedia.openvoiceos:wikiroulette.intent,dammi pagina wiki casuale
it,ovos-skill-wikipedia.openvoiceos:wikiroulette.intent,dammi pagina wiki random
it,ovos-skill-wikipedia.openvoiceos:wikiroulette.intent,dammi pagina di wikipedia a caso
it,ovos-skill-wikipedia.openvoiceos:wikiroulette.intent,dammi pagina di wikipedia casuale
it,ovos-skill-wikipedia.openvoiceos:wikiroulette.intent,dammi pagina di wikipedia random
it,ovos-skill-wikipedia.openvoiceos:wikiroulette.intent,dammi pagina di wiki a caso
it,ovos-skill-wikipedia.openvoiceos:wikiroulette.intent,dammi pagina di wiki casuale
it,ovos-skill-wikipedia.openvoiceos:wikiroulette.intent,dammi pagina di wiki random
it,ovos-skill-wikipedia.openvoiceos:wikiroulette.intent,dammi un articolo wikipedia a caso
it,ovos-skill-wikipedia.openvoiceos:wikiroulette.intent,dammi un articolo wikipedia casuale
it,ovos-skill-wikipedia.openvoiceos:wikiroulette.intent,dammi un articolo wikipedia random
it,ovos-skill-wikipedia.openvoiceos:wikiroulette.intent,dammi un articolo wiki a caso
it,ovos-skill-wikipedia.openvoiceos:wikiroulette.intent,dammi un articolo wiki casuale
it,ovos-skill-wikipedia.openvoiceos:wikiroulette.intent,dammi un articolo wiki random
it,ovos-skill-wikipedia.openvoiceos:wikiroulette.intent,dammi un articolo di wikipedia a caso
it,ovos-skill-wikipedia.openvoiceos:wikiroulette.intent,dammi un articolo di wikipedia casuale
it,ovos-skill-wikipedia.openvoiceos:wikiroulette.intent,dammi un articolo di wikipedia random
it,ovos-skill-wikipedia.openvoiceos:wikiroulette.intent,dammi un articolo di wiki a caso
it,ovos-skill-wikipedia.openvoiceos:wikiroulette.intent,dammi un articolo di wiki casuale
it,ovos-skill-wikipedia.openvoiceos:wikiroulette.intent,dammi un articolo di wiki random
it,ovos-skill-wikipedia.openvoiceos:wikiroulette.intent,dammi una pagina wikipedia a caso
it,ovos-skill-wikipedia.openvoiceos:wikiroulette.intent,dammi una pagina wikipedia casuale
it,ovos-skill-wikipedia.openvoiceos:wikiroulette.intent,dammi una pagina wikipedia random
it,ovos-skill-wikipedia.openvoiceos:wikiroulette.intent,dammi una pagina wiki a caso
it,ovos-skill-wikipedia.openvoiceos:wikiroulette.intent,dammi una pagina wiki casuale
it,ovos-skill-wikipedia.openvoiceos:wikiroulette.intent,dammi una pagina wiki random
it,ovos-skill-wikipedia.openvoiceos:wikiroulette.intent,dammi una pagina di wikipedia a caso
it,ovos-skill-wikipedia.openvoiceos:wikiroulette.intent,dammi una pagina di wikipedia casuale
it,ovos-skill-wikipedia.openvoiceos:wikiroulette.intent,dammi una pagina di wikipedia random
it,ovos-skill-wikipedia.openvoiceos:wikiroulette.intent,dammi una pagina di wiki a caso
it,ovos-skill-wikipedia.openvoiceos:wikiroulette.intent,dammi una pagina di wiki casuale
it,ovos-skill-wikipedia.openvoiceos:wikiroulette.intent,dammi una pagina di wiki random
it,ovos-skill-wikipedia.openvoiceos:wikiroulette.intent,di wikipedia a caso
it,ovos-skill-wikipedia.openvoiceos:wikiroulette.intent,di wikipedia casuale
it,ovos-skill-wikipedia.openvoiceos:wikiroulette.intent,di wikipedia random
it,ovos-skill-wikipedia.openvoiceos:wikiroulette.intent,di wiki a caso
it,ovos-skill-wikipedia.openvoiceos:wikiroulette.intent,di wiki casuale
it,ovos-skill-wikipedia.openvoiceos:wikiroulette.intent,di wiki random
it,ovos-skill-wikipedia.openvoiceos:wikiroulette.intent,dimmi di  wikipedia a caso
it,ovos-skill-wikipedia.openvoiceos:wikiroulette.intent,dimmi di  wikipedia casuale
it,ovos-skill-wikipedia.openvoiceos:wikiroulette.intent,dimmi di  wikipedia random
it,ovos-skill-wikipedia.openvoiceos:wikiroulette.intent,dimmi di  wiki a caso
it,ovos-skill-wikipedia.openvoiceos:wikiroulette.intent,dimmi di  wiki casuale
it,ovos-skill-wikipedia.openvoiceos:wikiroulette.intent,dimmi di  wiki random
it,ovos-skill-wikipedia.openvoiceos:wikiroulette.intent,dimmi di di wikipedia a caso
it,ovos-skill-wikipedia.openvoiceos:wikiroulette.intent,dimmi di di wikipedia casuale
it,ovos-skill-wikipedia.openvoiceos:wikiroulette.intent,dimmi di di wikipedia random
it,ovos-skill-wikipedia.openvoiceos:wikiroulette.intent,dimmi di di wiki a caso
it,ovos-skill-wikipedia.openvoiceos:wikiroulette.intent,dimmi di di wiki casuale
it,ovos-skill-wikipedia.openvoiceos:wikiroulette.intent,dimmi di di wiki random
it,ovos-skill-wikipedia.openvoiceos:wikiroulette.intent,dimmi di articolo wikipedia a caso
it,ovos-skill-wikipedia.openvoiceos:wikiroulette.intent,dimmi di articolo wikipedia casuale
it,ovos-skill-wikipedia.openvoiceos:wikiroulette.intent,dimmi di articolo wikipedia random
it,ovos-skill-wikipedia.openvoiceos:wikiroulette.intent,dimmi di articolo wiki a caso
it,ovos-skill-wikipedia.openvoiceos:wikiroulette.intent,dimmi di articolo wiki casuale
it,ovos-skill-wikipedia.openvoiceos:wikiroulette.intent,dimmi di articolo wiki random
it,ovos-skill-wikipedia.openvoiceos:wikiroulette.intent,dimmi di articolo di wikipedia a caso
it,ovos-skill-wikipedia.openvoiceos:wikiroulette.intent,dimmi di articolo di wikipedia casuale
it,ovos-skill-wikipedia.openvoiceos:wikiroulette.intent,dimmi di articolo di wikipedia random
it,ovos-skill-wikipedia.openvoiceos:wikiroulette.intent,dimmi di articolo di wiki a caso
it,ovos-skill-wikipedia.openvoiceos:wikiroulette.intent,dimmi di articolo di wiki casuale
it,ovos-skill-wikipedia.openvoiceos:wikiroulette.intent,dimmi di articolo di wiki random
it,ovos-skill-wikipedia.openvoiceos:wikiroulette.intent,dimmi di pagina wikipedia a caso
it,ovos-skill-wikipedia.openvoiceos:wikiroulette.intent,dimmi di pagina wikipedia casuale
it,ovos-skill-wikipedia.openvoiceos:wikiroulette.intent,dimmi di pagina wikipedia random
it,ovos-skill-wikipedia.openvoiceos:wikiroulette.intent,dimmi di pagina wiki a caso
it,ovos-skill-wikipedia.openvoiceos:wikiroulette.intent,dimmi di pagina wiki casuale
it,ovos-skill-wikipedia.openvoiceos:wikiroulette.intent,dimmi di pagina wiki random
it,ovos-skill-wikipedia.openvoiceos:wikiroulette.intent,dimmi di pagina di wikipedia a caso
it,ovos-skill-wikipedia.openvoiceos:wikiroulette.intent,dimmi di pagina di wikipedia casuale
it,ovos-skill-wikipedia.openvoiceos:wikiroulette.intent,dimmi di pagina di wikipedia random
it,ovos-skill-wikipedia.openvoiceos:wikiroulette.intent,dimmi di pagina di wiki a caso
it,ovos-skill-wikipedia.openvoiceos:wikiroulette.intent,dimmi di pagina di wiki casuale
it,ovos-skill-wikipedia.openvoiceos:wikiroulette.intent,dimmi di pagina di wiki random
it,ovos-skill-wikipedia.openvoiceos:wikiroulette.intent,dimmi di un articolo wikipedia a caso
it,ovos-skill-wikipedia.openvoiceos:wikiroulette.intent,dimmi di un articolo wikipedia casuale
it,ovos-skill-wikipedia.openvoiceos:wikiroulette.intent,dimmi di un articolo wikipedia random
it,ovos-skill-wikipedia.openvoiceos:wikiroulette.intent,dimmi di un articolo wiki a caso
it,ovos-skill-wikipedia.openvoiceos:wikiroulette.intent,dimmi di un articolo wiki casuale
it,ovos-skill-wikipedia.openvoiceos:wikiroulette.intent,dimmi di un articolo wiki random
it,ovos-skill-wikipedia.openvoiceos:wikiroulette.intent,dimmi di un articolo di wikipedia a caso
it,ovos-skill-wikipedia.openvoiceos:wikiroulette.intent,dimmi di un articolo di wikipedia casuale
it,ovos-skill-wikipedia.openvoiceos:wikiroulette.intent,dimmi di un articolo di wikipedia random
it,ovos-skill-wikipedia.openvoiceos:wikiroulette.intent,dimmi di un articolo di wiki a caso
it,ovos-skill-wikipedia.openvoiceos:wikiroulette.intent,dimmi di un articolo di wiki casuale
it,ovos-skill-wikipedia.openvoiceos:wikiroulette.intent,dimmi di un articolo di wiki random
it,ovos-skill-wikipedia.openvoiceos:wikiroulette.intent,dimmi di una pagina wikipedia a caso
it,ovos-skill-wikipedia.openvoiceos:wikiroulette.intent,dimmi di una pagina wikipedia casuale
it,ovos-skill-wikipedia.openvoiceos:wikiroulette.intent,dimmi di una pagina wikipedia random
it,ovos-skill-wikipedia.openvoiceos:wikiroulette.intent,dimmi di una pagina wiki a caso
it,ovos-skill-wikipedia.openvoiceos:wikiroulette.intent,dimmi di una pagina wiki casuale
it,ovos-skill-wikipedia.openvoiceos:wikiroulette.intent,dimmi di una pagina wiki random
it,ovos-skill-wikipedia.openvoiceos:wikiroulette.intent,dimmi di una pagina di wikipedia a caso
it,ovos-skill-wikipedia.openvoiceos:wikiroulette.intent,dimmi di una pagina di wikipedia casuale
it,ovos-skill-wikipedia.openvoiceos:wikiroulette.intent,dimmi di una pagina di wikipedia random
it,ovos-skill-wikipedia.openvoiceos:wikiroulette.intent,dimmi di una pagina di wiki a caso
it,ovos-skill-wikipedia.openvoiceos:wikiroulette.intent,dimmi di una pagina di wiki casuale
it,ovos-skill-wikipedia.openvoiceos:wikiroulette.intent,dimmi di una pagina di wiki random
it,ovos-skill-wikipedia.openvoiceos:wikiroulette.intent,mostra  wikipedia a caso
it,ovos-skill-wikipedia.openvoiceos:wikiroulette.intent,mostra  wikipedia casuale
it,ovos-skill-wikipedia.openvoiceos:wikiroulette.intent,mostra  wikipedia random
it,ovos-skill-wikipedia.openvoiceos:wikiroulette.intent,mostra  wiki a caso
it,ovos-skill-wikipedia.openvoiceos:wikiroulette.intent,mostra  wiki casuale
it,ovos-skill-wikipedia.openvoiceos:wikiroulette.intent,mostra  wiki random
it,ovos-skill-wikipedia.openvoiceos:wikiroulette.intent,mostra di wikipedia a caso
it,ovos-skill-wikipedia.openvoiceos:wikiroulette.intent,mostra di wikipedia casuale
it,ovos-skill-wikipedia.openvoiceos:wikiroulette.intent,mostra di wikipedia random
it,ovos-skill-wikipedia.openvoiceos:wikiroulette.intent,mostra di wiki a caso
it,ovos-skill-wikipedia.openvoiceos:wikiroulette.intent,mostra di wiki casuale
it,ovos-skill-wikipedia.openvoiceos:wikiroulette.intent,mostra di wiki random
it,ovos-skill-wikipedia.openvoiceos:wikiroulette.intent,mostra articolo wikipedia a caso
it,ovos-skill-wikipedia.openvoiceos:wikiroulette.intent,mostra articolo wikipedia casuale
it,ovos-skill-wikipedia.openvoiceos:wikiroulette.intent,mostra articolo wikipedia random
it,ovos-skill-wikipedia.openvoiceos:wikiroulette.intent,mostra articolo wiki a caso
it,ovos-skill-wikipedia.openvoiceos:wikiroulette.intent,mostra articolo wiki casuale
it,ovos-skill-wikipedia.openvoiceos:wikiroulette.intent,mostra articolo wiki random
it,ovos-skill-wikipedia.openvoiceos:wikiroulette.intent,mostra articolo di wikipedia a caso
it,ovos-skill-wikipedia.openvoiceos:wikiroulette.intent,mostra articolo di wikipedia casuale
it,ovos-skill-wikipedia.openvoiceos:wikiroulette.intent,mostra articolo di wikipedia random
it,ovos-skill-wikipedia.openvoiceos:wikiroulette.intent,mostra articolo di wiki a caso
it,ovos-skill-wikipedia.openvoiceos:wikiroulette.intent,mostra articolo di wiki casuale
it,ovos-skill-wikipedia.openvoiceos:wikiroulette.intent,mostra articolo di wiki random
it,ovos-skill-wikipedia.openvoiceos:wikiroulette.intent,mostra pagina wikipedia a caso
it,ovos-skill-wikipedia.openvoiceos:wikiroulette.intent,mostra pagina wikipedia casuale
it,ovos-skill-wikipedia.openvoiceos:wikiroulette.intent,mostra pagina wikipedia random
it,ovos-skill-wikipedia.openvoiceos:wikiroulette.intent,mostra pagina wiki a caso
it,ovos-skill-wikipedia.openvoiceos:wikiroulette.intent,mostra pagina wiki casuale
it,ovos-skill-wikipedia.openvoiceos:wikiroulette.intent,mostra pagina wiki random
it,ovos-skill-wikipedia.openvoiceos:wikiroulette.intent,mostra pagina di wikipedia a caso
it,ovos-skill-wikipedia.openvoiceos:wikiroulette.intent,mostra pagina di wikipedia casuale
it,ovos-skill-wikipedia.openvoiceos:wikiroulette.intent,mostra pagina di wikipedia random
it,ovos-skill-wikipedia.openvoiceos:wikiroulette.intent,mostra pagina di wiki a caso
it,ovos-skill-wikipedia.openvoiceos:wikiroulette.intent,mostra pagina di wiki casuale
it,ovos-skill-wikipedia.openvoiceos:wikiroulette.intent,mostra pagina di wiki random
it,ovos-skill-wikipedia.openvoiceos:wikiroulette.intent,mostra un articolo wikipedia a caso
it,ovos-skill-wikipedia.openvoiceos:wikiroulette.intent,mostra un articolo wikipedia casuale
it,ovos-skill-wikipedia.openvoiceos:wikiroulette.intent,mostra un articolo wikipedia random
it,ovos-skill-wikipedia.openvoiceos:wikiroulette.intent,mostra un articolo wiki a caso
it,ovos-skill-wikipedia.openvoiceos:wikiroulette.intent,mostra un articolo wiki casuale
it,ovos-skill-wikipedia.openvoiceos:wikiroulette.intent,mostra un articolo wiki random
it,ovos-skill-wikipedia.openvoiceos:wikiroulette.intent,mostra un articolo di wikipedia a caso
it,ovos-skill-wikipedia.openvoiceos:wikiroulette.intent,mostra un articolo di wikipedia casuale
it,ovos-skill-wikipedia.openvoiceos:wikiroulette.intent,mostra un articolo di wikipedia random
it,ovos-skill-wikipedia.openvoiceos:wikiroulette.intent,mostra un articolo di wiki a caso
it,ovos-skill-wikipedia.openvoiceos:wikiroulette.intent,mostra un articolo di wiki casuale
it,ovos-skill-wikipedia.openvoiceos:wikiroulette.intent,mostra un articolo di wiki random
it,ovos-skill-wikipedia.openvoiceos:wikiroulette.intent,mostra una pagina wikipedia a caso
it,ovos-skill-wikipedia.openvoiceos:wikiroulette.intent,mostra una pagina wikipedia casuale
it,ovos-skill-wikipedia.openvoiceos:wikiroulette.intent,mostra una pagina wikipedia random
it,ovos-skill-wikipedia.openvoiceos:wikiroulette.intent,mostra una pagina wiki a caso
it,ovos-skill-wikipedia.openvoiceos:wikiroulette.intent,mostra una pagina wiki casuale
it,ovos-skill-wikipedia.openvoiceos:wikiroulette.intent,mostra una pagina wiki random
it,ovos-skill-wikipedia.openvoiceos:wikiroulette.intent,mostra una pagina di wikipedia a caso
it,ovos-skill-wikipedia.openvoiceos:wikiroulette.intent,mostra una pagina di wikipedia casuale
it,ovos-skill-wikipedia.openvoiceos:wikiroulette.intent,mostra una pagina di wikipedia random
it,ovos-skill-wikipedia.openvoiceos:wikiroulette.intent,mostra una pagina di wiki a caso
it,ovos-skill-wikipedia.openvoiceos:wikiroulette.intent,mostra una pagina di wiki casuale
it,ovos-skill-wikipedia.openvoiceos:wikiroulette.intent,mostra una pagina di wiki random
it,ovos-skill-wikipedia.openvoiceos:wikiroulette.intent,pagina wikipedia a caso
it,ovos-skill-wikipedia.openvoiceos:wikiroulette.intent,pagina wikipedia casuale
it,ovos-skill-wikipedia.openvoiceos:wikiroulette.intent,pagina wikipedia random
it,ovos-skill-wikipedia.openvoiceos:wikiroulette.intent,pagina wiki a caso
it,ovos-skill-wikipedia.openvoiceos:wikiroulette.intent,pagina wiki casuale
it,ovos-skill-wikipedia.openvoiceos:wikiroulette.intent,pagina wiki random
it,ovos-skill-wikipedia.openvoiceos:wikiroulette.intent,pagina di wikipedia a caso
it,ovos-skill-wikipedia.openvoiceos:wikiroulette.intent,pagina di wikipedia casuale
it,ovos-skill-wikipedia.openvoiceos:wikiroulette.intent,pagina di wikipedia random
it,ovos-skill-wikipedia.openvoiceos:wikiroulette.intent,pagina di wiki a caso
it,ovos-skill-wikipedia.openvoiceos:wikiroulette.intent,pagina di wiki casuale
it,ovos-skill-wikipedia.openvoiceos:wikiroulette.intent,pagina di wiki random
it,ovos-skill-wikipedia.openvoiceos:wikiroulette.intent,roulette wikipedia
it,ovos-skill-wikipedia.openvoiceos:wikiroulette.intent,roulette wiki
it,ovos-skill-wikipedia.openvoiceos:wikiroulette.intent,un articolo wikipedia a caso
it,ovos-skill-wikipedia.openvoiceos:wikiroulette.intent,un articolo wikipedia casuale
it,ovos-skill-wikipedia.openvoiceos:wikiroulette.intent,un articolo wikipedia random
it,ovos-skill-wikipedia.openvoiceos:wikiroulette.intent,un articolo wiki a caso
it,ovos-skill-wikipedia.openvoiceos:wikiroulette.intent,un articolo wiki casuale
it,ovos-skill-wikipedia.openvoiceos:wikiroulette.intent,un articolo wiki random
it,ovos-skill-wikipedia.openvoiceos:wikiroulette.intent,un articolo di wikipedia a caso
it,ovos-skill-wikipedia.openvoiceos:wikiroulette.intent,un articolo di wikipedia casuale
it,ovos-skill-wikipedia.openvoiceos:wikiroulette.intent,un articolo di wikipedia random
it,ovos-skill-wikipedia.openvoiceos:wikiroulette.intent,un articolo di wiki a caso
it,ovos-skill-wikipedia.openvoiceos:wikiroulette.intent,un articolo di wiki casuale
it,ovos-skill-wikipedia.openvoiceos:wikiroulette.intent,un articolo di wiki random
it,ovos-skill-wikipedia.openvoiceos:wikiroulette.intent,una pagina wikipedia a caso
it,ovos-skill-wikipedia.openvoiceos:wikiroulette.intent,una pagina wikipedia casuale
it,ovos-skill-wikipedia.openvoiceos:wikiroulette.intent,una pagina wikipedia random
it,ovos-skill-wikipedia.openvoiceos:wikiroulette.intent,una pagina wiki a caso
it,ovos-skill-wikipedia.openvoiceos:wikiroulette.intent,una pagina wiki casuale
it,ovos-skill-wikipedia.openvoiceos:wikiroulette.intent,una pagina wiki random
it,ovos-skill-wikipedia.openvoiceos:wikiroulette.intent,una pagina di wikipedia a caso
it,ovos-skill-wikipedia.openvoiceos:wikiroulette.intent,una pagina di wikipedia casuale
it,ovos-skill-wikipedia.openvoiceos:wikiroulette.intent,una pagina di wikipedia random
it,ovos-skill-wikipedia.openvoiceos:wikiroulette.intent,una pagina di wiki a caso
it,ovos-skill-wikipedia.openvoiceos:wikiroulette.intent,una pagina di wiki casuale
it,ovos-skill-wikipedia.openvoiceos:wikiroulette.intent,una pagina di wiki random
it,ovos-skill-wikipedia.openvoiceos:wikiroulette.intent,wiki a caso
it,ovos-skill-wikipedia.openvoiceos:wikiroulette.intent,wiki casuale
it,ovos-skill-wikipedia.openvoiceos:wikiroulette.intent,wiki random
it,ovos-skill-wikipedia.openvoiceos:wikiroulette.intent,wiki roulette
it,ovos-skill-wolfie.openvoiceos:search_wolfie.intent,che cosa dice wolfram degli {query}
it,ovos-skill-wolfie.openvoiceos:search_wolfie.intent,che cosa dice wolfram dei {query}
it,ovos-skill-wolfie.openvoiceos:search_wolfie.intent,che cosa dice wolfram del {query}
it,ovos-skill-wolfie.openvoiceos:search_wolfie.intent,che cosa dice wolfram dell' {query}
it,ovos-skill-wolfie.openvoiceos:search_wolfie.intent,che cosa dice wolfram della {query}
it,ovos-skill-wolfie.openvoiceos:search_wolfie.intent,che cosa dice wolfram delle {query}
it,ovos-skill-wolfie.openvoiceos:search_wolfie.intent,che cosa dice wolfram dello {query}
it,ovos-skill-wolfie.openvoiceos:search_wolfie.intent,che cosa dice wolfram di {query}
it,ovos-skill-wolfie.openvoiceos:search_wolfie.intent,che cosa dice wolfram su gli {query}
it,ovos-skill-wolfie.openvoiceos:search_wolfie.intent,che cosa dice wolfram su i {query}
it,ovos-skill-wolfie.openvoiceos:search_wolfie.intent,che cosa dice wolfram su il {query}
it,ovos-skill-wolfie.openvoiceos:search_wolfie.intent,che cosa dice wolfram su l' {query}
it,ovos-skill-wolfie.openvoiceos:search_wolfie.intent,che cosa dice wolfram su la {query}
it,ovos-skill-wolfie.openvoiceos:search_wolfie.intent,che cosa dice wolfram su le {query}
it,ovos-skill-wolfie.openvoiceos:search_wolfie.intent,che cosa dice wolfram su lo {query}
it,ovos-skill-wolfie.openvoiceos:search_wolfie.intent,che cosa dice wolfram su {query}
it,ovos-skill-wolfie.openvoiceos:search_wolfie.intent,che cosa dice wolfram sugli {query}
it,ovos-skill-wolfie.openvoiceos:search_wolfie.intent,che cosa dice wolfram sui {query}
it,ovos-skill-wolfie.openvoiceos:search_wolfie.intent,che cosa dice wolfram sul {query}
it,ovos-skill-wolfie.openvoiceos:search_wolfie.intent,che cosa dice wolfram sull' {query}
it,ovos-skill-wolfie.openvoiceos:search_wolfie.intent,che cosa dice wolfram sulla {query}
it,ovos-skill-wolfie.openvoiceos:search_wolfie.intent,che cosa dice wolfram sulle {query}
it,ovos-skill-wolfie.openvoiceos:search_wolfie.intent,che cosa dice wolfram sullo {query}
it,ovos-skill-wolfie.openvoiceos:search_wolfie.intent,cosa dice wolfram degli {query}
it,ovos-skill-wolfie.openvoiceos:search_wolfie.intent,cosa dice wolfram dei {query}
it,ovos-skill-wolfie.openvoiceos:search_wolfie.intent,cosa dice wolfram del {query}
it,ovos-skill-wolfie.openvoiceos:search_wolfie.intent,cosa dice wolfram dell' {query}
it,ovos-skill-wolfie.openvoiceos:search_wolfie.intent,cosa dice wolfram della {query}
it,ovos-skill-wolfie.openvoiceos:search_wolfie.intent,cosa dice wolfram delle {query}
it,ovos-skill-wolfie.openvoiceos:search_wolfie.intent,cosa dice wolfram dello {query}
it,ovos-skill-wolfie.openvoiceos:search_wolfie.intent,cosa dice wolfram di {query}
it,ovos-skill-wolfie.openvoiceos:search_wolfie.intent,cosa dice wolfram su gli {query}
it,ovos-skill-wolfie.openvoiceos:search_wolfie.intent,cosa dice wolfram su i {query}
it,ovos-skill-wolfie.openvoiceos:search_wolfie.intent,cosa dice wolfram su il {query}
it,ovos-skill-wolfie.openvoiceos:search_wolfie.intent,cosa dice wolfram su l' {query}
it,ovos-skill-wolfie.openvoiceos:search_wolfie.intent,cosa dice wolfram su la {query}
it,ovos-skill-wolfie.openvoiceos:search_wolfie.intent,cosa dice wolfram su le {query}
it,ovos-skill-wolfie.openvoiceos:search_wolfie.intent,cosa dice wolfram su lo {query}
it,ovos-skill-wolfie.openvoiceos:search_wolfie.intent,cosa dice wolfram su {query}
it,ovos-skill-wolfie.openvoiceos:search_wolfie.intent,cosa dice wolfram sugli {query}
it,ovos-skill-wolfie.openvoiceos:search_wolfie.intent,cosa dice wolfram sui {query}
it,ovos-skill-wolfie.openvoiceos:search_wolfie.intent,cosa dice wolfram sul {query}
it,ovos-skill-wolfie.openvoiceos:search_wolfie.intent,cosa dice wolfram sull' {query}
it,ovos-skill-wolfie.openvoiceos:search_wolfie.intent,cosa dice wolfram sulla {query}
it,ovos-skill-wolfie.openvoiceos:search_wolfie.intent,cosa dice wolfram sulle {query}
it,ovos-skill-wolfie.openvoiceos:search_wolfie.intent,cosa dice wolfram sullo {query}
it,ovos-skill-wolfie.openvoiceos:search_wolfie.intent,che cosa dice wolfram alpha degli {query}
it,ovos-skill-wolfie.openvoiceos:search_wolfie.intent,che cosa dice wolfram alpha dei {query}
it,ovos-skill-wolfie.openvoiceos:search_wolfie.intent,che cosa dice wolfram alpha del {query}
it,ovos-skill-wolfie.openvoiceos:search_wolfie.intent,che cosa dice wolfram alpha dell' {query}
it,ovos-skill-wolfie.openvoiceos:search_wolfie.intent,che cosa dice wolfram alpha della {query}
it,ovos-skill-wolfie.openvoiceos:search_wolfie.intent,che cosa dice wolfram alpha delle {query}
it,ovos-skill-wolfie.openvoiceos:search_wolfie.intent,che cosa dice wolfram alpha dello {query}
it,ovos-skill-wolfie.openvoiceos:search_wolfie.intent,che cosa dice wolfram alpha di {query}
it,ovos-skill-wolfie.openvoiceos:search_wolfie.intent,che cosa dice wolfram alpha su gli {query}
it,ovos-skill-wolfie.openvoiceos:search_wolfie.intent,che cosa dice wolfram alpha su i {query}
it,ovos-skill-wolfie.openvoiceos:search_wolfie.intent,che cosa dice wolfram alpha su il {query}
it,ovos-skill-wolfie.openvoiceos:search_wolfie.intent,che cosa dice wolfram alpha su l' {query}
it,ovos-skill-wolfie.openvoiceos:search_wolfie.intent,che cosa dice wolfram alpha su la {query}
it,ovos-skill-wolfie.openvoiceos:search_wolfie.intent,che cosa dice wolfram alpha su le {query}
it,ovos-skill-wolfie.openvoiceos:search_wolfie.intent,che cosa dice wolfram alpha su lo {query}
it,ovos-skill-wolfie.openvoiceos:search_wolfie.intent,che cosa dice wolfram alpha su {query}
it,ovos-skill-wolfie.openvoiceos:search_wolfie.intent,che cosa dice wolfram alpha sugli {query}
it,ovos-skill-wolfie.openvoiceos:search_wolfie.intent,che cosa dice wolfram alpha sui {query}
it,ovos-skill-wolfie.openvoiceos:search_wolfie.intent,che cosa dice wolfram alpha sul {query}
it,ovos-skill-wolfie.openvoiceos:search_wolfie.intent,che cosa dice wolfram alpha sull' {query}
it,ovos-skill-wolfie.openvoiceos:search_wolfie.intent,che cosa dice wolfram alpha sulla {query}
it,ovos-skill-wolfie.openvoiceos:search_wolfie.intent,che cosa dice wolfram alpha sulle {query}
it,ovos-skill-wolfie.openvoiceos:search_wolfie.intent,che cosa dice wolfram alpha sullo {query}
it,ovos-skill-wolfie.openvoiceos:search_wolfie.intent,cosa dice wolfram alpha degli {query}
it,ovos-skill-wolfie.openvoiceos:search_wolfie.intent,cosa dice wolfram alpha dei {query}
it,ovos-skill-wolfie.openvoiceos:search_wolfie.intent,cosa dice wolfram alpha del {query}
it,ovos-skill-wolfie.openvoiceos:search_wolfie.intent,cosa dice wolfram alpha dell' {query}
it,ovos-skill-wolfie.openvoiceos:search_wolfie.intent,cosa dice wolfram alpha della {query}
it,ovos-skill-wolfie.openvoiceos:search_wolfie.intent,cosa dice wolfram alpha delle {query}
it,ovos-skill-wolfie.openvoiceos:search_wolfie.intent,cosa dice wolfram alpha dello {query}
it,ovos-skill-wolfie.openvoiceos:search_wolfie.intent,cosa dice wolfram alpha di {query}
it,ovos-skill-wolfie.openvoiceos:search_wolfie.intent,cosa dice wolfram alpha su gli {query}
it,ovos-skill-wolfie.openvoiceos:search_wolfie.intent,cosa dice wolfram alpha su i {query}
it,ovos-skill-wolfie.openvoiceos:search_wolfie.intent,cosa dice wolfram alpha su il {query}
it,ovos-skill-wolfie.openvoiceos:search_wolfie.intent,cosa dice wolfram alpha su l' {query}
it,ovos-skill-wolfie.openvoiceos:search_wolfie.intent,cosa dice wolfram alpha su la {query}
it,ovos-skill-wolfie.openvoiceos:search_wolfie.intent,cosa dice wolfram alpha su le {query}
it,ovos-skill-wolfie.openvoiceos:search_wolfie.intent,cosa dice wolfram alpha su lo {query}
it,ovos-skill-wolfie.openvoiceos:search_wolfie.intent,cosa dice wolfram alpha su {query}
it,ovos-skill-wolfie.openvoiceos:search_wolfie.intent,cosa dice wolfram alpha sugli {query}
it,ovos-skill-wolfie.openvoiceos:search_wolfie.intent,cosa dice wolfram alpha sui {query}
it,ovos-skill-wolfie.openvoiceos:search_wolfie.intent,cosa dice wolfram alpha sul {query}
it,ovos-skill-wolfie.openvoiceos:search_wolfie.intent,cosa dice wolfram alpha sull' {query}
it,ovos-skill-wolfie.openvoiceos:search_wolfie.intent,cosa dice wolfram alpha sulla {query}
it,ovos-skill-wolfie.openvoiceos:search_wolfie.intent,cosa dice wolfram alpha sulle {query}
it,ovos-skill-wolfie.openvoiceos:search_wolfie.intent,cosa dice wolfram alpha sullo {query}
it,ovos-skill-wolfie.openvoiceos:search_wolfie.intent,cerca su wolfram alpha {query}
it,ovos-skill-wolfie.openvoiceos:search_wolfie.intent,cerca {query} su wolfram alpha
it,ovos-skill-wolfie.openvoiceos:search_wolfie.intent,ricerca su wolfram alpha {query}
it,ovos-skill-wolfie.openvoiceos:search_wolfie.intent,ricerca {query} su wolfram alpha
it,ovos-skill-wolfie.openvoiceos:search_wolfie.intent,cerca su wolfram {query}
it,ovos-skill-wolfie.openvoiceos:search_wolfie.intent,cerca {query} su wolfram
it,ovos-skill-wolfie.openvoiceos:search_wolfie.intent,ricerca su wolfram {query}
it,ovos-skill-wolfie.openvoiceos:search_wolfie.intent,ricerca {query} su wolfram
it,ovos-skill-wolfie.openvoiceos:search_wolfie.intent,cerca sul lupo {query}
it,ovos-skill-wolfie.openvoiceos:search_wolfie.intent,cerca sul lupo degli {query}
it,ovos-skill-wolfie.openvoiceos:search_wolfie.intent,cerca sul lupo dei {query}
it,ovos-skill-wolfie.openvoiceos:search_wolfie.intent,cerca sul lupo del {query}
it,ovos-skill-wolfie.openvoiceos:search_wolfie.intent,cerca sul lupo dell' {query}
it,ovos-skill-wolfie.openvoiceos:search_wolfie.intent,cerca sul lupo della {query}
it,ovos-skill-wolfie.openvoiceos:search_wolfie.intent,cerca sul lupo delle {query}
it,ovos-skill-wolfie.openvoiceos:search_wolfie.intent,cerca sul lupo dello {query}
it,ovos-skill-wolfie.openvoiceos:search_wolfie.intent,cerca sul lupo di {query}
it,ovos-skill-wolfie.openvoiceos:search_wolfie.intent,cerca sul lupo su gli {query}
it,ovos-skill-wolfie.openvoiceos:search_wolfie.intent,cerca sul lupo su i {query}
it,ovos-skill-wolfie.openvoiceos:search_wolfie.intent,cerca sul lupo su il {query}
it,ovos-skill-wolfie.openvoiceos:search_wolfie.intent,cerca sul lupo su l' {query}
it,ovos-skill-wolfie.openvoiceos:search_wolfie.intent,cerca sul lupo su la {query}
it,ovos-skill-wolfie.openvoiceos:search_wolfie.intent,cerca sul lupo su le {query}
it,ovos-skill-wolfie.openvoiceos:search_wolfie.intent,cerca sul lupo su lo {query}
it,ovos-skill-wolfie.openvoiceos:search_wolfie.intent,cerca sul lupo su {query}
it,ovos-skill-wolfie.openvoiceos:search_wolfie.intent,cerca sul lupo sugli {query}
it,ovos-skill-wolfie.openvoiceos:search_wolfie.intent,cerca sul lupo sui {query}
it,ovos-skill-wolfie.openvoiceos:search_wolfie.intent,cerca sul lupo sul {query}
it,ovos-skill-wolfie.openvoiceos:search_wolfie.intent,cerca sul lupo sull' {query}
it,ovos-skill-wolfie.openvoiceos:search_wolfie.intent,cerca sul lupo sulla {query}
it,ovos-skill-wolfie.openvoiceos:search_wolfie.intent,cerca sul lupo sulle {query}
it,ovos-skill-wolfie.openvoiceos:search_wolfie.intent,cerca sul lupo sullo {query}
it,ovos-skill-wolfie.openvoiceos:search_wolfie.intent,ri sul lupo {query}
it,ovos-skill-wolfie.openvoiceos:search_wolfie.intent,ri sul lupo degli {query}
it,ovos-skill-wolfie.openvoiceos:search_wolfie.intent,ri sul lupo dei {query}
it,ovos-skill-wolfie.openvoiceos:search_wolfie.intent,ri sul lupo del {query}
it,ovos-skill-wolfie.openvoiceos:search_wolfie.intent,ri sul lupo dell' {query}
it,ovos-skill-wolfie.openvoiceos:search_wolfie.intent,ri sul lupo della {query}
it,ovos-skill-wolfie.openvoiceos:search_wolfie.intent,ri sul lupo delle {query}
it,ovos-skill-wolfie.openvoiceos:search_wolfie.intent,ri sul lupo dello {query}
it,ovos-skill-wolfie.openvoiceos:search_wolfie.intent,ri sul lupo di {query}
it,ovos-skill-wolfie.openvoiceos:search_wolfie.intent,ri sul lupo su gli {query}
it,ovos-skill-wolfie.openvoiceos:search_wolfie.intent,ri sul lupo su i {query}
it,ovos-skill-wolfie.openvoiceos:search_wolfie.intent,ri sul lupo su il {query}
it,ovos-skill-wolfie.openvoiceos:search_wolfie.intent,ri sul lupo su l' {query}
it,ovos-skill-wolfie.openvoiceos:search_wolfie.intent,ri sul lupo su la {query}
it,ovos-skill-wolfie.openvoiceos:search_wolfie.intent,ri sul lupo su le {query}
it,ovos-skill-wolfie.openvoiceos:search_wolfie.intent,ri sul lupo su lo {query}
it,ovos-skill-wolfie.openvoiceos:search_wolfie.intent,ri sul lupo su {query}
it,ovos-skill-wolfie.openvoiceos:search_wolfie.intent,ri sul lupo sugli {query}
it,ovos-skill-wolfie.openvoiceos:search_wolfie.intent,ri sul lupo sui {query}
it,ovos-skill-wolfie.openvoiceos:search_wolfie.intent,ri sul lupo sul {query}
it,ovos-skill-wolfie.openvoiceos:search_wolfie.intent,ri sul lupo sull' {query}
it,ovos-skill-wolfie.openvoiceos:search_wolfie.intent,ri sul lupo sulla {query}
it,ovos-skill-wolfie.openvoiceos:search_wolfie.intent,ri sul lupo sulle {query}
it,ovos-skill-wolfie.openvoiceos:search_wolfie.intent,ri sul lupo sullo {query}
it,ovos-skill-wolfie.openvoiceos:search_wolfie.intent,chiedi a wolfram degli {query}
it,ovos-skill-wolfie.openvoiceos:search_wolfie.intent,chiedi a wolfram dei {query}
it,ovos-skill-wolfie.openvoiceos:search_wolfie.intent,chiedi a wolfram del {query}
it,ovos-skill-wolfie.openvoiceos:search_wolfie.intent,chiedi a wolfram dell' {query}
it,ovos-skill-wolfie.openvoiceos:search_wolfie.intent,chiedi a wolfram della {query}
it,ovos-skill-wolfie.openvoiceos:search_wolfie.intent,chiedi a wolfram delle {query}
it,ovos-skill-wolfie.openvoiceos:search_wolfie.intent,chiedi a wolfram dello {query}
it,ovos-skill-wolfie.openvoiceos:search_wolfie.intent,chiedi a wolfram di {query}
it,ovos-skill-wolfie.openvoiceos:search_wolfie.intent,chiedi a wolfram su gli {query}
it,ovos-skill-wolfie.openvoiceos:search_wolfie.intent,chiedi a wolfram su i {query}
it,ovos-skill-wolfie.openvoiceos:search_wolfie.intent,chiedi a wolfram su il {query}
it,ovos-skill-wolfie.openvoiceos:search_wolfie.intent,chiedi a wolfram su l' {query}
it,ovos-skill-wolfie.openvoiceos:search_wolfie.intent,chiedi a wolfram su la {query}
it,ovos-skill-wolfie.openvoiceos:search_wolfie.intent,chiedi a wolfram su le {query}
it,ovos-skill-wolfie.openvoiceos:search_wolfie.intent,chiedi a wolfram su lo {query}
it,ovos-skill-wolfie.openvoiceos:search_wolfie.intent,chiedi a wolfram su {query}
it,ovos-skill-wolfie.openvoiceos:search_wolfie.intent,chiedi a wolfram sugli {query}
it,ovos-skill-wolfie.openvoiceos:search_wolfie.intent,chiedi a wolfram sui {query}
it,ovos-skill-wolfie.openvoiceos:search_wolfie.intent,chiedi a wolfram sul {query}
it,ovos-skill-wolfie.openvoiceos:search_wolfie.intent,chiedi a wolfram sull' {query}
it,ovos-skill-wolfie.openvoiceos:search_wolfie.intent,chiedi a wolfram sulla {query}
it,ovos-skill-wolfie.openvoiceos:search_wolfie.intent,chiedi a wolfram sulle {query}
it,ovos-skill-wolfie.openvoiceos:search_wolfie.intent,chiedi a wolfram sullo {query}
it,ovos-skill-wolfie.openvoiceos:search_wolfie.intent,chiedi a wolfram alpha degli {query}
it,ovos-skill-wolfie.openvoiceos:search_wolfie.intent,chiedi a wolfram alpha dei {query}
it,ovos-skill-wolfie.openvoiceos:search_wolfie.intent,chiedi a wolfram alpha del {query}
it,ovos-skill-wolfie.openvoiceos:search_wolfie.intent,chiedi a wolfram alpha dell' {query}
it,ovos-skill-wolfie.openvoiceos:search_wolfie.intent,chiedi a wolfram alpha della {query}
it,ovos-skill-wolfie.openvoiceos:search_wolfie.intent,chiedi a wolfram alpha delle {query}
it,ovos-skill-wolfie.openvoiceos:search_wolfie.intent,chiedi a wolfram alpha dello {query}
it,ovos-skill-wolfie.openvoiceos:search_wolfie.intent,chiedi a wolfram alpha di {query}
it,ovos-skill-wolfie.openvoiceos:search_wolfie.intent,chiedi a wolfram alpha su gli {query}
it,ovos-skill-wolfie.openvoiceos:search_wolfie.intent,chiedi a wolfram alpha su i {query}
it,ovos-skill-wolfie.openvoiceos:search_wolfie.intent,chiedi a wolfram alpha su il {query}
it,ovos-skill-wolfie.openvoiceos:search_wolfie.intent,chiedi a wolfram alpha su l' {query}
it,ovos-skill-wolfie.openvoiceos:search_wolfie.intent,chiedi a wolfram alpha su la {query}
it,ovos-skill-wolfie.openvoiceos:search_wolfie.intent,chiedi a wolfram alpha su le {query}
it,ovos-skill-wolfie.openvoiceos:search_wolfie.intent,chiedi a wolfram alpha su lo {query}
it,ovos-skill-wolfie.openvoiceos:search_wolfie.intent,chiedi a wolfram alpha su {query}
it,ovos-skill-wolfie.openvoiceos:search_wolfie.intent,chiedi a wolfram alpha sugli {query}
it,ovos-skill-wolfie.openvoiceos:search_wolfie.intent,chiedi a wolfram alpha sui {query}
it,ovos-skill-wolfie.openvoiceos:search_wolfie.intent,chiedi a wolfram alpha sul {query}
it,ovos-skill-wolfie.openvoiceos:search_wolfie.intent,chiedi a wolfram alpha sull' {query}
it,ovos-skill-wolfie.openvoiceos:search_wolfie.intent,chiedi a wolfram alpha sulla {query}
it,ovos-skill-wolfie.openvoiceos:search_wolfie.intent,chiedi a wolfram alpha sulle {query}
it,ovos-skill-wolfie.openvoiceos:search_wolfie.intent,chiedi a wolfram alpha sullo {query}
it,ovos-skill-wolfie.openvoiceos:search_wolfie.intent,chiedi al lupo degli {query}
it,ovos-skill-wolfie.openvoiceos:search_wolfie.intent,chiedi al lupo dei {query}
it,ovos-skill-wolfie.openvoiceos:search_wolfie.intent,chiedi al lupo del {query}
it,ovos-skill-wolfie.openvoiceos:search_wolfie.intent,chiedi al lupo dell' {query}
it,ovos-skill-wolfie.openvoiceos:search_wolfie.intent,chiedi al lupo della {query}
it,ovos-skill-wolfie.openvoiceos:search_wolfie.intent,chiedi al lupo delle {query}
it,ovos-skill-wolfie.openvoiceos:search_wolfie.intent,chiedi al lupo dello {query}
it,ovos-skill-wolfie.openvoiceos:search_wolfie.intent,chiedi al lupo di {query}
it,ovos-skill-wolfie.openvoiceos:search_wolfie.intent,chiedi al lupo su gli {query}
it,ovos-skill-wolfie.openvoiceos:search_wolfie.intent,chiedi al lupo su i {query}
it,ovos-skill-wolfie.openvoiceos:search_wolfie.intent,chiedi al lupo su il {query}
it,ovos-skill-wolfie.openvoiceos:search_wolfie.intent,chiedi al lupo su l' {query}
it,ovos-skill-wolfie.openvoiceos:search_wolfie.intent,chiedi al lupo su la {query}
it,ovos-skill-wolfie.openvoiceos:search_wolfie.intent,chiedi al lupo su le {query}
it,ovos-skill-wolfie.openvoiceos:search_wolfie.intent,chiedi al lupo su lo {query}
it,ovos-skill-wolfie.openvoiceos:search_wolfie.intent,chiedi al lupo su {query}
it,ovos-skill-wolfie.openvoiceos:search_wolfie.intent,chiedi al lupo sugli {query}
it,ovos-skill-wolfie.openvoiceos:search_wolfie.intent,chiedi al lupo sui {query}
it,ovos-skill-wolfie.openvoiceos:search_wolfie.intent,chiedi al lupo sul {query}
it,ovos-skill-wolfie.openvoiceos:search_wolfie.intent,chiedi al lupo sull' {query}
it,ovos-skill-wolfie.openvoiceos:search_wolfie.intent,chiedi al lupo sulla {query}
it,ovos-skill-wolfie.openvoiceos:search_wolfie.intent,chiedi al lupo sulle {query}
it,ovos-skill-wolfie.openvoiceos:search_wolfie.intent,chiedi al lupo sullo {query}
it,ovos-skill-wordnet.openvoiceos:definition.intent,qual è la definizione di {query}
it,ovos-skill-wordnet.openvoiceos:definition.intent,che cosa è un {query}
it,ovos-skill-wordnet.openvoiceos:search_wordnet.intent,chiedere wordnet su {query}
it,ovos-skill-wordnet.openvoiceos:search_wordnet.intent,ricerca wordnet per {query}
it,ovos-skill-wordnet.openvoiceos:search_wordnet.intent,che cosa dice wordnet su {query}
it,ovos-skill-wordnet.openvoiceos:search_wordnet.intent,che cosa dice net su {query}
it,ovos-skill-wordnet.openvoiceos:search_wordnet.intent,chiedere parola net su {query}
it,ovos-skill-wordnet.openvoiceos:search_wordnet.intent,parola di ricerca net per {query}
it,ovos-skill-wordnet.openvoiceos:antonym.intent,quali sono gli antoni di {query}
it,ovos-skill-wordnet.openvoiceos:antonym.intent,qual è l'anonimo di {query}
it,ovos-skill-wordnet.openvoiceos:antonym.intent,che cosa è un antonym di {query}
it,ovos-skill-wordnet.openvoiceos:hypernym.intent,che cosa è un ipernimo di {query}
it,ovos-skill-wordnet.openvoiceos:hypernym.intent,qual è l'ipernimo di {query}
it,ovos-skill-wordnet.openvoiceos:hypernym.intent,quali sono gli ipernimi di {query}
it,ovos-skill-wordnet.openvoiceos:hyponym.intent,che cosa è un iponimo di {query}
it,ovos-skill-wordnet.openvoiceos:hyponym.intent,quali sono gli ionimi di {query}
it,ovos-skill-wordnet.openvoiceos:hyponym.intent,qual è l'iponimo di {query}
it,ovos-skill-wordnet.openvoiceos:holonym.intent,quali sono gli oloni di {query}
it,ovos-skill-wordnet.openvoiceos:holonym.intent,qual è l'omonimo di {query}
it,ovos-skill-wordnet.openvoiceos:holonym.intent,che cosa è un omonimo di {query}
it,ovos-skill-wordnet.openvoiceos:lemma.intent,quali sono i lemmi di {query}
it,ovos-skill-wordnet.openvoiceos:lemma.intent,che cosa è un lemma di {query}
it,ovos-skill-wordnet.openvoiceos:lemma.intent,che cosa è il lemma di {query}
da,ovos-skill-days-in-history.openvoiceos:today_in_history.intent,denne dag i historien
da,ovos-skill-days-in-history.openvoiceos:today_in_history.intent,denne dato i historien
da,ovos-skill-days-in-history.openvoiceos:today_in_history.intent,fortæl mig om skete den {date}
da,ovos-skill-days-in-history.openvoiceos:today_in_history.intent,fortæl mig om skete den {date} i historien
da,ovos-skill-days-in-history.openvoiceos:today_in_history.intent,fortæl mig om skete denne dag
da,ovos-skill-days-in-history.openvoiceos:today_in_history.intent,fortæl mig om skete denne dag i historien
da,ovos-skill-days-in-history.openvoiceos:today_in_history.intent,fortæl mig om skete denne dato
da,ovos-skill-days-in-history.openvoiceos:today_in_history.intent,fortæl mig om skete denne dato i historien
da,ovos-skill-days-in-history.openvoiceos:today_in_history.intent,fortæl mig om skete i dag
da,ovos-skill-days-in-history.openvoiceos:today_in_history.intent,fortæl mig om skete i dag i historien
da,ovos-skill-days-in-history.openvoiceos:today_in_history.intent,fortæl mig om historiske begivenheder skete den {date}
da,ovos-skill-days-in-history.openvoiceos:today_in_history.intent,fortæl mig om historiske begivenheder skete den {date} i historien
da,ovos-skill-days-in-history.openvoiceos:today_in_history.intent,fortæl mig om historiske begivenheder skete denne dag
da,ovos-skill-days-in-history.openvoiceos:today_in_history.intent,fortæl mig om historiske begivenheder skete denne dag i historien
da,ovos-skill-days-in-history.openvoiceos:today_in_history.intent,fortæl mig om historiske begivenheder skete denne dato
da,ovos-skill-days-in-history.openvoiceos:today_in_history.intent,fortæl mig om historiske begivenheder skete denne dato i historien
da,ovos-skill-days-in-history.openvoiceos:today_in_history.intent,fortæl mig om historiske begivenheder skete i dag
da,ovos-skill-days-in-history.openvoiceos:today_in_history.intent,fortæl mig om historiske begivenheder skete i dag i historien
da,ovos-skill-days-in-history.openvoiceos:today_in_history.intent,hvad skete den {date}
da,ovos-skill-days-in-history.openvoiceos:today_in_history.intent,hvad skete den {date} i historien
da,ovos-skill-days-in-history.openvoiceos:today_in_history.intent,hvad skete denne dag
da,ovos-skill-days-in-history.openvoiceos:today_in_history.intent,hvad skete denne dag i historien
da,ovos-skill-days-in-history.openvoiceos:today_in_history.intent,hvad skete denne dato
da,ovos-skill-days-in-history.openvoiceos:today_in_history.intent,hvad skete denne dato i historien
da,ovos-skill-days-in-history.openvoiceos:today_in_history.intent,hvad skete i dag
da,ovos-skill-days-in-history.openvoiceos:today_in_history.intent,hvad skete i dag i historien
da,ovos-skill-days-in-history.openvoiceos:today_in_history.intent,hvad historiske begivenheder skete den {date}
da,ovos-skill-days-in-history.openvoiceos:today_in_history.intent,hvad historiske begivenheder skete den {date} i historien
da,ovos-skill-days-in-history.openvoiceos:today_in_history.intent,hvad historiske begivenheder skete denne dag
da,ovos-skill-days-in-history.openvoiceos:today_in_history.intent,hvad historiske begivenheder skete denne dag i historien
da,ovos-skill-days-in-history.openvoiceos:today_in_history.intent,hvad historiske begivenheder skete denne dato
da,ovos-skill-days-in-history.openvoiceos:today_in_history.intent,hvad historiske begivenheder skete denne dato i historien
da,ovos-skill-days-in-history.openvoiceos:today_in_history.intent,hvad historiske begivenheder skete i dag
da,ovos-skill-days-in-history.openvoiceos:today_in_history.intent,hvad historiske begivenheder skete i dag i historien
da,ovos-skill-days-in-history.openvoiceos:today_in_history.intent,i dag i historien
da,ovos-skill-days-in-history.openvoiceos:deaths_in_history.intent,hvem døde i dag i historien
da,common_query:common_query,hvad er {query} ekspertiseområde
da,common_query:common_query,hvor mange børn har {query} har
da,common_query:common_query,hvad er {query} specialeemne
da,common_query:common_query,hvad er {query} fødselsdag
da,common_query:common_query,hvad er {query} fødselsdato
da,common_query:common_query,hvornår blev {query} født
da,common_query:common_query,hvornår er {query} fødselsdag
da,common_query:common_query,{query} dag for fødsel
da,common_query:common_query,{query} dato for fødsel
da,common_query:common_query,hvem er {query}
da,ovos-skill-ddg.openvoiceos:search_duck.intent,hvad siger duck duck go om {query}
da,ovos-skill-ddg.openvoiceos:search_duck.intent,hvad siger duck duck om {query}
da,ovos-skill-ddg.openvoiceos:search_duck.intent,spørg duck duck om {query}
da,ovos-skill-ddg.openvoiceos:search_duck.intent,søg duck duck efter {query}
da,ovos-skill-ddg.openvoiceos:search_duck.intent,søg duck duck go efter {query}
da,ovos-skill-ddg.openvoiceos:search_duck.intent,søg i duck duck efter {query}
da,common_query:common_query,hvor fik {query} hendes uddannelse
da,common_query:common_query,hvor fik {query} sin uddannelse
da,common_query:common_query,hvor studerede {query}
da,common_query:common_query,hvornår døde {query}
da,common_query:common_query,hvornår var {query} død
da,common_query:common_query,{query} dag for død
da,common_query:common_query,{query} dato for død
da,common_query:common_query,hvor er {query} hvilested
da,common_query:common_query,hvor ligger {query} begravet
da,common_query:common_query,hvad er {query} alma mater
da,common_query:common_query,hvor gammel var {query} den dag han døde
da,common_query:common_query,hvor gammel var {query} den dag hun døde
da,common_query:common_query,hvor gammel var {query} ved hans død
da,common_query:common_query,hvor gammel var {query} ​​da han døde
da,common_query:common_query,hvor gammel var {query} ​​da hun døde
da,common_query:common_query,hvad er {query} officielle hjemmeside
da,common_query:common_query,hvad er {query} berømt for
da,common_query:common_query,hvad er {query} kendt for
da,ovos-skill-wikihow.openvoiceos:wikihow.intent,forklar trin for trin {query}
da,ovos-skill-wikihow.openvoiceos:wikihow.intent,trin for trin {query}
da,ovos-skill-wikihow.openvoiceos:wikihow.intent,hvordan kan jeg {query}
da,ovos-skill-wikihow.openvoiceos:wikihow.intent,hvordan {query}
da,ovos-skill-wikihow.openvoiceos:wikihow.intent,hvordan {query} jeg
da,ovos-skill-wikihow.openvoiceos:wikihow.intent,trin for {query}
da,ovos-skill-wikihow.openvoiceos:wikihow.intent,hvad gør wiki how om {query}
da,ovos-skill-wikihow.openvoiceos:wikihow.intent,hvad gør wikihow om {query}
da,ovos-skill-wikihow.openvoiceos:wikihow.intent,hvad mener wiki how om {query}
da,ovos-skill-wikihow.openvoiceos:wikihow.intent,hvad mener wikihow om {query}
da,ovos-skill-wikihow.openvoiceos:wikihow.intent,hvad siger wiki how om {query}
da,ovos-skill-wikihow.openvoiceos:wikihow.intent,hvad siger wikihow om {query}
da,ovos-skill-wikihow.openvoiceos:wikihow.intent,hvad synes wiki how om {query}
da,ovos-skill-wikihow.openvoiceos:wikihow.intent,hvad synes wikihow om {query}
da,ovos-skill-wikihow.openvoiceos:wikihow.intent,søg wiki how {query}
da,ovos-skill-wikihow.openvoiceos:wikihow.intent,søg wiki how efter {query}
da,ovos-skill-wikihow.openvoiceos:wikihow.intent,søg wiki how for {query}
da,ovos-skill-wikihow.openvoiceos:wikihow.intent,søg wikihow {query}
da,ovos-skill-wikihow.openvoiceos:wikihow.intent,søg wikihow efter {query}
da,ovos-skill-wikihow.openvoiceos:wikihow.intent,søg wikihow for {query}
da,ovos-skill-wikipedia.openvoiceos:wiki.intent,hvad siger wiki om {query}
da,ovos-skill-wikipedia.openvoiceos:wiki.intent,hvad siger wikipedia om {query}
da,ovos-skill-wikipedia.openvoiceos:wiki.intent,søg wiki for {query}
da,ovos-skill-wikipedia.openvoiceos:wiki.intent,søg wikipedia for {query}
da,ovos-skill-wikipedia.openvoiceos:wiki.intent,tjek wiki for {query}
da,ovos-skill-wikipedia.openvoiceos:wiki.intent,tjek wikipedia for {query}
da,ovos-skill-wikipedia.openvoiceos:wiki.intent,wiki {query}
da,ovos-skill-wikipedia.openvoiceos:wiki.intent,wikipedia {query}
da,ovos-skill-wikipedia.openvoiceos:wikiroulette.intent,spil wiki roulette
da,ovos-skill-wikipedia.openvoiceos:wikiroulette.intent,spil wikipedia roulette
da,ovos-skill-wikipedia.openvoiceos:wikiroulette.intent,tilfældig wiki
da,ovos-skill-wikipedia.openvoiceos:wikiroulette.intent,tilfældig wiki side
da,ovos-skill-wikipedia.openvoiceos:wikiroulette.intent,tilfældig wikipedia
da,ovos-skill-wikipedia.openvoiceos:wikiroulette.intent,tilfældig wikipedia side
da,ovos-skill-wikipedia.openvoiceos:wikiroulette.intent,vis tilfældig wiki
da,ovos-skill-wikipedia.openvoiceos:wikiroulette.intent,vis tilfældig wikipedia
da,ovos-skill-wikipedia.openvoiceos:wikiroulette.intent,wiki roulette
da,ovos-skill-wikipedia.openvoiceos:wikiroulette.intent,wikipedia roulette
da,ovos-skill-wikipedia.openvoiceos:wikiroulette.intent,åben tilfældig wiki
da,ovos-skill-wikipedia.openvoiceos:wikiroulette.intent,åben tilfældig wikipedia
da,ovos-skill-wolfie.openvoiceos:search_wolfie.intent,hvad siger ulven om {query}
da,ovos-skill-wolfie.openvoiceos:search_wolfie.intent,hvad siger wolfram alpha om {query}
da,ovos-skill-wolfie.openvoiceos:search_wolfie.intent,hvad siger wolfram om {query}
da,ovos-skill-wolfie.openvoiceos:search_wolfie.intent,spørg ulven {query}
da,ovos-skill-wolfie.openvoiceos:search_wolfie.intent,spørg wolfram alpha om {query}
da,ovos-skill-wolfie.openvoiceos:search_wolfie.intent,spørg wolframen om {query}
da,ovos-skill-wolfie.openvoiceos:search_wolfie.intent,søg i ulven efter {query}
da,ovos-skill-wolfie.openvoiceos:search_wolfie.intent,søg i wolfram alpha efter {query}
da,ovos-skill-wolfie.openvoiceos:search_wolfie.intent,søg i wolfram efter {query}
da,ovos-skill-wordnet.openvoiceos:definition.intent,hvad er definitionen af ​​{query}
da,ovos-skill-wordnet.openvoiceos:definition.intent,hvad er en {forespørgsel}
da,ovos-skill-wordnet.openvoiceos:search_wordnet.intent,hvad siger word net om {query}
da,ovos-skill-wordnet.openvoiceos:search_wordnet.intent,hvad siger wordnet om {query}
da,ovos-skill-wordnet.openvoiceos:search_wordnet.intent,spørg word net om {query}
da,ovos-skill-wordnet.openvoiceos:search_wordnet.intent,spørg wordnet om {query}
da,ovos-skill-wordnet.openvoiceos:search_wordnet.intent,søg i wordnet efter {query}
da,ovos-skill-wordnet.openvoiceos:search_wordnet.intent,søgeord net for {query}
da,ovos-skill-wordnet.openvoiceos:antonym.intent,hvad er antonymerne til {query}
da,ovos-skill-wordnet.openvoiceos:antonym.intent,hvad er antonymet til {query}
da,ovos-skill-wordnet.openvoiceos:antonym.intent,hvad er et antonym til {query}
da,ovos-skill-wordnet.openvoiceos:hypernym.intent,hvad er et hypernym af {query}
da,ovos-skill-wordnet.openvoiceos:hypernym.intent,hvad er hypernym af {forespørgsel}
da,ovos-skill-wordnet.openvoiceos:hypernym.intent,hvad er hypernymerne for {query}
da,ovos-skill-wordnet.openvoiceos:hyponym.intent,hvad er et hyponym af {query}
da,ovos-skill-wordnet.openvoiceos:hyponym.intent,hvad er hyponymer af {query}
da,ovos-skill-wordnet.openvoiceos:hyponym.intent,hvad er hyponymet for {forespørgsel}
da,ovos-skill-wordnet.openvoiceos:holonym.intent,hvad er et holonym til {query}
da,ovos-skill-wordnet.openvoiceos:holonym.intent,hvad er holonymerne for {query}
da,ovos-skill-wordnet.openvoiceos:holonym.intent,hvad er holonymet til {query}
da,ovos-skill-wordnet.openvoiceos:lemma.intent,hvad er et lemma for {query}
da,ovos-skill-wordnet.openvoiceos:lemma.intent,hvad er lemmaerne i {query}
da,ovos-skill-wordnet.openvoiceos:lemma.intent,hvad er lemmaet for {query}
